time,open,high,low,close,volume,value,foreign_buy_vol,foreign_sell_vol,foreign_buy_val,foreign_sell_val,foreign_room,foreign_ownership_pct,foreign_buy_value_bn,foreign_sell_value_bn
2011-02-10,0.0,,,,0,,,,,,,,,
2011-02-11,0.0,0.0,0.0,0.0,0,0.0,,,,,,,,
2011-02-14,0.0,0.0,0.0,0.0,0,0.0,,,,,,,,
2011-02-15,0.0,0.0,0.0,0.0,0,0.0,,,,,,,,
2011-02-16,0.0,0.0,0.0,0.0,0,0.0,,,,,,,,
2011-02-17,0.0,0.0,0.0,0.0,0,0.0,,,,,,,,
2011-02-18,0.0,0.0,0.0,0.0,0,0.0,,,,,,,,
2011-02-21,0.0,0.0,0.0,0.0,0,0.0,,,,,,,,
2011-02-22,0.0,0.0,0.0,0.0,0,0.0,,,,,,,,
2011-02-23,0.0,0.0,0.0,0.0,0,0.0,,,,,,,,
2011-02-24,0.0,0.0,0.0,0.0,0,0.0,,,,,,,,
2011-02-25,0.0,0.0,0.0,0.0,0,0.0,,,,,,,,
2011-02-28,0.0,0.0,0.0,0.0,0,0.0,,,,,,,,
2011-03-01,0.0,0.0,0.0,0.0,0,0.0,,,,,,,,
2011-03-02,0.0,0.0,0.0,0.0,0,0.0,,,,,,,,
2011-03-03,0.0,0.0,0.0,0.0,0,0.0,,,,,,,,
2011-03-04,0.0,0.0,0.0,0.0,0,0.0,,,,,,,,
2011-03-07,0.0,0.0,0.0,0.0,0,0.0,,,,,,,,
2011-03-08,0.0,0.0,0.0,0.0,0,0.0,,,,,,,,
2011-03-09,0.0,0.0,0.0,0.0,0,0.0,,,,,,,,
2011-03-10,0.0,0.0,0.0,0.0,0,0.0,,,,,,,,
2011-03-11,0.0,0.0,0.0,0.0,0,0.0,,,,,,,,
2011-03-14,0.0,0.0,0.0,0.0,0,0.0,,,,,,,,
2011-03-15,0.0,0.0,0.0,0.0,0,0.0,,,,,,,,
2011-03-16,0.0,0.0,0.0,0.0,0,0.0,,,,,,,,
2011-03-17,0.0,0.0,0.0,0.0,0,0.0,,,,,,,,
2011-03-18,0.0,0.0,0.0,0.0,0,0.0,,,,,,,,
2011-03-21,0.0,0.0,0.0,0.0,0,0.0,,,,,,,,
2011-03-22,0.0,0.0,0.0,0.0,0,0.0,,,,,,,,
2011-03-23,0.0,0.0,0.0,0.0,0,0.0,,,,,,,,
2011-03-24,0.0,0.0,0.0,0.0,0,0.0,,,,,,,,
2011-03-25,0.0,0.0,0.0,0.0,0,0.0,,,,,,,,
2011-03-28,0.0,0.0,0.0,0.0,0,0.0,,,,,,,,
2011-03-29,0.0,0.0,0.0,0.0,0,0.0,,,,,,,,
2011-03-30,0.0,0.0,0.0,0.0,0,0.0,,,,,,,,
2011-03-31,0.0,0.0,0.0,0.0,0,0.0,,,,,,,,
2011-04-01,0.0,0.0,0.0,0.0,0,0.0,,,,,,,,
2011-04-04,4.74,0.0,0.0,0.0,0,0.0,,,,,,,,
2011-04-05,4.74,0.0,0.0,0.0,0,0.0,,,,,,,,
2011-04-06,4.74,0.0,0.0,0.0,0,0.0,,,,,,,,
2011-04-07,4.74,0.0,0.0,0.0,0,0.0,,,,,,,,
2011-04-08,4.74,0.0,0.0,0.0,0,0.0,,,,,,,,
2011-04-13,4.74,0.0,0.0,0.0,0,0.0,,,,,,,,
2011-04-14,4.74,0.0,0.0,0.0,0,0.0,,,,,,,,
2011-04-15,4.74,0.0,0.0,0.0,0,0.0,,,,,,,,
2011-04-18,4.74,0.0,0.0,0.0,0,0.0,,,,,,,,
2011-04-19,4.74,0.0,0.0,0.0,0,0.0,,,,,,,,
2011-04-20,4.74,0.0,0.0,0.0,0,0.0,,,,,,,,
2011-04-21,4.74,0.0,0.0,0.0,0,0.0,,,,,,,,
2011-04-22,4.74,0.0,0.0,0.0,0,0.0,,,,,,,,
2011-04-25,4.74,0.0,0.0,0.0,0,0.0,,,,,,,,
2011-04-26,4.74,0.0,0.0,0.0,0,0.0,,,,,,,,
2011-04-27,4.74,0.0,0.0,0.0,0,0.0,,,,,,,,
2011-04-28,4.74,0.0,0.0,0.0,0,0.0,,,,,,,,
2011-04-29,4.74,0.0,0.0,0.0,0,0.0,,,,,,,,
2011-05-04,4.74,0.0,0.0,0.0,0,0.0,,,,,,,,
2011-05-05,4.74,0.0,0.0,0.0,0,0.0,,,,,,,,
2011-05-06,4.74,0.0,0.0,0.0,0,0.0,,,,,,,,
2011-05-09,4.74,0.0,0.0,0.0,0,0.0,,,,,,,,
2011-05-10,4.74,0.0,0.0,0.0,0,0.0,,,,,,,,
2011-05-11,4.74,0.0,0.0,0.0,0,0.0,,,,,,,,
2011-05-12,4.74,0.0,0.0,0.0,0,0.0,,,,,,,,
2011-05-13,4.74,0.0,0.0,0.0,0,0.0,,,,,,,,
2011-05-16,4.74,0.0,0.0,0.0,0,0.0,,,,,,,,
2011-05-17,4.74,0.0,0.0,0.0,0,0.0,,,,,,,,
2011-05-18,4.74,0.0,0.0,0.0,0,0.0,,,,,,,,
2011-05-19,4.74,0.0,0.0,0.0,0,0.0,,,,,,,,
2011-05-20,4.74,0.0,0.0,0.0,0,0.0,,,,,,,,
2011-05-23,4.74,0.0,0.0,0.0,0,0.0,,,,,,,,
2011-05-24,3.79,3.79,3.79,3.79,2900,10991.0,,,,,,,,
2011-05-25,3.79,3.79,3.79,3.79,0,0.0,,,,,,,,
2011-05-26,3.79,3.79,3.79,3.79,0,0.0,,,,,,,,
2011-05-27,3.79,3.79,3.79,3.79,0,0.0,,,,,,,,
2011-05-30,3.79,3.79,3.79,3.79,0,0.0,,,,,,,,
2011-05-31,3.79,3.79,3.79,3.79,0,0.0,,,,,,,,
2011-06-01,3.79,3.79,3.79,3.79,0,0.0,,,,,,,,
2011-06-02,3.79,3.79,3.79,3.79,0,0.0,,,,,,,,
2011-06-03,3.79,3.79,3.79,3.79,0,0.0,,,,,,,,
2011-06-06,3.79,3.79,3.79,3.79,0,0.0,,,,,,,,
2011-06-07,3.79,3.79,3.79,3.79,0,0.0,,,,,,,,
2011-06-08,3.79,3.79,3.79,3.79,0,0.0,,,,,,,,
2011-06-09,3.79,3.79,3.79,3.79,0,0.0,,,,,,,,
2011-06-10,3.79,3.79,3.79,3.79,0,0.0,,,,,,,,
2011-06-13,3.79,3.79,3.79,3.79,0,0.0,,,,,,,,
2011-06-14,3.79,3.79,3.79,3.79,0,0.0,,,,,,,,
2011-06-15,3.79,3.79,3.79,3.79,0,0.0,,,,,,,,
2011-06-16,3.79,3.79,3.79,3.79,0,0.0,,,,,,,,
2011-06-17,3.79,3.79,3.79,3.79,0,0.0,,,,,,,,
2011-06-20,3.79,3.79,3.79,3.79,0,0.0,,,,,,,,
2011-06-21,3.79,3.79,3.79,3.79,0,0.0,,,,,,,,
2011-06-22,3.79,3.79,3.79,3.79,0,0.0,,,,,,,,
2011-06-23,3.79,3.79,3.79,3.79,0,0.0,,,,,,,,
2011-06-24,3.79,3.79,3.79,3.79,0,0.0,,,,,,,,
2011-06-27,3.79,3.79,3.79,3.79,0,0.0,,,,,,,,
2011-06-28,3.79,3.79,3.79,3.79,0,0.0,,,,,,,,
2011-06-29,3.79,3.79,3.79,3.79,0,0.0,,,,,,,,
2011-06-30,3.79,3.79,3.79,3.79,0,0.0,,,,,,,,
2011-07-01,3.79,3.79,3.79,3.79,0,0.0,,,,,,,,
2011-07-04,3.79,3.79,3.79,3.79,0,0.0,,,,,,,,
2011-07-05,3.79,3.79,3.79,3.79,0,0.0,,,,,,,,
2011-07-06,3.79,3.79,3.79,3.79,0,0.0,,,,,,,,
2011-07-07,3.79,3.79,3.79,3.79,0,0.0,,,,,,,,
2011-07-08,3.79,3.79,3.79,3.79,0,0.0,,,,,,,,
2011-07-11,3.79,3.79,3.79,3.79,0,0.0,,,,,,,,
2011-07-12,3.79,3.79,3.79,3.79,0,0.0,,,,,,,,
2011-07-13,3.79,3.79,3.79,3.79,0,0.0,,,,,,,,
2011-07-14,3.79,3.79,3.79,3.79,0,0.0,,,,,,,,
2011-07-15,3.79,3.79,3.79,3.79,0,0.0,,,,,,,,
2011-07-18,3.79,3.79,3.79,3.79,0,0.0,,,,,,,,
2011-07-19,3.79,3.79,3.79,3.79,0,0.0,,,,,,,,
2011-07-20,3.79,3.79,3.79,3.79,0,0.0,,,,,,,,
2011-07-21,3.79,3.79,3.79,3.79,0,0.0,,,,,,,,
2011-07-22,3.79,3.79,3.79,3.79,0,0.0,,,,,,,,
2011-07-25,3.79,3.79,3.79,3.79,0,0.0,,,,,,,,
2011-07-26,3.79,3.79,3.79,3.79,0,0.0,,,,,,,,
2011-07-27,3.79,3.79,3.79,3.79,0,0.0,,,,,,,,
2011-07-28,3.79,3.79,3.79,3.79,0,0.0,,,,,,,,
2011-07-29,3.79,3.79,3.79,3.79,0,0.0,,,,,,,,
2011-08-01,3.79,3.79,3.79,3.79,0,0.0,,,,,,,,
2011-08-02,3.79,3.79,3.79,3.79,0,0.0,,,,,,,,
2011-08-03,3.79,3.79,3.79,3.79,0,0.0,,,,,,,,
2011-08-04,3.79,3.79,3.79,3.79,0,0.0,,,,,,,,
2011-08-05,3.79,3.79,3.79,3.79,0,0.0,,,,,,,,
2011-08-08,3.03,3.79,3.79,3.79,0,0.0,,,,,,,,
2011-08-09,3.03,3.79,3.79,3.79,0,0.0,,,,,,,,
2011-08-10,3.03,3.79,3.79,3.79,0,0.0,,,,,,,,
2011-08-11,3.03,3.79,3.79,3.79,0,0.0,,,,,,,,
2011-08-12,3.03,3.03,3.03,3.03,3500,10605.0,,,,,,,,
2011-08-15,3.03,3.03,3.03,3.03,0,0.0,,,,,,,,
2011-08-16,3.03,3.03,3.03,3.03,0,0.0,,,,,,,,
2011-08-17,3.03,3.03,3.03,3.03,0,0.0,,,,,,,,
2011-08-18,3.03,3.03,3.03,3.03,0,0.0,,,,,,,,
2011-08-19,3.03,3.03,3.03,3.03,0,0.0,,,,,,,,
2011-08-22,3.03,3.03,3.03,3.03,0,0.0,,,,,,,,
2011-08-23,3.03,3.03,3.03,3.03,0,0.0,,,,,,,,
2011-08-24,3.03,3.03,3.03,3.03,0,0.0,,,,,,,,
2011-08-25,3.03,3.03,3.03,3.03,0,0.0,,,,,,,,
2011-08-26,3.03,3.03,3.03,3.03,0,0.0,,,,,,,,
2011-08-29,3.03,3.03,3.03,3.03,0,0.0,,,,,,,,
2011-08-30,3.03,3.03,3.03,3.03,0,0.0,,,,,,,,
2011-08-31,3.03,3.03,3.03,3.03,0,0.0,,,,,,,,
2011-09-01,3.03,3.03,3.03,3.03,0,0.0,,,,,,,,
2011-09-05,3.03,3.03,3.03,3.03,0,0.0,,,,,,,,
2011-09-06,3.03,3.03,3.03,3.03,0,0.0,,,,,,,,
2011-09-07,3.03,3.03,3.03,3.03,0,0.0,,,,,,,,
2011-09-08,3.03,3.03,3.03,3.03,0,0.0,,,,,,,,
2011-09-09,3.03,3.03,3.03,3.03,0,0.0,,,,,,,,
2011-09-12,3.03,3.03,3.03,3.03,0,0.0,,,,,,,,
2011-09-13,3.03,3.03,3.03,3.03,0,0.0,,,,,,,,
2011-09-14,3.03,3.03,3.03,3.03,0,0.0,,,,,,,,
2011-09-15,3.03,3.03,3.03,3.03,0,0.0,,,,,,,,
2011-09-16,3.03,3.03,3.03,3.03,0,0.0,,,,,,,,
2011-09-19,3.03,3.03,3.03,3.03,0,0.0,,,,,,,,
2011-09-20,3.03,3.03,3.03,3.03,0,0.0,,,,,,,,
2011-09-21,3.03,3.03,3.03,3.03,0,0.0,,,,,,,,
2011-09-22,3.03,3.03,3.03,3.03,0,0.0,,,,,,,,
2011-09-23,3.03,3.03,3.03,3.03,0,0.0,,,,,,,,
2011-09-26,3.03,3.03,3.03,3.03,0,0.0,,,,,,,,
2011-09-27,3.03,3.03,3.03,3.03,0,0.0,,,,,,,,
2011-09-28,3.03,3.03,3.03,3.03,0,0.0,,,,,,,,
2011-09-29,3.03,3.03,3.03,3.03,0,0.0,,,,,,,,
2011-09-30,3.03,3.03,3.03,3.03,0,0.0,,,,,,,,
2011-10-03,3.03,3.03,3.03,3.03,0,0.0,,,,,,,,
2011-10-04,3.03,3.03,3.03,3.03,0,0.0,,,,,,,,
2011-10-05,3.03,3.03,3.03,3.03,0,0.0,,,,,,,,
2011-10-06,3.03,3.03,3.03,3.03,0,0.0,,,,,,,,
2011-10-07,3.03,3.03,3.03,3.03,0,0.0,,,,,,,,
2011-10-10,3.03,3.03,3.03,3.03,0,0.0,,,,,,,,
2011-10-11,3.03,3.03,3.03,3.03,0,0.0,,,,,,,,
2011-10-12,3.03,3.03,3.03,3.03,0,0.0,,,,,,,,
2011-10-13,3.03,3.03,3.03,3.03,0,0.0,,,,,,,,
2011-10-14,3.03,3.03,3.03,3.03,0,0.0,,,,,,,,
2011-10-17,3.03,3.03,3.03,3.03,0,0.0,,,,,,,,
2011-10-18,3.03,3.03,3.03,3.03,0,0.0,,,,,,,,
2011-10-19,3.03,3.03,3.03,3.03,0,0.0,,,,,,,,
2011-10-20,3.03,3.03,3.03,3.03,0,0.0,,,,,,,,
2011-10-21,3.03,3.03,3.03,3.03,0,0.0,,,,,,,,
2011-10-24,3.03,3.03,3.03,3.03,0,0.0,,,,,,,,
2011-10-25,3.03,3.03,3.03,3.03,0,0.0,,,,,,,,
2011-10-26,3.03,3.03,3.03,3.03,0,0.0,,,,,,,,
2011-10-27,3.03,3.03,3.03,3.03,0,0.0,,,,,,,,
2011-10-28,3.03,3.03,3.03,3.03,0,0.0,,,,,,,,
2011-10-31,3.03,3.03,3.03,3.03,0,0.0,,,,,,,,
2011-11-01,3.03,3.03,3.03,3.03,0,0.0,,,,,,,,
2011-11-02,3.03,3.03,3.03,3.03,0,0.0,,,,,,,,
2011-11-03,3.03,3.03,3.03,3.03,0,0.0,,,,,,,,
2011-11-04,3.03,3.03,3.03,3.03,0,0.0,,,,,,,,
2011-11-07,3.03,3.03,3.03,3.03,0,0.0,,,,,,,,
2011-11-08,3.03,3.03,3.03,3.03,0,0.0,,,,,,,,
2011-11-09,3.03,3.03,3.03,3.03,0,0.0,,,,,,,,
2011-11-10,3.03,3.03,3.03,3.03,0,0.0,,,,,,,,
2011-11-11,3.03,3.03,3.03,3.03,0,0.0,,,,,,,,
2011-11-14,3.03,3.03,3.03,3.03,0,0.0,,,,,,,,
2011-11-15,3.03,3.03,3.03,3.03,0,0.0,,,,,,,,
2011-11-16,3.03,3.03,3.03,3.03,0,0.0,,,,,,,,
2011-11-17,3.03,3.03,3.03,3.03,0,0.0,,,,,,,,
2011-11-18,2.99,2.99,2.99,2.99,1000,2990.0,,,,,,,,
2011-11-21,2.99,2.99,2.99,2.99,0,0.0,,,,,,,,
2011-11-22,2.99,2.99,2.99,2.99,0,0.0,,,,,,,,
2011-11-23,2.99,2.99,2.99,2.99,0,0.0,,,,,,,,
2011-11-24,2.99,2.99,2.99,2.99,0,0.0,,,,,,,,
2011-11-25,2.99,2.99,2.99,2.99,0,0.0,,,,,,,,
2011-11-28,2.99,2.99,2.99,2.99,0,0.0,,,,,,,,
2011-11-29,2.99,2.99,2.99,2.99,0,0.0,,,,,,,,
2011-11-30,2.99,2.99,2.99,2.99,0,0.0,,,,,,,,
2011-12-01,2.99,2.99,2.99,2.99,0,0.0,,,,,,,,
2011-12-02,2.99,2.99,2.99,2.99,0,0.0,,,,,,,,
2011-12-05,2.84,2.84,2.84,2.84,1600,4544.0,,,,,,,,
2011-12-06,2.84,2.84,2.84,2.84,0,0.0,,,,,,,,
2011-12-07,2.84,2.84,2.84,2.84,0,0.0,,,,,,,,
2011-12-08,2.84,2.84,2.84,2.84,0,0.0,,,,,,,,
2011-12-09,2.84,2.84,2.84,2.84,0,0.0,,,,,,,,
2011-12-12,2.84,2.84,2.84,2.84,0,0.0,,,,,,,,
2011-12-13,2.84,2.84,2.84,2.84,0,0.0,,,,,,,,
2011-12-14,2.84,2.84,2.84,2.84,0,0.0,,,,,,,,
2011-12-15,2.84,2.84,2.84,2.84,0,0.0,,,,,,,,
2011-12-16,2.84,2.84,2.84,2.84,0,0.0,,,,,,,,
2011-12-19,2.84,2.84,2.84,2.84,0,0.0,,,,,,,,
2011-12-20,2.84,2.84,2.84,2.84,0,0.0,,,,,,,,
2011-12-21,2.84,2.84,2.84,2.84,0,0.0,,,,,,,,
2011-12-22,2.84,2.84,2.84,2.84,0,0.0,,,,,,,,
2011-12-23,2.84,2.84,2.84,2.84,0,0.0,,,,,,,,
2011-12-26,2.84,2.84,2.84,2.84,0,0.0,,,,,,,,
2011-12-27,2.84,2.84,2.84,2.84,0,0.0,,,,,,,,
2011-12-28,2.84,2.84,2.84,2.84,0,0.0,,,,,,,,
2011-12-29,2.84,2.84,2.84,2.84,0,0.0,,,,,,,,
2011-12-30,2.84,2.84,2.84,2.84,0,0.0,,,,,,,,
2012-01-03,2.84,2.84,2.84,2.84,0,0.0,,,,,,,,
2012-01-04,2.84,2.84,2.84,2.84,0,0.0,,,,,,,,
2012-01-05,2.84,2.84,2.84,2.84,0,0.0,,,,,,,,
2012-01-06,2.84,2.84,2.84,2.84,0,0.0,,,,,,,,
2012-01-09,2.84,2.84,2.84,2.84,0,0.0,,,,,,,,
2012-01-10,2.84,2.84,2.84,2.84,0,0.0,,,,,,,,
2012-01-11,2.84,2.84,2.84,2.84,0,0.0,,,,,,,,
2012-01-12,2.84,2.84,2.84,2.84,0,0.0,,,,,,,,
2012-01-16,2.84,2.84,2.84,2.84,0,0.0,,,,,,,,
2012-01-17,2.84,2.84,2.84,2.84,0,0.0,,,,,,,,
2012-01-18,2.84,2.84,2.84,2.84,0,0.0,,,,,,,,
2012-01-19,2.84,2.84,2.84,2.84,0,0.0,,,,,,,,
2012-01-20,2.84,2.84,2.84,2.84,0,0.0,,,,,,,,
2012-01-30,2.84,2.84,2.84,2.84,0,0.0,,,,,,,,
2012-01-31,2.84,2.84,2.84,2.84,0,0.0,,,,,,,,
2012-02-01,2.84,2.84,2.84,2.84,0,0.0,,,,,,,,
2012-02-02,2.84,2.84,2.84,2.84,0,0.0,,,,,,,,
2012-02-03,2.84,2.84,2.84,2.84,0,0.0,,,,,,,,
2012-02-06,2.84,2.84,2.84,2.84,0,0.0,,,,,,,,
2012-02-07,2.84,2.84,2.84,2.84,0,0.0,,,,,,,,
2012-02-08,2.84,2.84,2.84,2.84,0,0.0,,,,,,,,
2012-02-09,2.84,2.84,2.84,2.84,0,0.0,,,,,,,,
2012-02-10,2.84,2.84,2.84,2.84,0,0.0,,,,,,,,
2012-02-13,2.84,2.84,2.84,2.84,0,0.0,,,,,,,,
2012-02-14,2.84,2.84,2.84,2.84,0,0.0,,,,,,,,
2012-02-15,2.84,2.84,2.84,2.84,0,0.0,,,,,,,,
2012-02-16,2.84,2.84,2.84,2.84,0,0.0,,,,,,,,
2012-02-17,2.84,2.84,2.84,2.84,0,0.0,,,,,,,,
2012-02-20,2.84,2.84,2.84,2.84,0,0.0,,,,,,,,
2012-02-21,2.84,2.84,2.84,2.84,0,0.0,,,,,,,,
2012-02-22,2.84,2.84,2.84,2.84,0,0.0,,,,,,,,
2012-02-23,2.84,2.84,2.84,2.84,0,0.0,,,,,,,,
2012-02-24,2.84,2.84,2.84,2.84,0,0.0,,,,,,,,
2012-02-27,2.84,2.84,2.84,2.84,0,0.0,,,,,,,,
2012-02-28,3.11,3.11,3.11,3.11,1000,3110.0,,,,,,,,
2012-02-29,3.11,3.11,3.11,3.11,0,0.0,,,,,,,,
2012-03-01,3.11,3.11,3.11,3.11,0,0.0,,,,,,,,
2012-03-02,3.11,3.11,3.11,3.11,1500,4665.0,,,,,,,,
2012-03-05,3.11,3.11,3.11,3.11,0,0.0,,,,,,,,
2012-03-06,3.11,3.11,3.11,3.11,0,0.0,,,,,,,,
2012-03-07,3.11,3.11,3.11,3.11,0,0.0,,,,,,,,
2012-03-08,3.11,3.11,3.11,3.11,0,0.0,,,,,,,,
2012-03-09,3.11,3.11,3.11,3.11,0,0.0,,,,,,,,
2012-03-12,3.11,3.11,3.11,3.11,0,0.0,,,,,,,,
2012-03-13,3.11,3.11,3.11,3.11,0,0.0,,,,,,,,
2012-03-14,3.11,3.11,3.11,3.11,0,0.0,,,,,,,,
2012-03-15,3.11,3.11,3.11,3.11,0,0.0,,,,,,,,
2012-03-16,3.11,3.11,3.11,3.11,0,0.0,,,,,,,,
2012-03-19,3.11,3.11,3.11,3.11,0,0.0,,,,,,,,
2012-03-20,3.11,3.11,3.11,3.11,0,0.0,,,,,,,,
2012-03-21,3.11,3.11,3.11,3.11,0,0.0,,,,,,,,
2012-03-22,3.11,3.11,3.11,3.11,2500,7775.0,,,,,,,,
2012-03-23,3.11,3.11,3.11,3.11,0,0.0,,,,,,,,
2012-03-26,3.11,3.11,3.11,3.11,0,0.0,,,,,,,,
2012-03-27,3.11,3.11,3.11,3.11,0,0.0,,,,,,,,
2012-03-28,3.11,3.11,3.11,3.11,0,0.0,,,,,,,,
2012-03-29,3.11,3.11,3.11,3.11,0,0.0,,,,,,,,
2012-03-30,3.11,3.11,3.11,3.11,0,0.0,,,,,,,,
2012-04-03,3.11,3.11,3.11,3.11,0,0.0,,,,,,,,
2012-04-04,3.11,3.11,3.11,3.11,0,0.0,,,,,,,,
2012-04-05,3.11,3.11,3.11,3.11,0,0.0,,,,,,,,
2012-04-06,3.11,3.11,3.11,3.11,0,0.0,,,,,,,,
2012-04-09,3.11,3.11,3.11,3.11,0,0.0,,,,,,,,
2012-04-10,3.11,3.11,3.11,3.11,0,0.0,,,,,,,,
2012-04-11,3.11,3.11,3.11,3.11,0,0.0,,,,,,,,
2012-04-12,3.11,3.11,3.11,3.11,0,0.0,,,,,,,,
2012-04-13,3.11,3.11,3.11,3.11,0,0.0,,,,,,,,
2012-04-16,3.11,3.11,3.11,3.11,0,0.0,,,,,,,,
2012-04-17,3.11,3.11,3.11,3.11,0,0.0,,,,,,,,
2012-04-18,3.11,3.11,3.11,3.11,0,0.0,,,,,,,,
2012-04-19,3.11,3.11,3.11,3.11,0,0.0,,,,,,,,
2012-04-20,3.11,3.11,3.11,3.11,0,0.0,,,,,,,,
2012-04-23,3.11,3.11,3.11,3.11,0,0.0,,,,,,,,
2012-04-24,3.11,3.11,3.11,3.11,0,0.0,,,,,,,,
2012-04-25,3.11,3.11,3.11,3.11,0,0.0,,,,,,,,
2012-04-26,3.11,3.11,3.11,3.11,0,0.0,,,,,,,,
2012-04-27,3.11,3.11,3.11,3.11,0,0.0,,,,,,,,
2012-05-02,3.11,3.11,3.11,3.11,0,0.0,,,,,,,,
2012-05-03,3.11,3.11,3.11,3.11,0,0.0,,,,,,,,
2012-05-04,3.11,3.11,3.11,3.11,0,0.0,,,,,,,,
2012-05-07,3.11,3.11,3.11,3.11,0,0.0,,,,,,,,
2012-05-08,3.11,3.11,3.11,3.11,0,0.0,,,,,,,,
2012-05-09,3.11,3.11,3.11,3.11,0,0.0,,,,,,,,
2012-05-10,3.11,3.11,3.11,3.11,0,0.0,,,,,,,,
2012-05-11,3.11,3.11,3.11,3.11,0,0.0,,,,,,,,
2012-05-14,3.11,3.11,3.11,3.11,0,0.0,,,,,,,,
2012-05-15,3.11,3.11,3.11,3.11,0,0.0,,,,,,,,
2012-05-16,3.11,3.11,3.11,3.11,0,0.0,,,,,,,,
2012-05-17,3.11,3.11,3.11,3.11,0,0.0,,,,,,,,
2012-05-18,2.54,3.11,3.11,3.11,0,0.0,,,,,,,,
2012-05-21,2.54,3.11,3.11,3.11,0,0.0,,,,,,,,
2012-05-22,2.54,3.11,3.11,3.11,0,0.0,,,,,,,,
2012-05-23,2.54,3.11,3.11,3.11,0,0.0,,,,,,,,
2012-05-24,2.54,3.11,3.11,3.11,0,0.0,,,,,,,,
2012-05-25,2.54,3.11,3.11,3.11,0,0.0,,,,,,,,
2012-05-28,2.54,3.11,3.11,3.11,0,0.0,,,,,,,,
2012-05-29,2.54,3.11,3.11,3.11,0,0.0,,,,,,,,
2012-05-30,2.54,3.11,3.11,3.11,0,0.0,,,,,,,,
2012-05-31,2.54,3.11,3.11,3.11,0,0.0,,,,,,,,
2012-06-01,2.54,3.11,3.11,3.11,0,0.0,,,,,,,,
2012-06-04,2.54,3.11,3.11,3.11,0,0.0,,,,,,,,
2012-06-05,2.54,3.11,3.11,3.11,0,0.0,,,,,,,,
2012-06-06,2.54,3.11,3.11,3.11,0,0.0,,,,,,,,
2012-06-07,2.54,3.11,3.11,3.11,0,0.0,,,,,,,,
2012-06-08,2.54,3.11,3.11,3.11,0,0.0,,,,,,,,
2012-06-11,3.52,3.52,3.52,3.52,100,352.0,,,,,,,,
2012-06-12,3.52,3.52,3.52,3.52,0,0.0,,,,,,,,
2012-06-13,3.52,3.52,3.52,3.52,0,0.0,,,,,,,,
2012-06-14,3.52,3.52,3.52,3.52,0,0.0,,,,,,,,
2012-06-15,3.52,3.52,3.52,3.52,0,0.0,,,,,,,,
2012-06-18,3.52,3.52,3.52,3.52,0,0.0,,,,,,,,
2012-06-19,3.52,3.52,3.52,3.52,0,0.0,,,,,,,,
2012-06-20,3.52,3.52,3.52,3.52,0,0.0,,,,,,,,
2012-06-21,3.33,3.52,3.52,3.52,0,0.0,,,,,,,,
2012-06-22,3.33,3.52,3.52,3.52,0,0.0,,,,,,,,
2012-06-25,3.33,3.52,3.52,3.52,0,0.0,,,,,,,,
2012-06-26,3.33,3.52,3.52,3.52,0,0.0,,,,,,,,
2012-06-27,3.33,3.52,3.52,3.52,0,0.0,,,,,,,,
2012-06-28,3.33,3.52,3.52,3.52,0,0.0,,,,,,,,
2012-06-29,3.33,3.52,3.52,3.52,0,0.0,,,,,,,,
2012-07-02,3.33,3.52,3.52,3.52,0,0.0,,,,,,,,
2012-07-03,3.33,3.52,3.52,3.52,0,0.0,,,,,,,,
2012-07-04,3.33,3.52,3.52,3.52,0,0.0,,,,,,,,
2012-07-05,3.33,3.52,3.52,3.52,0,0.0,,,,,,,,
2012-07-06,3.33,3.52,3.52,3.52,0,0.0,,,,,,,,
2012-07-09,3.33,3.52,3.52,3.52,0,0.0,,,,,,,,
2012-07-10,3.33,3.52,3.52,3.52,0,0.0,,,,,,,,
2012-07-11,3.33,3.52,3.52,3.52,0,0.0,,,,,,,,
2012-07-12,3.33,3.52,3.52,3.52,0,0.0,,,,,,,,
2012-07-13,3.33,3.52,3.52,3.52,0,0.0,,,,,,,,
2012-07-16,3.33,3.52,3.52,3.52,0,0.0,,,,,,,,
2012-07-17,3.33,3.52,3.52,3.52,0,0.0,,,,,,,,
2012-07-18,3.33,3.52,3.52,3.52,0,0.0,,,,,,,,
2012-07-19,3.33,3.52,3.52,3.52,0,0.0,,,,,,,,
2012-07-20,3.33,3.52,3.52,3.52,0,0.0,,,,,,,,
2012-07-23,3.33,3.52,3.52,3.52,0,0.0,,,,,,,,
2012-07-24,3.33,3.52,3.52,3.52,0,0.0,,,,,,,,
2012-07-25,3.33,3.52,3.52,3.52,0,0.0,,,,,,,,
2012-07-26,3.64,3.64,3.64,3.64,6200,22568.0,,,,,,,,
2012-07-27,3.64,3.64,3.64,3.64,0,0.0,,,,,,,,
2012-07-30,3.98,3.98,3.98,3.98,600,2388.0,,,,,,,,
2012-07-31,3.98,3.98,3.98,3.98,0,0.0,,,,,,,,
2012-08-01,3.98,3.98,3.98,3.98,0,0.0,,,,,,,,
2012-08-02,3.98,3.98,3.98,3.98,0,0.0,,,,,,,,
2012-08-03,3.98,3.98,3.98,3.98,0,0.0,,,,,,,,
2012-08-06,3.98,3.98,3.98,3.98,0,0.0,,,,,,,,
2012-08-07,3.83,3.83,3.83,3.83,200,766.0,,,,,,,,
2012-08-08,3.83,3.83,3.83,3.83,0,0.0,,,,,,,,
2012-08-09,3.83,3.83,3.83,3.83,0,0.0,,,,,,,,
2012-08-10,3.83,3.83,3.83,3.83,0,0.0,,,,,,,,
2012-08-13,3.83,3.83,3.83,3.83,0,0.0,,,,,,,,
2012-08-14,3.83,3.83,3.83,3.83,0,0.0,,,,,,,,
2012-08-15,3.83,3.83,3.83,3.83,0,0.0,,,,,,,,
2012-08-16,3.83,3.83,3.83,3.83,0,0.0,,,,,,,,
2012-08-17,4.21,4.21,4.21,4.21,100,421.0,,,,,,,,
2012-08-20,4.09,4.09,4.09,4.09,100,409.0,,,,,,,,
2012-08-21,4.09,4.09,4.09,4.09,0,0.0,,,,,,,,
2012-08-22,4.09,4.09,4.09,4.09,0,0.0,,,,,,,,
2012-08-23,4.09,4.09,4.09,4.09,0,0.0,,,,,,,,
2012-08-24,4.09,4.09,4.09,4.09,0,0.0,,,,,,,,
2012-08-27,4.09,4.09,4.09,4.09,0,0.0,,,,,,,,
2012-08-28,3.79,3.79,3.79,3.79,100,379.0,,,,,,,,
2012-08-29,3.79,3.79,3.79,3.79,0,0.0,,,,,,,,
2012-08-30,3.79,3.79,3.79,3.79,0,0.0,,,,,,,,
2012-08-31,3.79,3.79,3.79,3.79,0,0.0,,,,,,,,
2012-09-04,3.79,3.79,3.79,3.79,0,0.0,,,,,,,,
2012-09-05,3.79,3.79,3.79,3.79,0,0.0,,,,,,,,
2012-09-06,3.79,3.79,3.79,3.79,0,0.0,,,,,,,,
2012-09-07,3.79,3.79,3.79,3.79,0,0.0,,,,,,,,
2012-09-10,3.79,3.79,3.79,3.79,0,0.0,,,,,,,,
2012-09-11,3.79,3.79,3.79,3.79,0,0.0,,,,,,,,
2012-09-12,3.79,3.79,3.79,3.79,0,0.0,,,,,,,,
2012-09-13,3.79,3.79,3.79,3.79,0,0.0,,,,,,,,
2012-09-14,3.79,3.79,3.79,3.79,0,0.0,,,,,,,,
2012-09-17,3.79,3.79,3.79,3.79,0,0.0,,,,,,,,
2012-09-18,3.79,3.79,3.79,3.79,0,0.0,,,,,,,,
2012-09-19,3.79,3.79,3.79,3.79,0,0.0,,,,,,,,
2012-09-20,3.79,3.79,3.79,3.79,0,0.0,,,,,,,,
2012-09-21,3.79,3.79,3.79,3.79,0,0.0,,,,,,,,
2012-09-24,4.17,4.17,4.17,4.17,3100,12927.0,,,,,,,,
2012-09-25,3.9,3.9,3.9,3.9,200,780.0,,,,,,,,
2012-09-26,3.9,3.9,3.9,3.9,0,0.0,,,,,,,,
2012-09-27,3.9,3.9,3.9,3.9,0,0.0,,,,,,,,
2012-09-28,3.9,3.9,3.9,3.9,0,0.0,,,,,,,,
2012-10-01,3.9,3.9,3.9,3.9,0,0.0,,,,,,,,
2012-10-02,3.9,3.9,3.9,3.9,0,0.0,,,,,,,,
2012-10-03,3.9,3.9,3.9,3.9,0,0.0,,,,,,,,
2012-10-04,3.9,3.9,3.9,3.9,0,0.0,,,,,,,,
2012-10-05,3.9,3.9,3.9,3.9,0,0.0,,,,,,,,
2012-10-08,3.9,3.9,3.9,3.9,0,0.0,,,,,,,,
2012-10-09,3.9,3.9,3.9,3.9,0,0.0,,,,,,,,
2012-10-10,3.9,3.9,3.9,3.9,0,0.0,,,,,,,,
2012-10-11,3.9,3.9,3.9,3.9,0,0.0,,,,,,,,
2012-10-12,3.9,3.9,3.9,3.9,0,0.0,,,,,,,,
2012-10-15,3.9,3.9,3.9,3.9,0,0.0,,,,,,,,
2012-10-16,3.9,3.9,3.9,3.9,0,0.0,,,,,,,,
2012-10-17,3.9,3.9,3.9,3.9,0,0.0,,,,,,,,
2012-10-18,3.9,3.9,3.9,3.9,0,0.0,,,,,,,,
2012-10-19,3.9,3.9,3.9,3.9,0,0.0,,,,,,,,
2012-10-22,3.9,3.9,3.9,3.9,0,0.0,,,,,,,,
2012-10-23,3.9,3.9,3.9,3.9,0,0.0,,,,,,,,
2012-10-24,4.17,4.17,4.17,4.17,5000,20850.0,,,,,,,,
2012-10-25,3.86,3.86,3.86,3.86,200,772.0,,,,,,,,
2012-10-26,3.86,3.86,3.86,3.86,0,0.0,,,,,,,,
2012-10-29,3.86,3.86,3.86,3.86,0,0.0,,,,,,,,
2012-10-30,3.86,3.86,3.86,3.86,0,0.0,,,,,,,,
2012-10-31,3.86,3.86,3.86,3.86,0,0.0,,,,,,,,
2012-11-01,3.86,3.86,3.86,3.86,0,0.0,,,,,,,,
2012-11-02,3.86,3.86,3.86,3.86,0,0.0,,,,,,,,
2012-11-05,3.86,3.86,3.86,3.86,0,0.0,,,,,,,,
2012-11-06,3.86,3.86,3.86,3.86,0,0.0,,,,,,,,
2012-11-07,3.86,3.86,3.86,3.86,0,0.0,,,,,,,,
2012-11-08,3.86,3.86,3.86,3.86,0,0.0,,,,,,,,
2012-11-09,3.86,3.86,3.86,3.86,0,0.0,,,,,,,,
2012-11-12,3.86,3.86,3.86,3.86,0,0.0,,,,,,,,
2012-11-13,3.86,3.86,3.86,3.86,0,0.0,,,,,,,,
2012-11-14,3.86,3.86,3.86,3.86,0,0.0,,,,,,,,
2012-11-15,3.86,3.86,3.86,3.86,0,0.0,,,,,,,,
2012-11-16,3.86,3.86,3.86,3.86,0,0.0,,,,,,,,
2012-11-19,3.86,3.86,3.86,3.86,0,0.0,,,,,,,,
2012-11-20,3.86,3.86,3.86,3.86,0,0.0,,,,,,,,
2012-11-21,3.86,3.86,3.86,3.86,0,0.0,,,,,,,,
2012-11-22,3.98,3.98,3.98,3.98,1000,3980.0,,,,,,,,
2012-11-23,3.98,3.98,3.98,3.98,0,0.0,,,,,,,,
2012-11-26,3.79,3.79,3.79,3.79,1000,3790.0,,,,,,,,
2012-11-27,3.79,3.79,3.79,3.79,0,0.0,,,,,,,,
2012-11-28,3.79,3.79,3.79,3.79,0,0.0,,,,,,,,
2012-11-29,4.17,4.17,4.17,4.17,100,417.0,,,,,,,,
2012-11-30,4.17,4.17,4.17,4.17,0,0.0,,,,,,,,
2012-12-03,4.17,4.17,4.17,4.17,0,0.0,,,,,,,,
2012-12-04,4.17,4.17,4.17,4.17,0,0.0,,,,,,,,
2012-12-05,3.86,3.86,3.86,3.86,100,386.0,,,,,,,,
2012-12-06,3.86,3.86,3.86,3.86,0,0.0,,,,,,,,
2012-12-07,3.86,3.86,3.86,3.86,0,0.0,,,,,,,,
2012-12-10,3.86,3.86,3.86,3.86,0,0.0,,,,,,,,
2012-12-11,3.86,3.86,3.86,3.86,0,0.0,,,,,,,,
2012-12-12,3.86,3.86,3.86,3.86,0,0.0,,,,,,,,
2012-12-13,3.86,3.86,3.86,3.86,0,0.0,,,,,,,,
2012-12-14,3.86,3.86,3.86,3.86,0,0.0,,,,,,,,
2012-12-17,3.86,3.86,3.86,3.86,0,0.0,,,,,,,,
2012-12-18,3.86,3.86,3.86,3.86,0,0.0,,,,,,,,
2012-12-19,3.86,3.86,3.86,3.86,0,0.0,,,,,,,,
2012-12-20,3.86,3.86,3.86,3.86,0,0.0,,,,,,,,
2012-12-21,3.86,3.86,3.86,3.86,0,0.0,,,,,,,,
2012-12-24,3.86,3.86,3.86,3.86,0,0.0,,,,,,,,
2012-12-25,3.86,3.86,3.86,3.86,0,0.0,,,,,,,,
2012-12-26,3.98,3.98,3.98,3.98,100,398.0,,,,,,,,
2012-12-27,3.98,3.98,3.98,3.98,0,0.0,,,,,,,,
2012-12-28,3.98,3.98,3.98,3.98,0,0.0,,,,,,,,
2013-01-02,2.651,2.651,2.651,2.651,0,0.0,,,,,,,,
2013-01-03,2.651,2.651,2.651,2.651,0,0.0,,,,,,,,
2013-01-04,2.651,2.651,2.651,2.651,0,0.0,,,,,,,,
2013-01-07,2.777,2.777,2.777,2.777,100,277.7,,,,,,,,
2013-01-08,2.777,2.777,2.777,2.777,0,0.0,,,,,,,,
2013-01-09,2.777,2.777,2.777,2.777,0,0.0,,,,,,,,
2013-01-10,2.777,2.777,2.777,2.777,0,0.0,,,,,,,,
2013-01-11,2.777,2.777,2.777,2.777,0,0.0,,,,,,,,
2013-01-14,2.777,2.777,2.777,2.777,0,0.0,,,,,,,,
2013-01-15,2.777,2.777,2.777,2.777,0,0.0,,,,,,,,
2013-01-16,2.777,2.777,2.777,2.777,0,0.0,,,,,,,,
2013-01-17,2.777,2.777,2.777,2.777,0,0.0,,,,,,,,
2013-01-18,2.777,2.777,2.777,2.777,0,0.0,,,,,,,,
2013-01-21,2.777,2.777,2.777,2.777,0,0.0,,,,,,,,
2013-01-22,2.777,2.777,2.777,2.777,0,0.0,,,,,,,,
2013-01-23,2.777,2.777,2.777,2.777,0,0.0,,,,,,,,
2013-01-24,2.777,2.777,2.777,2.777,0,0.0,,,,,,,,
2013-01-25,2.777,2.777,2.777,2.777,0,0.0,,,,,,,,
2013-01-28,2.777,2.777,2.777,2.777,0,0.0,,,,,,,,
2013-01-29,2.777,2.777,2.777,2.777,0,0.0,,,,,,,,
2013-01-30,2.777,2.777,2.777,2.777,0,0.0,,,,,,,,
2013-01-31,2.777,2.777,2.777,2.777,0,0.0,,,,,,,,
2013-02-01,2.777,2.777,2.777,2.777,0,0.0,,,,,,,,
2013-02-04,2.777,2.777,2.777,2.777,0,0.0,,,,,,,,
2013-02-05,2.777,2.777,2.777,2.777,0,0.0,,,,,,,,
2013-02-06,2.777,2.777,2.777,2.777,0,0.0,,,,,,,,
2013-02-07,2.777,2.777,2.777,2.777,0,0.0,,,,,,,,
2013-02-08,2.777,2.777,2.777,2.777,0,0.0,,,,,,,,
2013-02-18,2.777,2.777,2.777,2.777,0,0.0,,,,,,,,
2013-02-19,2.777,2.777,2.777,2.777,0,0.0,,,,,,,,
2013-02-20,2.777,2.777,2.777,2.777,0,0.0,,,,,,,,
2013-02-21,2.777,2.777,2.777,2.777,0,0.0,,,,,,,,
2013-02-22,2.777,2.777,2.777,2.777,0,0.0,,,,,,,,
2013-02-25,2.777,2.777,2.777,2.777,0,0.0,,,,,,,,
2013-02-26,2.777,2.777,2.777,2.777,0,0.0,,,,,,,,
2013-02-27,2.777,2.777,2.777,2.777,0,0.0,,,,,,,,
2013-02-28,2.777,2.777,2.777,2.777,0,0.0,,,,,,,,
2013-03-01,3.155,3.155,3.155,3.155,1300,4101.5,,,,,,,,
2013-03-04,2.903,2.903,2.903,2.903,1600,4644.8,,,,,,,,
2013-03-05,2.903,2.903,2.903,2.903,0,0.0,,,,,,,,
2013-03-06,2.903,2.903,2.903,2.903,0,0.0,,,,,,,,
2013-03-07,2.827,2.827,2.827,2.827,300,848.1,,,,,,,,
2013-03-08,2.827,2.827,2.827,2.827,0,0.0,,,,,,,,
2013-03-11,2.827,2.827,2.827,2.827,0,0.0,,,,,,,,
2013-03-12,2.827,2.827,2.827,2.827,0,0.0,,,,,,,,
2013-03-13,2.827,2.827,2.827,2.827,1000,2827.0,,,,,,,,
2013-03-14,2.827,2.827,2.827,2.827,0,0.0,,,,,,,,
2013-03-15,2.827,2.827,2.827,2.827,0,0.0,,,,,,,,
2013-03-18,2.827,2.827,2.827,2.827,0,0.0,,,,,,,,
2013-03-19,2.827,2.827,2.827,2.827,0,0.0,,,,,,,,
2013-03-20,2.827,2.827,2.827,2.827,0,0.0,,,,,,,,
2013-03-21,2.827,2.827,2.827,2.827,0,0.0,,,,,,,,
2013-03-22,2.827,2.827,2.827,2.827,0,0.0,,,,,,,,
2013-03-25,2.827,2.827,2.827,2.827,0,0.0,,,,,,,,
2013-03-26,2.827,2.827,2.827,2.827,0,0.0,,,,,,,,
2013-03-27,2.827,2.827,2.827,2.827,0,0.0,,,,,,,,
2013-03-28,2.827,2.827,2.827,2.827,0,0.0,,,,,,,,
2013-03-29,2.827,2.827,2.827,2.827,0,0.0,,,,,,,,
2013-04-01,2.827,2.827,2.827,2.827,0,0.0,,,,,,,,
2013-04-02,2.827,2.827,2.827,2.827,0,0.0,,,,,,,,
2013-04-03,2.827,2.827,2.827,2.827,0,0.0,,,,,,,,
2013-04-04,2.827,2.827,2.827,2.827,0,0.0,,,,,,,,
2013-04-05,2.827,2.827,2.827,2.827,0,0.0,,,,,,,,
2013-04-08,2.827,2.827,2.827,2.827,0,0.0,,,,,,,,
2013-04-09,2.827,2.827,2.827,2.827,0,0.0,,,,,,,,
2013-04-10,2.827,2.827,2.827,2.827,0,0.0,,,,,,,,
2013-04-11,2.827,2.827,2.827,2.827,0,0.0,,,,,,,,
2013-04-12,2.827,2.827,2.827,2.827,0,0.0,,,,,,,,
2013-04-15,2.827,2.827,2.827,2.827,0,0.0,,,,,,,,
2013-04-16,2.827,2.827,2.827,2.827,0,0.0,,,,,,,,
2013-04-17,2.827,2.827,2.827,2.827,0,0.0,,,,,,,,
2013-04-18,2.827,2.827,2.827,2.827,0,0.0,,,,,,,,
2013-04-22,2.827,2.827,2.827,2.827,0,0.0,,,,,,,,
2013-04-23,2.827,2.827,2.827,2.827,0,0.0,,,,,,,,
2013-04-24,2.827,2.827,2.827,2.827,0,0.0,,,,,,,,
2013-04-25,2.827,2.827,2.827,2.827,0,0.0,,,,,,,,
2013-04-26,2.827,2.827,2.827,2.827,0,0.0,,,,,,,,
2013-05-02,2.827,2.827,2.827,2.827,0,0.0,,,,,,,,
2013-05-03,2.827,2.827,2.827,2.827,0,0.0,,,,,,,,
2013-05-06,2.827,2.827,2.827,2.827,0,0.0,,,,,,,,
2013-05-07,2.827,2.827,2.827,2.827,0,0.0,,,,,,,,
2013-05-08,2.827,2.827,2.827,2.827,0,0.0,,,,,,,,
2013-05-09,2.827,2.827,2.827,2.827,0,0.0,,,,,,,,
2013-05-10,2.827,2.827,2.827,2.827,0,0.0,,,,,,,,
2013-05-13,2.827,2.827,2.827,2.827,0,0.0,,,,,,,,
2013-05-14,2.827,2.827,2.827,2.827,0,0.0,,,,,,,,
2013-05-15,2.827,2.827,2.827,2.827,0,0.0,,,,,,,,
2013-05-16,2.827,2.827,2.827,2.827,0,0.0,,,,,,,,
2013-05-17,2.827,2.827,2.827,2.827,0,0.0,,,,,,,,
2013-05-20,2.827,2.827,2.827,2.827,0,0.0,,,,,,,,
2013-05-21,2.827,2.827,2.827,2.827,0,0.0,,,,,,,,
2013-05-22,2.827,2.827,2.827,2.827,0,0.0,,,,,,,,
2013-05-23,2.827,2.827,2.827,2.827,0,0.0,,,,,,,,
2013-05-24,2.827,2.827,2.827,2.827,0,0.0,,,,,,,,
2013-05-27,2.827,2.827,2.827,2.827,0,0.0,,,,,,,,
2013-05-28,3.935,3.935,3.935,3.935,100,393.5,,,,,,,,
2013-05-29,3.935,3.935,3.935,3.935,0,0.0,,,,,,,,
2013-05-30,3.935,3.935,3.935,3.935,0,0.0,,,,,,,,
2013-05-31,3.935,3.935,3.935,3.935,0,0.0,,,,,,,,
2013-06-03,3.935,3.935,3.935,3.935,0,0.0,,,,,,,,
2013-06-04,3.935,3.935,3.935,3.935,0,0.0,,,,,,,,
2013-06-05,3.935,3.935,3.935,3.935,0,0.0,,,,,,,,
2013-06-06,3.935,3.935,3.935,3.935,0,0.0,,,,,,,,
2013-06-07,3.935,3.935,3.935,3.935,0,0.0,,,,,,,,
2013-06-10,3.935,3.935,3.935,3.935,0,0.0,,,,,,,,
2013-06-11,3.643,3.643,3.643,3.643,1200,4371.599999999999,,,,,,,,
2013-06-12,3.643,3.643,3.643,3.643,0,0.0,,,,,,,,
2013-06-13,3.993,3.993,3.993,3.993,2200,8784.6,,,,,,,,
2013-06-14,3.993,3.993,3.993,3.993,0,0.0,,,,,,,,
2013-06-17,3.993,3.993,3.993,3.993,0,0.0,,,,,,,,
2013-06-18,3.993,3.993,3.993,3.993,0,0.0,,,,,,,,
2013-06-19,3.993,3.993,3.993,3.993,0,0.0,,,,,,,,
2013-06-20,3.993,3.993,3.993,3.993,0,0.0,,,,,,,,
2013-06-21,3.993,3.993,3.993,3.993,0,0.0,,,,,,,,
2013-06-24,3.643,3.643,3.643,3.643,500,1821.5,,,,,,,,
2013-06-25,3.643,3.643,3.643,3.643,0,0.0,,,,,,,,
2013-06-26,3.643,3.643,3.643,3.643,0,0.0,,,,,,,,
2013-06-27,3.643,3.643,3.643,3.643,0,0.0,,,,,,,,
2013-06-28,3.643,3.643,3.643,3.643,0,0.0,,,,,,,,
2013-07-01,3.643,3.643,3.643,3.643,0,0.0,,,,,,,,
2013-07-02,3.643,3.643,3.643,3.643,0,0.0,,,,,,,,
2013-07-03,3.643,3.643,3.643,3.643,0,0.0,,,,,,,,
2013-07-04,3.643,3.643,3.643,3.643,0,0.0,,,,,,,,
2013-07-05,3.643,3.643,3.643,3.643,0,0.0,,,,,,,,
2013-07-08,3.643,3.643,3.643,3.643,0,0.0,,,,,,,,
2013-07-09,3.643,3.643,3.643,3.643,0,0.0,,,,,,,,
2013-07-10,3.643,3.643,3.643,3.643,0,0.0,,,,,,,,
2013-07-11,3.643,3.643,3.643,3.643,0,0.0,,,,,,,,
2013-07-12,3.643,3.643,3.643,3.643,0,0.0,,,,,,,,
2013-07-15,3.643,3.643,3.643,3.643,0,0.0,,,,,,,,
2013-07-16,3.643,3.643,3.643,3.643,0,0.0,,,,,,,,
2013-07-17,3.527,3.527,3.527,3.527,3000,10581.0,,,,,,,,
2013-07-18,3.527,3.527,3.527,3.527,0,0.0,,,,,,,,
2013-07-19,3.585,3.585,3.585,3.585,1500,5377.5,,,,,,,,
2013-07-22,3.585,3.585,3.585,3.585,0,0.0,,,,,,,,
2013-07-23,3.585,3.585,3.585,3.585,0,0.0,,,,,,,,
2013-07-24,3.585,3.585,3.585,3.585,0,0.0,,,,,,,,
2013-07-25,3.585,3.585,3.585,3.585,0,0.0,,,,,,,,
2013-07-26,3.585,3.585,3.585,3.585,0,0.0,,,,,,,,
2013-07-29,3.585,3.585,3.585,3.585,0,0.0,,,,,,,,
2013-07-30,3.585,3.585,3.585,3.585,0,0.0,,,,,,,,
2013-07-31,3.585,3.585,3.585,3.585,0,0.0,,,,,,,,
2013-08-01,3.585,3.585,3.585,3.585,0,0.0,,,,,,,,
2013-08-02,3.585,3.585,3.585,3.585,0,0.0,,,,,,,,
2013-08-05,3.585,3.585,3.585,3.585,0,0.0,,,,,,,,
2013-08-06,3.585,3.585,3.585,3.585,0,0.0,,,,,,,,
2013-08-07,3.585,3.585,3.585,3.585,0,0.0,,,,,,,,
2013-08-08,3.585,3.585,3.585,3.585,0,0.0,,,,,,,,
2013-08-09,3.585,3.585,3.585,3.585,0,0.0,,,,,,,,
2013-08-12,3.585,3.585,3.585,3.585,0,0.0,,,,,,,,
2013-08-13,3.585,3.585,3.585,3.585,0,0.0,,,,,,,,
2013-08-14,3.585,3.585,3.585,3.585,0,0.0,,,,,,,,
2013-08-15,3.585,3.585,3.585,3.585,0,0.0,,,,,,,,
2013-08-16,3.797,3.797,3.797,3.797,0,0.0,,,,,,,,
2013-08-19,3.646,3.646,3.646,3.646,0,0.0,,,,,,,,
2013-08-20,3.585,3.585,3.585,3.585,0,0.0,,,,,,,,
2013-08-21,3.585,3.585,3.585,3.585,0,0.0,,,,,,,,
2013-08-22,3.585,3.585,3.585,3.585,0,0.0,,,,,,,,
2013-08-23,3.797,3.797,3.251,3.797,1000,3797.0,,,,,,,,
2013-08-26,3.797,3.797,3.797,3.797,0,0.0,,,,,,,,
2013-08-27,3.797,3.797,3.797,3.797,0,0.0,,,,,,,,
2013-08-28,3.797,3.797,3.797,3.797,0,0.0,,,,,,,,
2013-08-29,3.797,3.797,3.797,3.797,0,0.0,,,,,,,,
2013-08-30,3.797,3.797,3.797,3.797,0,0.0,,,,,,,,
2013-09-03,3.797,3.797,3.797,3.797,0,0.0,,,,,,,,
2013-09-04,3.797,3.797,3.797,3.797,0,0.0,,,,,,,,
2013-09-05,3.797,3.797,3.797,3.797,0,0.0,,,,,,,,
2013-09-06,3.797,3.797,3.797,3.797,0,0.0,,,,,,,,
2013-09-09,3.797,3.797,3.797,3.797,0,0.0,,,,,,,,
2013-09-10,3.797,3.797,3.797,3.797,0,0.0,,,,,,,,
2013-09-11,3.797,3.797,3.797,3.797,0,0.0,,,,,,,,
2013-09-12,3.797,3.797,3.797,3.797,0,0.0,,,,,,,,
2013-09-13,3.797,3.797,3.797,3.797,0,0.0,,,,,,,,
2013-09-16,3.797,3.797,3.797,3.797,0,0.0,,,,,,,,
2013-09-17,3.797,3.797,3.797,3.797,0,0.0,,,,,,,,
2013-09-18,3.797,3.797,3.797,3.797,0,0.0,,,,,,,,
2013-09-19,3.797,3.797,3.797,3.797,0,0.0,,,,,,,,
2013-09-20,3.797,3.797,3.797,3.797,0,0.0,,,,,,,,
2013-09-23,3.797,3.797,3.797,3.797,0,0.0,,,,,,,,
2013-09-24,3.797,3.797,3.797,3.797,0,0.0,,,,,,,,
2013-09-25,3.797,3.797,3.797,3.797,0,0.0,,,,,,,,
2013-09-26,3.797,3.797,3.797,3.797,0,0.0,,,,,,,,
2013-09-27,3.797,3.797,3.797,3.797,0,0.0,,,,,,,,
2013-09-30,3.797,3.797,3.797,3.797,0,0.0,,,,,,,,
2013-10-01,3.797,3.797,3.797,3.797,0,0.0,,,,,,,,
2013-10-02,3.797,3.797,3.797,3.797,0,0.0,,,,,,,,
2013-10-03,3.797,3.797,3.797,3.797,0,0.0,,,,,,,,
2013-10-04,3.797,3.797,3.797,3.797,0,0.0,,,,,,,,
2013-10-07,3.797,3.797,3.797,3.797,0,0.0,,,,,,,,
2013-10-08,3.494,3.494,3.494,3.494,1000,3494.0,,,,,,,,
2013-10-09,3.494,3.494,3.494,3.494,0,0.0,,,,,,,,
2013-10-10,3.494,3.494,3.494,3.494,0,0.0,,,,,,,,
2013-10-11,3.494,3.494,3.494,3.494,0,0.0,,,,,,,,
2013-10-14,3.494,3.494,3.494,3.494,0,0.0,,,,,,,,
2013-10-15,3.494,3.494,3.494,3.494,0,0.0,,,,,,,,
2013-10-16,3.494,3.494,3.494,3.494,0,0.0,,,,,,,,
2013-10-17,3.494,3.494,3.494,3.494,0,0.0,,,,,,,,
2013-10-18,3.494,3.494,3.494,3.494,0,0.0,,,,,,,,
2013-10-21,3.494,3.494,3.494,3.494,0,0.0,,,,,,,,
2013-10-22,3.494,3.494,3.494,3.494,0,0.0,,,,,,,,
2013-10-23,3.494,3.494,3.494,3.494,0,0.0,,,,,,,,
2013-10-24,3.494,3.494,3.494,3.494,0,0.0,,,,,,,,
2013-10-25,3.494,3.494,3.494,3.494,0,0.0,,,,,,,,
2013-10-28,3.494,3.494,3.494,3.494,0,0.0,,,,,,,,
2013-10-29,3.494,3.494,3.494,3.494,0,0.0,,,,,,,,
2013-10-30,3.494,3.494,3.494,3.494,0,0.0,,,,,,,,
2013-10-31,3.494,3.494,3.494,3.494,0,0.0,,,,,,,,
2013-11-01,3.494,3.494,3.494,3.494,0,0.0,,,,,,,,
2013-11-04,3.494,3.494,3.494,3.494,0,0.0,,,,,,,,
2013-11-05,3.494,3.494,3.494,3.494,0,0.0,,,,,,,,
2013-11-06,3.494,3.494,3.494,3.494,0,0.0,,,,,,,,
2013-11-07,3.494,3.494,3.494,3.494,0,0.0,,,,,,,,
2013-11-08,3.494,3.494,3.494,3.494,0,0.0,,,,,,,,
2013-11-11,3.494,3.494,3.494,3.494,0,0.0,,,,,,,,
2013-11-12,3.494,3.494,3.494,3.494,0,0.0,,,,,,,,
2013-11-13,3.494,3.494,3.494,3.494,0,0.0,,,,,,,,
2013-11-14,3.494,3.494,3.494,3.494,0,0.0,,,,,,,,
2013-11-15,3.494,3.494,3.494,3.494,0,0.0,,,,,,,,
2013-11-18,3.494,3.494,3.494,3.494,0,0.0,,,,,,,,
2013-11-19,3.494,3.494,3.494,3.494,0,0.0,,,,,,,,
2013-11-20,3.494,3.494,3.494,3.494,0,0.0,,,,,,,,
2013-11-21,3.281,3.281,3.281,3.281,0,0.0,,,,,,,,
2013-11-22,3.494,3.494,3.494,3.494,0,0.0,,,,,,,,
2013-11-25,3.494,3.494,3.494,3.494,0,0.0,,,,,,,,
2013-11-26,3.494,3.494,3.494,3.494,0,0.0,,,,,,,,
2013-11-27,3.494,3.494,3.494,3.494,0,0.0,,,,,,,,
2013-11-28,3.494,3.494,3.494,3.494,0,0.0,,,,,,,,
2013-11-29,3.494,3.494,3.494,3.494,0,0.0,,,,,,,,
2013-12-02,3.494,3.494,3.494,3.494,0,0.0,,,,,,,,
2013-12-03,3.494,3.494,3.494,3.494,0,0.0,,,,,,,,
2013-12-04,3.494,3.494,3.494,3.494,0,0.0,,,,,,,,
2013-12-05,3.494,3.494,3.494,3.494,0,0.0,,,,,,,,
2013-12-06,3.72,3.72,3.72,3.72,0,0.0,,,,,,,,
2013-12-09,3.72,3.72,3.72,3.72,0,0.0,,,,,,,,
2013-12-10,3.72,3.72,3.72,3.72,0,0.0,,,,,,,,
2013-12-11,3.494,3.494,3.494,3.494,0,0.0,,,,,,,,
2013-12-12,3.72,3.72,3.72,3.72,0,0.0,,,,,,,,
2013-12-13,3.72,3.72,3.72,3.72,0,0.0,,,,,,,,
2013-12-16,3.72,3.72,3.72,3.72,0,0.0,,,,,,,,
2013-12-17,3.72,3.72,3.72,3.72,0,0.0,,,,,,,,
2013-12-18,3.72,3.72,3.72,3.72,0,0.0,,,,,,,,
2013-12-19,3.72,3.72,3.72,3.72,0,0.0,,,,,,,,
2013-12-20,3.72,3.72,3.72,3.72,0,0.0,,,,,,,,
2013-12-23,3.72,3.72,3.72,3.72,0,0.0,,,,,,,,
2013-12-24,3.72,3.72,3.72,3.72,0,0.0,,,,,,,,
2013-12-25,3.72,3.72,3.72,3.72,0,0.0,,,,,,,,
2013-12-26,3.72,3.72,3.72,3.72,0,0.0,,,,,,,,
2013-12-27,3.785,3.785,3.785,3.785,100,378.5,,,,,,,,
2013-12-30,3.785,3.785,3.785,3.785,0,0.0,,,,,,,,
2013-12-31,3.785,3.785,3.785,3.785,0,0.0,,,,,,,,
2014-01-02,3.785,3.785,3.785,3.785,0,0.0,,,,,,,,
2014-01-03,3.785,3.785,3.785,3.785,0,0.0,,,,,,,,
2014-01-06,3.785,3.785,3.785,3.785,0,0.0,,,,,,,,
2014-01-07,3.785,3.785,3.785,3.785,0,0.0,,,,,,,,
2014-01-08,3.785,3.785,3.785,3.785,0,0.0,,,,,,,,
2014-01-09,4.141,4.141,4.141,4.141,1000,4141.0,,,,,,,,
2014-01-10,4.141,4.141,4.141,4.141,0,0.0,,,,,,,,
2014-01-13,4.141,4.141,4.141,4.141,0,0.0,,,,,,,,
2014-01-14,4.529,4.529,4.529,4.529,1000,4529.0,,,,,,,,
2014-01-15,4.529,4.529,4.529,4.529,0,0.0,,,,,,,,
2014-01-16,4.529,4.529,4.529,4.529,0,0.0,,,,,,,,
2014-01-17,4.529,4.529,4.529,4.529,0,0.0,,,,,,,,
2014-01-20,4.529,4.529,4.529,4.529,0,0.0,,,,,,,,
2014-01-21,4.529,4.529,4.529,4.529,0,0.0,,,,,,,,
2014-01-22,4.529,4.529,4.529,4.529,0,0.0,,,,,,,,
2014-01-23,4.529,4.529,4.529,4.529,0,0.0,,,,,,,,
2014-01-24,4.529,4.529,4.529,4.529,0,0.0,,,,,,,,
2014-01-27,4.529,4.529,4.529,4.529,0,0.0,,,,,,,,
2014-02-06,4.691,4.691,4.691,4.691,600,2814.6,,,,,,,,
2014-02-07,4.691,4.691,4.691,4.691,0,0.0,,,,,,,,
2014-02-10,4.691,4.691,4.691,4.691,0,0.0,,,,,,,,
2014-02-11,4.691,4.691,4.691,4.691,0,0.0,,,,,,,,
2014-02-12,4.691,4.691,4.691,4.691,0,0.0,,,,,,,,
2014-02-13,4.691,4.691,4.691,4.691,0,0.0,,,,,,,,
2014-02-14,4.691,4.691,4.691,4.691,0,0.0,,,,,,,,
2014-02-17,4.691,4.691,4.691,4.691,0,0.0,,,,,,,,
2014-02-18,4.691,4.691,4.691,4.691,0,0.0,,,,,,,,
2014-02-19,4.691,4.691,4.691,4.691,0,0.0,,,,,,,,
2014-02-20,4.691,4.691,4.691,4.691,0,0.0,,,,,,,,
2014-02-21,4.691,4.691,4.691,4.691,0,0.0,,,,,,,,
2014-02-24,4.691,4.691,4.691,4.691,0,0.0,,,,,,,,
2014-02-25,4.691,4.691,4.691,4.691,0,0.0,,,,,,,,
2014-02-26,4.691,4.691,4.691,4.691,0,0.0,,,,,,,,
2014-02-27,4.205,4.205,4.205,4.205,0,0.0,,,,,,,,
2014-02-28,4.69,4.69,4.69,4.69,0,0.0,,,,,,,,
2014-03-03,4.69,4.69,4.69,4.69,0,0.0,,,,,,,,
2014-03-04,4.69,4.69,4.69,4.69,0,0.0,,,,,,,,
2014-03-05,4.69,4.69,4.69,4.69,0,0.0,,,,,,,,
2014-03-06,4.69,4.69,4.69,4.69,0,0.0,,,,,,,,
2014-03-07,4.69,4.69,4.69,4.69,0,0.0,,,,,,,,
2014-03-10,4.69,4.69,4.69,4.69,0,0.0,,,,,,,,
2014-03-11,4.69,4.69,4.69,4.69,0,0.0,,,,,,,,
2014-03-12,4.69,4.69,4.69,4.69,0,0.0,,,,,,,,
2014-03-13,4.69,4.69,4.69,4.69,0,0.0,,,,,,,,
2014-03-14,4.69,4.69,4.69,4.69,0,0.0,,,,,,,,
2014-03-17,4.69,4.69,4.69,4.69,0,0.0,,,,,,,,
2014-03-18,4.69,4.69,4.69,4.69,0,0.0,,,,,,,,
2014-03-19,4.69,4.69,4.69,4.69,0,0.0,,,,,,,,
2014-03-20,4.69,4.69,4.69,4.69,0,0.0,,,,,,,,
2014-03-21,4.69,4.69,4.69,4.69,0,0.0,,,,,,,,
2014-03-24,4.69,4.69,4.69,4.69,0,0.0,,,,,,,,
2014-03-25,4.69,4.69,4.69,4.69,0,0.0,,,,,,,,
2014-03-26,4.69,4.69,4.69,4.69,0,0.0,,,,,,,,
2014-03-27,4.69,4.69,4.69,4.69,0,0.0,,,,,,,,
2014-03-28,4.69,4.69,4.69,4.69,0,0.0,,,,,,,,
2014-03-31,4.69,4.69,4.69,4.69,0,0.0,,,,,,,,
2014-04-01,4.69,4.69,4.69,4.69,0,0.0,,,,,,,,
2014-04-02,4.69,4.69,4.69,4.69,0,0.0,,,,,,,,
2014-04-03,4.69,4.69,4.69,4.69,0,0.0,,,,,,,,
2014-04-04,5.16,5.16,5.16,5.16,100,516.0,,,,,,,,
2014-04-07,5.16,5.16,5.16,5.16,0,0.0,,,,,,,,
2014-04-08,5.16,5.16,5.16,5.16,0,0.0,,,,,,,,
2014-04-10,5.16,5.16,5.16,5.16,0,0.0,,,,,,,,
2014-04-11,5.16,5.16,5.16,5.16,0,0.0,,,,,,,,
2014-04-14,5.16,5.16,5.16,5.16,0,0.0,,,,,,,,
2014-04-15,5.16,5.16,5.16,5.16,0,0.0,,,,,,,,
2014-04-16,5.16,5.16,5.16,5.16,0,0.0,,,,,,,,
2014-04-17,5.665,5.665,4.654,5.665,3000,16995.0,,,,,,,,
2014-04-18,6.206,6.206,6.206,6.206,5500,34133.0,,,,,,,,
2014-04-21,6.206,6.206,6.206,6.206,0,0.0,,,,,,,,
2014-04-22,6.206,6.206,6.206,6.206,0,0.0,,,,,,,,
2014-04-23,6.819,6.819,6.819,6.819,100,681.9,,,,,,,,
2014-04-24,7.469,7.469,7.469,7.469,100,746.9,,,,,,,,
2014-04-25,8.19,8.19,8.19,8.19,100,819.0,,,,,,,,
2014-04-28,8.984,8.984,7.433,8.984,3000,26952.0,,,,,,,,
2014-04-29,9.814,9.814,8.118,8.118,1200,9741.6,,,,,,,,
2014-05-05,8.768,8.768,8.732,8.732,4600,40167.2,,,,,,,,
2014-05-06,9.561,9.597,9.561,9.597,1500,14395.5,,,,,,,,
2014-05-07,10.499,10.536,10.499,10.536,300,3160.8,,,,,,,,
2014-05-08,9.525,11.546,9.489,9.597,1300,12476.1,,,,,,,,
2014-05-09,9.886,9.886,9.886,9.886,0,0.0,,,,,,,,
2014-05-12,8.948,8.948,8.948,8.948,100,894.8000000000001,,,,,,,,
2014-05-13,8.948,8.948,8.948,8.948,0,0.0,,,,,,,,
2014-05-14,8.948,8.948,8.948,8.948,0,0.0,,,,,,,,
2014-05-15,8.948,8.948,8.948,8.948,3800,34002.4,,,,,,,,
2014-05-16,8.948,8.948,8.948,8.948,0,0.0,,,,,,,,
2014-05-19,8.948,8.948,8.948,8.948,0,0.0,,,,,,,,
2014-05-20,8.118,8.118,8.118,8.118,100,811.8000000000001,,,,,,,,
2014-05-21,8.118,8.118,8.118,8.118,1400,11365.2,,,,,,,,
2014-05-22,8.118,8.118,8.118,8.118,0,0.0,,,,,,,,
2014-05-23,8.118,8.118,8.118,8.118,1500,12177.0,,,,,,,,
2014-05-26,8.118,8.118,8.118,8.118,0,0.0,,,,,,,,
2014-05-27,8.118,8.118,8.118,8.118,700,5682.6,,,,,,,,
2014-05-28,8.118,8.118,8.118,8.118,0,0.0,,,,,,,,
2014-05-29,8.118,8.118,8.118,8.118,0,0.0,,,,,,,,
2014-05-30,8.118,8.118,8.118,8.118,0,0.0,,,,,,,,
2014-06-02,8.299,8.371,7.397,7.577,4100,31065.7,,,,,,,,
2014-06-03,7.613,7.613,7.613,7.613,0,0.0,,,,,,,,
2014-06-04,7.613,7.613,7.613,7.613,0,0.0,,,,,,,,
2014-06-05,7.613,7.613,7.613,7.613,0,0.0,,,,,,,,
2014-06-06,7.613,7.613,7.613,7.613,0,0.0,,,,,,,,
2014-06-09,7.433,7.433,7.433,7.433,200,1486.6,,,,,,,,
2014-06-10,7.433,7.433,7.433,7.433,0,0.0,,,,,,,,
2014-06-11,6.747,7.469,6.747,7.433,2500,18582.5,,,,,,,,
2014-06-12,7.397,7.397,7.397,7.397,0,0.0,,,,,,,,
2014-06-13,6.711,6.711,6.711,6.711,200,1342.2,,,,,,,,
2014-06-16,7.36,7.36,7.36,7.36,400,2944.0,,,,,,,,
2014-06-17,6.964,6.964,6.964,6.964,100,696.4000000000001,,,,,,,,
2014-06-18,6.964,6.964,6.964,6.964,0,0.0,,,,,,,,
2014-06-19,6.964,6.964,6.964,6.964,0,0.0,,,,,,,,
2014-06-20,6.747,7.649,6.747,6.747,1100,7421.7,,,,,,,,
2014-06-23,6.495,6.495,6.495,6.495,200,1299.0,,,,,,,,
2014-06-24,6.495,6.495,6.495,6.495,0,0.0,,,,,,,,
2014-06-25,6.495,6.495,6.495,6.495,0,0.0,,,,,,,,
2014-06-26,6.495,6.495,6.495,6.495,0,0.0,,,,,,,,
2014-06-27,5.881,5.881,5.845,5.881,100,588.1,,,,,,,,
2014-06-30,6.458,6.458,6.458,6.458,6500,41977.0,,,,,,,,
2014-07-01,6.458,6.458,6.458,6.458,0,0.0,,,,,,,,
2014-07-02,6.458,6.458,6.458,6.458,0,0.0,,,,,,,,
2014-07-03,6.458,6.458,6.458,6.458,0,0.0,,,,,,,,
2014-07-04,6.458,6.458,6.458,6.458,0,0.0,,,,,,,,
2014-07-07,6.458,6.458,6.458,6.458,0,0.0,,,,,,,,
2014-07-08,6.458,6.458,6.458,6.458,0,0.0,,,,,,,,
2014-07-09,6.458,6.458,6.458,6.458,0,0.0,,,,,,,,
2014-07-10,6.458,6.458,6.458,6.458,0,0.0,,,,,,,,
2014-07-11,6.458,6.458,6.458,6.458,0,0.0,,,,,,,,
2014-07-14,6.458,6.458,6.458,6.458,0,0.0,,,,,,,,
2014-07-15,6.458,6.458,6.458,6.458,0,0.0,,,,,,,,
2014-07-16,6.458,6.458,6.458,6.458,0,0.0,,,,,,,,
2014-07-17,7.072,7.072,5.845,7.072,200,1414.4,,,,,,,,
2014-07-18,7.216,7.216,7.216,7.216,1500,10824.0,,,,,,,,
2014-07-21,7.216,7.216,7.216,7.216,0,0.0,,,,,,,,
2014-07-22,7.216,7.216,6.495,7.216,500,3608.0,,,,,,,,
2014-07-23,7.216,7.216,7.216,7.216,0,0.0,,,,,,,,
2014-07-24,7.252,7.938,7.252,7.938,2900,23020.2,,,,,,,,
2014-07-25,7.288,7.288,7.288,7.288,300,2186.4,,,,,,,,
2014-07-28,8.01,8.01,6.567,8.01,1900,15219.0,,,,,,,,
2014-07-29,7.252,7.252,7.252,7.252,300,2175.6,,,,,,,,
2014-07-30,6.891,6.891,6.531,6.891,300,2067.3,,,,,,,,
2014-07-31,6.891,6.891,6.891,6.891,0,0.0,,,,,,,,
2014-08-01,6.892,6.892,6.892,6.892,0,0.0,,,,,,,,
2014-08-04,6.892,6.892,6.892,6.892,0,0.0,,,,,,,,
2014-08-05,6.892,6.892,6.892,6.892,0,0.0,,,,,,,,
2014-08-06,6.892,6.892,6.892,6.892,0,0.0,,,,,,,,
2014-08-07,6.892,6.892,6.892,6.892,0,0.0,,,,,,,,
2014-08-08,6.892,6.892,6.892,6.892,0,0.0,,,,,,,,
2014-08-11,6.892,6.892,6.892,6.892,0,0.0,,,,,,,,
2014-08-12,7.558,7.558,6.225,7.558,700,5290.599999999999,,,,,,,,
2014-08-13,7.558,7.558,7.558,7.558,0,0.0,,,,,,,,
2014-08-14,7.558,7.558,7.558,7.558,0,0.0,,,,,,,,
2014-08-15,7.558,7.558,7.558,7.558,10,75.58,,,,,,,,
2014-08-18,8.3,8.3,8.3,8.3,1100,9130.0,,,,,,,,
2014-08-19,8.633,8.633,7.484,7.781,700,5446.7,,,,,,,,
2014-08-20,8.374,8.374,8.374,8.374,0,0.0,,,,,,,,
2014-08-21,7.781,9.189,7.781,9.189,400,3675.6,,,,,,,,
2014-08-22,7.781,8.966,7.781,8.744,2500,21860.0,,,,,,,,
2014-08-25,7.966,7.966,7.966,7.966,500,3983.0,,,,,,,,
2014-08-26,7.818,8.744,7.818,8.188,3900,31933.2,,,,,,,,
2014-08-27,8.411,9.152,8.411,8.596,1600,13753.6,,,,,,,,
2014-08-28,9.263,9.448,9.263,9.448,300,2834.4,,,,,,,,
2014-08-29,10.3,10.3,8.448,9.633,4200,40458.6,,,,,,,,
2014-09-03,8.929,9.893,8.929,9.152,4200,38438.4,,,,,,,,
2014-09-04,9.115,9.967,9.115,9.967,2110,21030.370000000003,,,,,,,,
2014-09-05,8.633,8.633,8.633,8.633,100,863.3,,,,,,,,
2014-09-08,7.781,7.781,7.781,7.781,0,0.0,,,,,,,,
2014-09-09,7.818,8.522,7.818,8.522,800,6817.6,,,,,,,,
2014-09-10,9.263,9.263,8.522,9.263,3600,33346.8,,,,,,,,
2014-09-11,8.744,9.3,8.744,9.263,4400,40757.2,,,,,,,,
2014-09-12,8.929,8.929,8.337,8.929,100,892.9,,,,,,,,
2014-09-15,9.263,9.263,9.263,9.263,500,4631.5,,,,,,,,
2014-09-16,9.3,9.3,8.374,8.374,300,2512.2000000000003,,,,,,,,
2014-09-17,8.151,9.67,8.151,9.67,1200,11604.0,,,,,,,,
2014-09-18,9.115,10.189,9.115,10.189,3100,31585.9,,,,,,,,
2014-09-19,9.374,9.374,9.374,9.374,200,1874.8,,,,,,,,
2014-09-22,10.078,10.078,8.448,10.078,1800,18140.4,,,,,,,,
2014-09-23,10.078,10.078,10.078,10.078,500,5039.0,,,,,,,,
2014-09-24,10.078,10.078,10.078,10.078,400,4031.2,,,,,,,,
2014-09-25,10.078,10.078,10.078,10.078,800,8062.4,,,,,,,,
2014-09-26,9.115,10.189,9.115,10.189,1500,15283.5,,,,,,,,
2014-09-29,8.892,10.189,8.892,9.67,2700,26109.0,,,,,,,,
2014-09-30,8.929,9.485,8.929,9.485,2500,23712.5,,,,,,,,
2014-10-01,9.485,9.782,8.67,9.782,3100,30324.2,,,,,,,,
2014-10-02,9.67,9.707,9.67,9.707,2100,20384.7,,,,,,,,
2014-10-03,9.67,9.67,9.67,9.67,0,0.0,,,,,,,,
2014-10-06,9.448,9.448,9.448,9.448,300,2834.4,,,,,,,,
2014-10-07,9.448,9.448,9.448,9.448,40,377.92,,,,,,,,
2014-10-08,9.448,9.448,9.448,9.448,0,0.0,,,,,,,,
2014-10-09,9.448,9.448,9.448,9.448,0,0.0,,,,,,,,
2014-10-10,9.633,10.004,9.633,10.004,3500,35014.0,,,,,,,,
2014-10-13,9.485,9.67,9.485,9.633,6460,62229.17999999999,,,,,,,,
2014-10-14,9.633,9.633,9.633,9.633,0,0.0,,,,,,,,
2014-10-15,9.522,9.522,9.522,9.522,100,952.2,,,,,,,,
2014-10-16,9.67,9.67,8.596,9.67,300,2901.0,,,,,,,,
2014-10-17,9.67,9.893,8.892,9.893,11800,116737.4,,,,,,,,
2014-10-20,9.411,9.411,9.411,9.411,500,4705.5,,,,,,,,
2014-10-21,8.929,8.929,8.892,8.929,900,8036.1,,,,,,,,
2014-10-22,8.151,8.929,8.151,8.929,600,5357.400000000001,,,,,,,,
2014-10-23,9.263,9.411,9.263,9.411,400,3764.4,,,,,,,,
2014-10-24,8.522,8.522,8.522,8.522,300,2556.6,,,,,,,,
2014-10-27,9.374,9.374,8.188,8.188,2200,18013.600000000002,,,,,,,,
2014-10-28,7.966,7.966,7.966,7.966,500,3983.0,,,,,,,,
2014-10-29,7.966,7.966,7.966,7.966,0,0.0,,,,,,,,
2014-10-30,8.763,8.763,8.763,8.763,100,876.3,,,,,,,,
2014-10-31,7.928,9.636,7.928,9.636,1200,11563.2,,,,,,,,
2014-11-03,9.673,9.673,9.673,9.673,200,1934.6,,,,,,,,
2014-11-04,8.877,9.56,8.877,9.56,600,5736.0,,,,,,,,
2014-11-05,8.384,8.384,8.384,8.384,500,4192.0,,,,,,,,
2014-11-06,8.384,8.384,8.384,8.384,0,0.0,,,,,,,,
2014-11-07,9.218,9.218,9.218,9.218,300,2765.4,,,,,,,,
2014-11-10,8.346,9.977,8.346,9.977,1800,17958.600000000002,,,,,,,,
2014-11-11,8.573,8.573,8.573,8.573,300,2571.9,,,,,,,,
2014-11-12,9.408,9.408,9.408,9.408,100,940.8,,,,,,,,
2014-11-13,9.56,10.243,9.522,9.598,5100,48949.8,,,,,,,,
2014-11-14,8.687,9.598,8.687,9.598,2100,20155.800000000003,,,,,,,,
2014-11-17,9.56,9.977,9.522,9.977,3900,38910.3,,,,,,,,
2014-11-18,9.56,9.56,9.56,9.56,0,0.0,,,,,,,,
2014-11-19,9.598,10.053,9.598,10.053,2800,28148.4,,,,,,,,
2014-11-20,9.977,9.977,8.725,9.977,300,2993.1,,,,,,,,
2014-11-21,9.598,9.977,9.598,9.977,4300,42901.1,,,,,,,,
2014-11-24,9.825,10.205,9.825,10.053,6100,61323.3,,,,,,,,
2014-11-25,10.205,10.205,10.205,10.205,200,2041.0,,,,,,,,
2014-11-26,10.28,11.153,10.28,11.001,5400,59405.4,,,,,,,,
2014-11-27,11.57,11.57,10.28,11.343,10400,117967.2,,,,,,,,
2014-11-28,11.722,11.722,10.698,11.077,5600,62031.2,,,,,,,,
2014-12-01,11.153,11.684,11.077,11.191,5300,59312.3,,,,,,,,
2014-12-02,12.215,12.215,11.077,11.76,4210,49509.6,,,,,,,,
2014-12-03,11.191,11.494,11.077,11.077,5100,56492.7,,,,,,,,
2014-12-04,11.722,11.722,11.722,11.722,200,2344.4,,,,,,,,
2014-12-05,12.822,12.822,11.456,11.456,400,4582.4,,,,,,,,
2014-12-08,13.315,13.315,11.077,11.153,4900,54649.7,,,,,,,,
2014-12-09,11.912,11.912,11.191,11.229,7300,81971.7,,,,,,,,
2014-12-10,12.291,12.291,11.191,11.381,10700,121776.7,,,,,,,,
2014-12-11,12.367,12.367,11.381,11.381,1200,13657.2,,,,,,,,
2014-12-12,12.557,12.557,11.191,11.191,3900,43644.9,,,,,,,,
2014-12-15,11.722,11.722,10.205,11.229,8300,93200.7,,,,,,,,
2014-12-16,11.305,11.343,11.305,11.343,6600,74863.8,,,,,,,,
2014-12-17,11.305,11.305,10.622,11.305,13600,153748.0,,,,,,,,
2014-12-18,11.456,11.456,10.622,11.153,7200,80301.6,,,,,,,,
2014-12-19,11.532,11.532,10.622,11.267,4900,55208.3,,,,,,,,
2014-12-22,10.736,11.153,10.622,11.153,4600,51303.8,,,,,,,,
2014-12-23,11.115,11.115,10.622,10.963,6100,66874.29999999999,,,,,,,,
2014-12-24,10.66,10.66,10.622,10.622,4000,42488.0,,,,,,,,
2014-12-25,10.66,11.343,10.622,11.343,900,10208.7,,,,,,,,
2014-12-26,10.622,11.722,10.622,11.684,2100,24536.4,,,,,,,,
2014-12-29,10.812,11.722,10.812,11.646,2800,32608.800000000003,,,,,,,,
2014-12-30,11.532,11.532,10.053,10.887,1400,15241.8,,,,,,,,
2014-12-31,10.698,11.267,10.698,11.191,9600,107433.6,,,,,,,,
2015-01-05,11.419,11.419,10.963,10.963,6100,66874.29999999999,,,,,,,,
2015-01-06,11.001,11.608,10.963,11.381,11400,129743.4,,,,,,,,
2015-01-07,11.191,11.381,11.191,11.381,16800,191200.8,,,,,,,,
2015-01-08,11.381,11.76,11.381,11.76,5200,61152.0,,,,,,,,
2015-01-09,11.532,12.443,10.47,11.722,1300,15238.6,,,,,,,,
2015-01-12,12.481,12.481,11.419,11.419,2500,28547.5,,,,,,,,
2015-01-13,12.101,12.101,11.419,12.025,1400,16835.0,,,,,,,,
2015-01-14,11.419,11.419,11.419,11.419,10600,121041.4,,,,,,,,
2015-01-15,12.519,12.519,11.419,11.76,1800,21168.0,,,,,,,,
2015-01-16,11.456,11.456,11.419,11.419,7000,79933.0,,,,,,,,
2015-01-19,12.519,12.519,11.419,11.419,4700,53669.3,,,,,,,,
2015-01-20,12.557,12.557,10.318,12.481,6600,82374.6,,,,,,,,
2015-01-21,12.481,12.481,12.481,12.481,100,1248.1,,,,,,,,
2015-01-22,13.657,13.657,11.305,11.343,2300,26088.9,,,,,,,,
2015-01-23,11.494,11.494,11.305,11.305,4200,47481.0,,,,,,,,
2015-01-26,11.267,11.267,11.229,11.229,1500,16843.5,,,,,,,,
2015-01-27,11.153,11.229,11.153,11.229,3800,42670.2,,,,,,,,
2015-01-28,12.215,12.215,11.153,11.153,700,7807.1,,,,,,,,
2015-01-29,11.153,11.494,11.153,11.153,2800,31228.4,,,,,,,,
2015-01-30,11.191,11.419,11.115,11.115,4900,54463.5,,,,,,,,
2015-02-02,12.253,12.253,11.153,12.101,400,4840.400000000001,,,,,,,,
2015-02-03,12.784,12.784,11.646,11.646,1100,12810.6,,,,,,,,
2015-02-04,12.898,12.898,11.381,11.381,5900,67147.9,,,,,,,,
2015-02-05,11.381,11.381,11.381,11.381,3500,39833.5,,,,,,,,
2015-02-06,11.381,11.381,11.381,11.381,100,1138.1,,,,,,,,
2015-02-09,12.025,12.025,11.343,11.419,1800,20554.2,,,,,,,,
2015-02-10,12.367,12.367,12.367,12.367,100,1236.7,,,,,,,,
2015-02-11,12.367,12.367,12.367,12.367,0,0.0,,,,,,,,
2015-02-12,11.305,11.305,11.305,11.305,3200,36176.0,,,,,,,,
2015-02-13,12.291,12.291,11.229,11.229,800,8983.199999999999,,,,,,,,
2015-02-24,12.253,12.253,11.305,12.253,2800,34308.4,,,,,,,,
2015-02-25,12.215,12.215,11.305,11.419,7600,86784.40000000001,,,,,,,,
2015-02-26,11.381,11.381,11.381,11.381,1500,17071.5,,,,,,,,
2015-02-27,11.381,11.381,11.381,11.381,3300,37557.3,,,,,,,,
2015-03-02,11.343,11.343,11.343,11.343,2000,22686.0,,,,,,,,
2015-03-03,11.343,11.381,11.343,11.381,1700,19347.7,,,,,,,,
2015-03-04,11.343,11.343,11.305,11.305,900,10174.5,,,,,,,,
2015-03-05,11.305,11.305,11.305,11.305,0,0.0,,,,,,,,
2015-03-06,11.343,11.381,11.267,11.267,1900,21407.3,,,,,,,,
2015-03-09,11.305,11.305,11.305,11.305,1000,11305.0,,,,,,,,
2015-03-10,11.381,11.381,11.381,11.381,600,6828.6,,,,,,,,
2015-03-11,10.28,11.381,10.28,11.381,500,5690.5,,,,,,,,
2015-03-12,11.305,11.305,10.318,10.318,3600,37144.8,,,,,,,,
2015-03-13,11.267,11.267,11.267,11.267,0,0.0,,,,,,,,
2015-03-16,10.47,11.191,10.47,11.191,500,5595.5,,,,,,,,
2015-03-17,11.039,11.039,11.039,11.039,0,0.0,,,,,,,,
2015-03-18,10.849,12.101,10.849,12.101,200,2420.2000000000003,,,,,,,,
2015-03-19,11.039,11.267,11.039,11.191,700,7833.700000000001,,,,,,,,
2015-03-20,11.191,11.191,11.191,11.191,0,0.0,,,,,,,,
2015-03-23,10.925,10.925,10.887,10.887,300,3266.1000000000004,,,,,,,,
2015-03-24,9.977,10.622,9.977,10.622,200,2124.4,,,,,,,,
2015-03-25,11.343,11.343,11.343,11.343,400,4537.2,,,,,,,,
2015-03-26,11.343,11.343,11.343,11.343,0,0.0,,,,,,,,
2015-03-27,11.343,11.343,11.343,11.343,0,0.0,,,,,,,,
2015-03-30,10.774,11.343,10.774,11.343,200,2268.6,,,,,,,,
2015-03-31,11.077,11.077,11.077,11.077,0,0.0,,,,,,,,
2015-04-01,10.812,11.001,10.812,11.001,300,3300.3,,,,,,,,
2015-04-02,11.153,11.153,10.774,10.812,600,6487.2,,,,,,,,
2015-04-03,10.887,10.887,10.887,10.887,0,0.0,,,,,,,,
2015-04-06,10.925,10.925,10.243,10.243,500,5121.5,,,,,,,,
2015-04-07,10.508,10.508,10.508,10.508,0,0.0,,,,,,,,
2015-04-08,9.636,9.636,9.636,9.636,100,963.6,,,,,,,,
2015-04-09,10.508,10.584,10.508,10.584,3200,33868.8,,,,,,,,
2015-04-10,11.153,11.267,11.153,11.267,2400,27040.8,,,,,,,,
2015-04-13,11.153,11.153,11.153,11.153,3500,39035.5,,,,,,,,
2015-04-14,10.812,11.039,10.66,10.66,3600,38376.0,,,,,,,,
2015-04-15,11.267,11.267,10.774,10.774,200,2154.8,,,,,,,,
2015-04-16,11.039,11.039,11.039,11.039,0,0.0,,,,,,,,
2015-04-17,11.153,11.153,11.153,11.153,100,1115.3,,,,,,,,
2015-04-20,11.115,11.115,11.115,11.115,300,3334.5,,,,,,,,
2015-04-21,11.001,11.001,10.812,10.812,2700,29192.4,,,,,,,,
2015-04-22,10.849,10.849,10.849,10.849,100,1084.9,,,,,,,,
2015-04-23,10.812,10.812,10.812,10.812,500,5406.0,,,,,,,,
2015-04-24,10.736,10.736,10.736,10.736,800,8588.800000000001,,,,,,,,
2015-04-27,10.736,10.736,10.736,10.736,0,0.0,,,,,,,,
2015-05-04,10.736,10.736,10.736,10.736,0,0.0,,,,,,,,
2015-05-05,9.673,11.76,9.673,11.76,200,2352.0,,,,,,,,
2015-05-06,10.774,10.774,10.736,10.736,500,5368.0,,,,,,,,
2015-05-07,10.774,10.774,10.736,10.736,1700,18251.2,,,,,,,,
2015-05-08,10.736,10.736,10.736,10.736,0,0.0,,,,,,,,
2015-05-11,10.736,10.736,10.736,10.736,100,1073.6,,,,,,,,
2015-05-12,10.622,10.736,10.622,10.736,2200,23619.2,,,,,,,,
2015-05-13,10.66,10.66,10.66,10.66,0,0.0,,,,,,,,
2015-05-14,10.66,10.66,10.66,10.66,0,0.0,,,,,,,,
2015-05-15,10.66,10.66,10.66,10.66,0,0.0,,,,,,,,
2015-05-18,10.925,10.925,10.925,10.925,100,1092.5,,,,,,,,
2015-05-19,10.622,10.622,10.622,10.622,3700,39301.4,,,,,,,,
2015-05-20,10.925,10.925,10.508,10.925,10500,114712.5,,,,,,,,
2015-05-21,10.887,10.925,10.243,10.736,17600,188953.6,,,,,,,,
2015-05-22,10.508,10.736,10.508,10.508,25100,263750.8,,,,,,,,
2015-05-25,10.508,11.343,10.508,11.343,1500,17014.5,,,,,,,,
2015-05-26,9.598,11.191,9.598,10.508,4800,50438.4,,,,,,,,
2015-05-27,10.47,10.47,10.47,10.47,3100,32457.000000000004,,,,,,,,
2015-05-28,10.47,10.47,10.47,10.47,0,0.0,,,,,,,,
2015-05-29,10.47,10.47,10.47,10.47,0,0.0,,,,,,,,
2015-06-01,10.356,10.925,10.356,10.622,800,8497.6,,,,,,,,
2015-06-02,10.925,10.925,10.925,10.925,100,1092.5,,,,,,,,
2015-06-03,10.963,11.305,10.622,11.305,300,3391.5,,,,,,,,
2015-06-04,11.305,11.305,10.508,10.963,500,5481.5,,,,,,,,
2015-06-05,11.267,11.267,10.622,10.622,800,8497.6,,,,,,,,
2015-06-08,10.508,10.508,10.508,10.508,500,5254.0,,,,,,,,
2015-06-09,10.508,10.508,10.508,10.508,0,0.0,,,,,,,,
2015-06-10,10.925,10.925,10.812,10.812,200,2162.4,,,,,,,,
2015-06-11,10.887,10.887,10.887,10.887,0,0.0,,,,,,,,
2015-06-12,10.622,10.622,10.622,10.622,100,1062.2,,,,,,,,
2015-06-15,10.622,10.622,10.622,10.622,100,1062.2,,,,,,,,
2015-06-16,10.47,10.47,10.47,10.47,1000,10470.0,,,,,,,,
2015-06-17,10.47,10.47,10.47,10.47,0,0.0,,,,,,,,
2015-06-18,10.47,10.47,10.47,10.47,0,0.0,,,,,,,,
2015-06-19,10.47,10.47,10.47,10.47,0,0.0,,,,,,,,
2015-06-22,11.229,11.229,10.622,10.622,1100,11684.2,,,,,,,,
2015-06-23,11.001,11.001,11.001,11.001,0,0.0,,,,,,,,
2015-06-24,10.963,10.963,10.963,10.963,500,5481.5,,,,,,,,
2015-06-25,10.622,10.622,10.622,10.622,1000,10622.0,,,,,,,,
2015-06-26,11.305,11.305,10.66,10.66,1100,11726.0,,,,,,,,
2015-06-29,11.305,11.305,11.305,11.305,100,1130.5,,,,,,,,
2015-06-30,11.305,11.305,11.305,11.305,0,0.0,,,,,,,,
2015-07-01,11.305,11.305,11.305,11.305,0,0.0,,,,,,,,
2015-07-02,10.803,10.803,10.803,10.803,500,5401.5,,,,,,,,
2015-07-03,10.803,10.803,10.803,10.803,0,0.0,,,,,,,,
2015-07-06,10.803,10.803,10.803,10.803,0,0.0,,,,,,,,
2015-07-07,9.221,11.421,9.221,10.803,800,8642.400000000001,,,,,,,,
2015-07-08,9.414,12.308,9.414,10.803,2100,22686.300000000003,,,,,,,,
2015-07-09,10.726,10.726,10.726,10.726,500,5363.0,,,,,,,,
2015-07-10,10.919,10.919,10.919,10.919,300,3275.7000000000003,,,,,,,,
2015-07-13,10.919,10.919,10.919,10.919,0,0.0,,,,,,,,
2015-07-14,10.919,10.919,10.919,10.919,0,0.0,,,,,,,,
2015-07-15,10.919,10.919,10.919,10.919,0,0.0,,,,,,,,
2015-07-16,10.726,10.726,10.726,10.726,100,1072.6,,,,,,,,
2015-07-17,10.688,10.688,10.688,10.688,1700,18169.6,,,,,,,,
2015-07-20,10.572,10.572,10.572,10.572,900,9514.8,,,,,,,,
2015-07-21,10.572,10.572,10.572,10.572,200,2114.4,,,,,,,,
2015-07-22,10.61,10.803,10.456,10.456,3800,39732.8,,,,,,,,
2015-07-23,10.803,10.803,10.803,10.803,100,1080.3000000000002,,,,,,,,
2015-07-24,11.073,11.189,11.073,11.189,1100,12307.9,,,,,,,,
2015-07-27,11.189,11.189,11.189,11.189,400,4475.6,,,,,,,,
2015-07-28,11.189,11.189,11.189,11.189,0,0.0,,,,,,,,
2015-07-29,11.189,11.189,11.189,11.189,0,0.0,,,,,,,,
2015-07-30,12.733,12.733,12.733,12.733,100,1273.3,,,,,,,,
2015-07-31,10.842,10.842,10.842,10.842,100,1084.2,,,,,,,,
2015-08-03,10.842,10.842,10.842,10.842,0,0.0,,,,,,,,
2015-08-04,10.456,10.456,10.456,10.456,100,1045.6,,,,,,,,
2015-08-05,10.456,10.456,10.456,10.456,0,0.0,,,,,,,,
2015-08-06,10.456,10.456,10.456,10.456,0,0.0,,,,,,,,
2015-08-07,8.913,8.913,8.913,8.913,100,891.3000000000001,,,,,,,,
2015-08-10,7.678,7.678,7.678,7.678,100,767.8,,,,,,,,
2015-08-11,7.678,7.678,7.678,7.678,0,0.0,,,,,,,,
2015-08-12,8.797,8.797,8.797,8.797,100,879.7,,,,,,,,
2015-08-13,7.601,8.836,7.601,8.836,200,1767.2,,,,,,,,
2015-08-14,7.022,7.022,7.022,7.022,200,1404.4,,,,,,,,
2015-08-17,6.366,6.366,6.366,6.366,100,636.5999999999999,,,,,,,,
2015-08-18,6.366,6.366,6.366,6.366,0,0.0,,,,,,,,
2015-08-19,6.366,6.366,6.366,6.366,0,0.0,,,,,,,,
2015-08-20,7.292,7.292,7.292,7.292,100,729.1999999999999,,,,,,,,
2015-08-21,8.373,8.373,8.373,8.373,200,1674.6,,,,,,,,
2015-08-24,8.373,8.373,8.373,8.373,0,0.0,,,,,,,,
2015-08-25,9.607,9.607,9.607,9.607,100,960.7,,,,,,,,
2015-08-26,10.996,10.996,10.996,10.996,100,1099.6,,,,,,,,
2015-08-27,10.996,10.996,10.996,10.996,0,0.0,,,,,,,,
2015-08-28,10.996,10.996,10.996,10.996,0,0.0,,,,,,,,
2015-08-31,10.996,10.996,10.996,10.996,0,0.0,,,,,,,,
2015-09-01,10.996,10.996,10.996,10.996,2200,24191.2,,,,,,,,
2015-09-03,10.996,10.996,10.996,10.996,4300,47282.8,,,,,,,,
2015-09-04,10.881,10.881,10.881,10.881,2200,23938.2,,,,,,,,
2015-09-07,10.881,10.881,10.881,10.881,0,0.0,,,,,,,,
2015-09-08,10.032,10.07,10.032,10.032,41000,411312.0,,,,,,,,
2015-09-09,10.032,10.032,10.032,10.032,10,100.32,,,,,,,,
2015-09-10,10.032,10.032,10.032,10.032,0,0.0,,,,,,,,
2015-09-11,10.032,10.032,10.032,10.032,0,0.0,,,,,,,,
2015-09-14,10.032,10.032,10.032,10.032,0,0.0,,,,,,,,
2015-09-15,10.032,10.032,10.032,10.032,0,0.0,,,,,,,,
2015-09-16,8.527,11.498,8.527,11.498,400,4599.2,,,,,,,,
2015-09-17,9.8,9.8,9.8,9.8,100,980.0,,,,,,,,
2015-09-18,11.266,11.266,11.266,11.266,100,1126.6,,,,,,,,
2015-09-21,11.266,11.266,11.266,11.266,0,0.0,,,,,,,,
2015-09-22,11.266,11.266,11.266,11.266,0,0.0,,,,,,,,
2015-09-23,9.607,11.691,9.607,11.691,400,4676.400000000001,,,,,,,,
2015-09-24,11.189,11.189,11.189,11.189,0,0.0,,,,,,,,
2015-09-25,11.189,11.189,11.189,11.189,0,0.0,,,,,,,,
2015-09-28,11.189,11.189,11.189,11.189,0,0.0,,,,,,,,
2015-09-29,11.189,11.189,11.189,11.189,0,0.0,,,,,,,,
2015-09-30,9.53,9.53,9.53,9.53,100,953.0,,,,,,,,
2015-10-01,9.53,9.53,9.53,9.53,0,0.0,,,,,,,,
2015-10-02,9.53,9.53,9.53,9.53,0,0.0,,,,,,,,
2015-10-05,9.53,9.53,9.53,9.53,0,0.0,,,,,,,,
2015-10-06,9.53,9.53,9.53,9.53,0,0.0,,,,,,,,
2015-10-07,9.53,9.53,9.53,9.53,300,2859.0,,,,,,,,
2015-10-08,9.53,9.53,9.53,9.53,0,0.0,,,,,,,,
2015-10-09,9.53,9.53,9.53,9.53,0,0.0,,,,,,,,
2015-10-12,9.53,9.53,9.53,9.53,0,0.0,,,,,,,,
2015-10-13,9.53,9.53,9.53,9.53,0,0.0,,,,,,,,
2015-10-14,9.53,9.53,9.53,9.53,100,953.0,,,,,,,,
2015-10-15,9.53,9.53,9.53,9.53,0,0.0,,,,,,,,
2015-10-16,9.53,9.53,9.53,9.53,0,0.0,,,,,,,,
2015-10-19,9.53,9.53,9.53,9.53,0,0.0,,,,,,,,
2015-10-20,9.569,9.569,9.569,9.569,400,3827.6,,,,,,,,
2015-10-21,9.569,9.569,9.569,9.569,0,0.0,,,,,,,,
2015-10-22,9.569,9.569,9.569,9.569,300,2870.7000000000003,,,,,,,,
2015-10-23,9.569,9.569,9.569,9.569,0,0.0,,,,,,,,
2015-10-26,9.569,9.569,9.569,9.569,0,0.0,,,,,,,,
2015-10-27,9.569,9.569,9.569,9.569,0,0.0,,,,,,,,
2015-10-28,9.569,9.569,9.569,9.569,0,0.0,,,,,,,,
2015-10-29,9.26,9.26,9.26,9.26,100,926.0,,,,,,,,
2015-10-30,9.26,9.26,9.26,9.26,0,0.0,,,,,,,,
2015-11-02,9.26,9.26,9.26,9.26,0,0.0,,,,,,,,
2015-11-03,8.011,10.612,8.011,10.612,400,4244.8,,,,,,,,
2015-11-04,9.312,9.312,9.312,9.312,0,0.0,,,,,,,,
2015-11-05,8.063,8.063,8.063,8.063,100,806.3000000000001,,,,,,,,
2015-11-06,8.063,8.063,8.063,8.063,0,0.0,,,,,,,,
2015-11-09,8.063,8.063,8.063,8.063,0,0.0,,,,,,,,
2015-11-10,6.919,6.919,6.919,6.919,100,691.9,,,,,,,,
2015-11-11,6.919,6.919,6.919,6.919,0,0.0,,,,,,,,
2015-11-12,6.919,6.919,6.919,6.919,0,0.0,,,,,,,,
2015-11-13,6.919,6.919,6.919,6.919,0,0.0,,,,,,,,
2015-11-16,5.982,5.982,5.982,5.982,100,598.2,,,,,,,,
2015-11-17,5.982,5.982,5.982,5.982,0,0.0,,,,,,,,
2015-11-18,5.982,5.982,5.982,5.982,0,0.0,,,,,,,,
2015-11-19,5.982,5.982,5.982,5.982,0,0.0,,,,,,,,
2015-11-20,5.982,5.982,5.982,5.982,0,0.0,,,,,,,,
2015-11-23,5.982,5.982,5.982,5.982,0,0.0,,,,,,,,
2015-11-24,5.15,6.867,5.15,6.867,200,1373.4,,,,,,,,
2015-11-25,6.034,6.034,6.034,6.034,0,0.0,,,,,,,,
2015-11-26,6.034,6.034,6.034,6.034,0,0.0,,,,,,,,
2015-11-27,5.202,5.202,5.202,5.202,100,520.2,,,,,,,,
2015-11-30,5.202,5.202,5.202,5.202,0,0.0,,,,,,,,
2015-12-01,5.202,5.202,5.202,5.202,0,0.0,,,,,,,,
2015-12-02,5.202,5.202,5.202,5.202,0,0.0,,,,,,,,
2015-12-03,5.202,5.202,5.202,5.202,0,0.0,,,,,,,,
2015-12-04,5.202,5.202,5.202,5.202,0,0.0,,,,,,,,
2015-12-07,5.202,5.202,5.202,5.202,0,0.0,,,,,,,,
2015-12-08,5.202,5.202,5.202,5.202,0,0.0,,,,,,,,
2015-12-09,5.202,5.202,5.202,5.202,0,0.0,,,,,,,,
2015-12-10,5.202,5.202,5.202,5.202,0,0.0,,,,,,,,
2015-12-11,5.202,5.202,5.202,5.202,0,0.0,,,,,,,,
2015-12-14,5.202,5.202,5.202,5.202,0,0.0,,,,,,,,
2015-12-15,5.202,5.202,5.202,5.202,0,0.0,,,,,,,,
2015-12-16,5.202,5.202,5.202,5.202,0,0.0,,,,,,,,
2015-12-17,5.202,5.202,5.202,5.202,0,0.0,,,,,,,,
2015-12-18,5.202,5.202,5.202,5.202,0,0.0,,,,,,,,
2015-12-21,5.202,5.202,5.202,5.202,0,0.0,,,,,,,,
2015-12-22,5.202,5.202,5.202,5.202,0,0.0,,,,,,,,
2015-12-23,5.202,5.202,5.202,5.202,0,0.0,,,,,,,,
2015-12-24,5.202,5.202,5.202,5.202,0,0.0,,,,,,,,
2015-12-25,5.202,5.202,5.202,5.202,0,0.0,,,,,,,,
2015-12-28,5.202,5.202,5.202,5.202,0,0.0,,,,,,,,
2015-12-29,5.202,5.202,5.202,5.202,0,0.0,,,,,,,,
2015-12-30,5.202,5.202,5.202,5.202,0,0.0,,,,,,,,
2015-12-31,5.202,5.202,5.202,5.202,0,0.0,,,,,,,,
2016-01-04,5.202,5.202,5.202,5.202,0,0.0,,,,,,,,
2016-01-05,5.202,5.202,5.202,5.202,0,0.0,,,,,,,,
2016-01-06,5.202,5.202,5.202,5.202,0,0.0,,,,,,,,
2016-01-07,5.202,5.202,5.202,5.202,0,0.0,,,,,,,,
2016-01-08,5.202,5.202,5.202,5.202,0,0.0,,,,,,,,
2016-01-11,5.202,5.202,5.202,5.202,0,0.0,,,,,,,,
2016-01-12,5.202,5.202,5.202,5.202,0,0.0,,,,,,,,
2016-01-13,5.202,5.202,5.202,5.202,0,0.0,,,,,,,,
2016-01-14,5.202,5.202,5.202,5.202,0,0.0,,,,,,,,
2016-01-15,5.202,5.202,5.202,5.202,0,0.0,,,,,,,,
2016-01-18,5.202,5.202,5.202,5.202,0,0.0,,,,,,,,
2016-01-19,5.202,5.202,5.202,5.202,0,0.0,,,,,,,,
2016-01-20,5.202,5.202,5.202,5.202,0,0.0,,,,,,,,
2016-01-21,5.202,5.202,5.202,5.202,0,0.0,,,,,,,,
2016-01-22,5.202,5.202,5.202,5.202,0,0.0,,,,,,,,
2016-01-25,5.202,5.202,5.202,5.202,0,0.0,,,,,,,,
2016-01-26,5.202,5.202,5.202,5.202,0,0.0,,,,,,,,
2016-01-27,5.202,5.202,5.202,5.202,0,0.0,,,,,,,,
2016-01-28,7.283,7.283,7.283,7.283,100,728.3000000000001,,,,,,,,
2016-01-29,7.283,7.283,7.283,7.283,0,0.0,,,,,,,,
2016-02-01,8.375,8.375,8.375,8.375,100,837.5,,,,,,,,
2016-02-02,9.624,9.624,7.855,7.855,200,1571.0,,,,,,,,
2016-02-03,8.739,8.739,8.739,8.739,0,0.0,,,,,,,,
2016-02-04,7.439,7.439,7.439,7.439,100,743.9,,,,,,,,
2016-02-05,7.439,7.439,7.439,7.439,0,0.0,,,,,,,,
2016-02-15,7.439,7.439,7.439,7.439,0,0.0,,,,,,,,
2016-02-16,8.479,8.479,8.479,8.479,100,847.8999999999999,,,,,,,,
2016-02-17,8.479,8.479,8.479,8.479,0,0.0,,,,,,,,
2016-02-18,7.231,8.479,7.231,8.479,8000,67832.0,,,,,,,,
2016-02-19,9.728,9.728,7.855,7.855,300,2356.5,,,,,,,,
2016-02-22,8.479,8.479,8.479,8.479,0,0.0,,,,,,,,
2016-02-23,8.323,8.323,8.323,8.323,500,4161.5,,,,,,,,
2016-02-24,8.323,8.323,8.323,8.323,0,0.0,,,,,,,,
2016-02-25,8.323,8.323,8.323,8.323,0,0.0,,,,,,,,
2016-02-26,8.323,8.323,8.323,8.323,0,0.0,,,,,,,,
2016-02-29,8.323,8.323,8.323,8.323,0,0.0,,,,,,,,
2016-03-01,8.323,8.323,8.323,8.323,0,0.0,,,,,,,,
2016-03-02,8.323,8.323,8.323,8.323,0,0.0,,,,,,,,
2016-03-03,8.323,8.323,8.323,8.323,0,0.0,,,,,,,,
2016-03-04,8.323,8.323,8.323,8.323,0,0.0,,,,,,,,
2016-03-07,8.323,8.323,8.323,8.323,0,0.0,,,,,,,,
2016-03-08,8.323,8.323,8.323,8.323,0,0.0,,,,,,,,
2016-03-09,8.323,8.323,8.323,8.323,0,0.0,,,,,,,,
2016-03-10,8.323,8.323,8.323,8.323,0,0.0,,,,,,,,
2016-03-11,8.323,8.323,8.323,8.323,0,0.0,,,,,,,,
2016-03-14,9.364,9.364,9.364,9.364,100,936.4,,,,,,,,
2016-03-15,8.011,8.011,8.011,8.011,100,801.0999999999999,,,,,,,,
2016-03-16,9.208,9.208,9.208,9.208,100,920.8,,,,,,,,
2016-03-17,9.208,9.208,9.208,9.208,0,0.0,,,,,,,,
2016-03-18,10.56,10.56,10.56,10.56,3100,32736.0,,,,,,,,
2016-03-21,10.56,10.56,10.56,10.56,0,0.0,,,,,,,,
2016-03-22,10.56,10.56,10.56,10.56,0,0.0,,,,,,,,
2016-03-23,10.56,10.56,10.56,10.56,5100,53856.0,,,,,,,,
2016-03-24,10.56,10.56,10.56,10.56,0,0.0,,,,,,,,
2016-03-25,12.121,12.121,12.121,12.121,500,6060.5,,,,,,,,
2016-03-28,10.404,10.404,10.404,10.404,100,1040.4,,,,,,,,
2016-03-29,10.404,10.404,10.404,10.404,0,0.0,,,,,,,,
2016-03-30,10.664,10.664,10.404,10.508,1800,18914.4,,,,,,,,
2016-03-31,10.56,10.56,10.56,10.56,1600,16896.0,,,,,,,,
2016-04-01,10.56,10.56,10.508,10.508,4900,51489.2,,,,,,,,
2016-04-04,10.508,10.508,10.508,10.508,0,0.0,,,,,,,,
2016-04-05,12.069,12.069,12.069,12.069,1400,16896.600000000002,,,,,,,,
2016-04-06,12.069,12.069,12.069,12.069,4400,53103.600000000006,,,,,,,,
2016-04-07,12.745,12.745,12.745,12.745,100,1274.5,,,,,,,,
2016-04-08,11.705,11.705,11.705,11.705,4900,57354.5,,,,,,,,
2016-04-11,11.705,11.705,11.705,11.705,0,0.0,,,,,,,,
2016-04-12,11.705,11.705,11.705,11.705,500,5852.5,,,,,,,,
2016-04-13,11.653,11.653,11.653,11.653,3300,38454.9,,,,,,,,
2016-04-14,9.936,9.936,9.936,9.936,100,993.6,,,,,,,,
2016-04-15,9.936,9.936,9.936,9.936,0,0.0,,,,,,,,
2016-04-19,9.936,9.936,9.936,9.936,0,0.0,,,,,,,,
2016-04-20,10.456,10.664,10.456,10.508,7000,73556.0,,,,,,,,
2016-04-21,10.508,10.508,10.508,10.508,0,0.0,,,,,,,,
2016-04-22,10.664,10.716,10.56,10.716,6100,65367.6,,,,,,,,
2016-04-25,12.225,12.225,12.225,12.225,100,1222.5,,,,,,,,
2016-04-26,12.225,12.225,12.225,12.225,4500,55012.5,,,,,,,,
2016-04-27,12.225,12.225,12.225,12.225,0,0.0,,,,,,,,
2016-04-28,12.225,12.225,12.225,12.225,0,0.0,,,,,,,,
2016-04-29,12.225,12.225,12.225,12.225,0,0.0,,,,,,,,
2016-05-04,11.965,11.965,11.965,11.965,500,5982.5,,,,,,,,
2016-05-05,11.965,11.965,11.965,11.965,1000,11965.0,,,,,,,,
2016-05-06,11.965,11.965,11.965,11.965,0,0.0,,,,,,,,
2016-05-09,11.965,11.965,11.965,11.965,0,0.0,,,,,,,,
2016-05-10,11.861,11.861,11.861,11.861,100,1186.1,,,,,,,,
2016-05-11,11.861,11.861,11.861,11.861,0,0.0,,,,,,,,
2016-05-12,13.577,13.577,12.225,12.225,3100,37897.5,,,,,,,,
2016-05-13,14.045,14.045,12.277,12.277,3100,38058.7,,,,,,,,
2016-05-16,14.097,14.097,14.097,14.097,100,1409.7,,,,,,,,
2016-05-17,14.097,14.097,14.097,14.097,0,0.0,,,,,,,,
2016-05-18,12.017,13.265,12.017,13.265,4600,61019.0,,,,,,,,
2016-05-19,13.057,13.057,13.057,13.057,800,10445.6,,,,,,,,
2016-05-20,11.236,11.236,11.236,11.236,3000,33708.0,,,,,,,,
2016-05-23,11.236,11.236,11.236,11.236,0,0.0,,,,,,,,
2016-05-24,11.236,11.236,11.236,11.236,0,0.0,,,,,,,,
2016-05-25,11.236,11.236,11.236,11.236,0,0.0,,,,,,,,
2016-05-26,11.236,11.236,11.236,11.236,0,0.0,,,,,,,,
2016-05-27,11.236,11.236,11.236,11.236,0,0.0,,,,,,,,
2016-05-30,11.236,11.236,11.236,11.236,0,0.0,,,,,,,,
2016-05-31,11.236,11.236,11.236,11.236,0,0.0,,,,,,,,
2016-06-01,11.236,11.236,11.236,11.236,0,0.0,,,,,,,,
2016-06-02,11.236,11.236,11.236,11.236,0,0.0,,,,,,,,
2016-06-03,11.444,11.444,11.444,11.444,600,6866.400000000001,,,,,,,,
2016-06-06,12.485,13.005,12.485,13.005,200,2601.0,,,,,,,,
2016-06-07,12.745,12.745,12.745,12.745,0,0.0,,,,,,,,
2016-06-08,12.745,12.745,12.745,12.745,0,0.0,,,,,,,,
2016-06-09,11.965,11.965,11.965,11.965,1000,11965.0,,,,,,,,
2016-06-10,10.404,11.757,10.404,11.757,600,7054.2,,,,,,,,
2016-06-13,11.549,11.549,11.549,11.549,0,0.0,,,,,,,,
2016-06-14,11.549,11.549,11.549,11.549,0,0.0,,,,,,,,
2016-06-15,11.549,11.549,11.549,11.549,0,0.0,,,,,,,,
2016-06-16,11.549,11.549,11.549,11.549,0,0.0,,,,,,,,
2016-06-17,11.549,11.549,11.549,11.549,0,0.0,,,,,,,,
2016-06-20,11.549,11.549,11.549,11.549,0,0.0,,,,,,,,
2016-06-21,11.965,11.965,11.965,11.965,1000,11965.0,,,,,,,,
2016-06-22,11.965,11.965,11.965,11.965,0,0.0,,,,,,,,
2016-06-23,11.965,11.965,11.965,11.965,2000,23930.0,,,,,,,,
2016-06-24,12.017,12.017,12.017,12.017,1900,22832.3,,,,,,,,
2016-06-27,13.733,13.733,13.733,13.733,100,1373.3,,,,,,,,
2016-06-28,11.705,11.965,11.705,11.965,2100,25126.5,,,,,,,,
2016-06-29,13.681,13.681,13.681,13.681,100,1368.1,,,,,,,,
2016-06-30,11.653,11.653,11.653,11.653,100,1165.3,,,,,,,,
2016-07-01,11.653,11.653,11.653,11.653,0,0.0,,,,,,,,
2016-07-04,11.653,11.653,11.653,11.653,0,0.0,,,,,,,,
2016-07-05,11.653,11.653,11.653,11.653,0,0.0,,,,,,,,
2016-07-06,11.652,11.652,11.652,11.652,0,0.0,,,,,,,,
2016-07-07,13.325,13.325,13.325,13.325,100,1332.5,,,,,,,,
2016-07-08,15.267,15.267,15.267,15.267,100,1526.7,,,,,,,,
2016-07-11,15.267,15.267,15.267,15.267,0,0.0,,,,,,,,
2016-07-12,13.001,13.001,13.001,13.001,6800,88406.8,,,,,,,,
2016-07-13,13.001,13.001,13.001,13.001,2900,37702.9,,,,,,,,
2016-07-14,11.113,14.943,11.113,14.943,200,2988.6,,,,,,,,
2016-07-15,13.487,13.487,13.487,13.487,400,5394.8,,,,,,,,
2016-07-18,11.491,12.462,11.491,12.462,3100,38632.2,,,,,,,,
2016-07-19,12.3,12.3,12.3,12.3,100,1230.0,,,,,,,,
2016-07-20,10.735,12.246,10.735,12.246,500,6123.0,,,,,,,,
2016-07-21,11.922,11.922,11.922,11.922,0,0.0,,,,,,,,
2016-07-22,11.922,11.922,11.922,11.922,0,0.0,,,,,,,,
2016-07-25,11.922,11.922,11.922,11.922,0,0.0,,,,,,,,
2016-07-26,11.922,11.922,11.922,11.922,0,0.0,,,,,,,,
2016-07-27,11.922,11.922,11.922,11.922,2000,23844.0,,,,,,,,
2016-07-28,11.922,11.922,11.922,11.922,0,0.0,,,,,,,,
2016-07-29,11.868,12.408,11.868,11.868,7700,91383.6,,,,,,,,
2016-08-01,11.868,11.868,11.868,11.868,0,0.0,,,,,,,,
2016-08-02,11.868,11.868,11.868,11.868,3000,35604.0,,,,,,,,
2016-08-03,11.868,11.868,11.76,11.76,2500,29400.0,,,,,,,,
2016-08-04,11.814,11.814,11.814,11.814,0,0.0,,,,,,,,
2016-08-05,11.76,11.76,11.76,11.76,6500,76440.0,,,,,,,,
2016-08-08,11.76,11.76,11.76,11.76,0,0.0,,,,,,,,
2016-08-09,13.433,13.433,13.433,13.433,100,1343.3,,,,,,,,
2016-08-10,11.437,15.375,11.437,15.375,200,3075.0,,,,,,,,
2016-08-11,11.491,11.491,11.491,11.491,1000,11491.0,,,,,,,,
2016-08-12,11.491,11.491,11.491,11.491,3400,39069.4,,,,,,,,
2016-08-15,13.109,13.109,13.109,13.109,100,1310.9,,,,,,,,
2016-08-16,14.997,14.997,11.383,11.383,5100,58053.3,,,,,,,,
2016-08-17,13.271,13.271,13.271,13.271,100,1327.1,,,,,,,,
2016-08-18,11.329,11.706,11.329,11.437,600,6862.2,,,,,,,,
2016-08-19,12.785,12.785,12.785,12.785,100,1278.5,,,,,,,,
2016-08-22,10.897,11.329,10.897,11.329,2000,22658.0,,,,,,,,
2016-08-23,11.221,11.598,11.221,11.598,600,6958.8,,,,,,,,
2016-08-24,12.569,12.569,12.569,12.569,100,1256.9,,,,,,,,
2016-08-25,10.735,11.329,10.735,11.329,5100,57777.9,,,,,,,,
2016-08-26,12.569,12.569,11.329,11.329,1200,13594.8,,,,,,,,
2016-08-29,12.569,12.569,11.544,11.544,3000,34632.0,,,,,,,,
2016-08-30,12.408,12.408,11.544,11.544,900,10389.6,,,,,,,,
2016-08-31,12.785,12.785,11.491,11.491,5300,60902.3,,,,,,,,
2016-09-01,12.785,12.785,11.437,11.437,5100,58328.7,,,,,,,,
2016-09-05,11.437,11.437,11.383,11.383,2900,33010.7,,,,,,,,
2016-09-06,11.437,11.437,11.437,11.437,0,0.0,,,,,,,,
2016-09-07,12.677,12.677,12.677,12.677,100,1267.7,,,,,,,,
2016-09-08,10.789,13.594,10.789,11.598,4600,53350.8,,,,,,,,
2016-09-09,12.569,12.569,11.868,11.868,2200,26109.6,,,,,,,,
2016-09-12,12.3,12.3,11.922,11.922,2000,23844.0,,,,,,,,
2016-09-13,11.868,11.868,11.868,11.868,4700,55779.6,,,,,,,,
2016-09-14,11.922,12.3,11.922,11.922,2100,25036.2,,,,,,,,
2016-09-15,12.138,12.138,12.138,12.138,0,0.0,,,,,,,,
2016-09-16,11.922,11.922,11.922,11.922,10000,119220.0,,,,,,,,
2016-09-19,11.922,11.976,11.922,11.976,2500,29940.000000000004,,,,,,,,
2016-09-20,11.976,11.976,11.976,11.976,700,8383.2,,,,,,,,
2016-09-21,13.433,13.433,13.433,13.433,100,1343.3,,,,,,,,
2016-09-22,11.437,15.375,11.437,11.976,8200,98203.2,,,,,,,,
2016-09-23,11.976,12.03,11.976,12.03,8000,96240.0,,,,,,,,
2016-09-26,13.163,13.163,13.163,13.163,100,1316.3,,,,,,,,
2016-09-27,11.221,12.03,11.221,12.03,1000,12030.0,,,,,,,,
2016-09-28,13.648,13.648,12.084,12.084,2300,27793.2,,,,,,,,
2016-09-29,12.138,12.138,12.138,12.138,0,0.0,,,,,,,,
2016-09-30,13.864,13.864,12.138,12.138,13000,157794.0,,,,,,,,
2016-10-03,12.408,12.408,12.192,12.192,21600,263347.2,,,,,,,,
2016-10-04,12.192,12.246,12.138,12.246,7100,86946.6,,,,,,,,
2016-10-05,12.785,12.785,12.192,12.192,9700,118262.4,,,,,,,,
2016-10-06,12.623,12.623,12.192,12.192,5800,70713.6,,,,,,,,
2016-10-07,13.918,13.918,12.192,12.192,7900,96316.8,,,,,,,,
2016-10-10,12.893,12.893,12.192,12.192,14400,175564.8,,,,,,,,
2016-10-11,13.918,13.918,12.192,12.192,9100,110947.2,,,,,,,,
2016-10-12,12.246,12.246,12.246,12.246,4600,56331.6,,,,,,,,
2016-10-13,12.246,12.246,12.246,12.246,0,0.0,,,,,,,,
2016-10-14,10.466,12.246,10.466,12.246,200,2449.2000000000003,,,,,,,,
2016-10-17,10.412,12.3,10.412,12.246,3000,36738.0,,,,,,,,
2016-10-18,12.246,12.246,12.246,12.246,7900,96743.4,,,,,,,,
2016-10-19,12.246,12.246,12.246,12.246,2900,35513.4,,,,,,,,
2016-10-20,12.246,12.246,12.246,12.246,0,0.0,,,,,,,,
2016-10-21,11.868,12.246,11.329,11.329,5500,62309.5,,,,,,,,
2016-10-24,11.598,11.598,11.598,11.598,1100,12757.8,,,,,,,,
2016-10-25,13.271,13.271,11.598,11.598,1800,20876.4,,,,,,,,
2016-10-26,11.598,11.598,11.598,11.598,4600,53350.8,,,,,,,,
2016-10-27,13.271,13.271,11.868,11.868,900,10681.2,,,,,,,,
2016-10-28,13.756,13.756,13.756,13.756,100,1375.6,,,,,,,,
2016-10-31,15.59,15.59,12.408,12.408,200,2481.6,,,,,,,,
2016-11-01,15.59,15.59,15.59,15.59,100,1559.0,,,,,,,,
2016-11-02,15.59,15.59,15.59,15.59,0,0.0,,,,,,,,
2016-11-03,15.59,15.59,15.59,15.59,0,0.0,,,,,,,,
2016-11-04,13.271,13.271,13.271,13.271,100,1327.1,,,,,,,,
2016-11-07,11.976,11.976,11.976,11.976,2400,28742.4,,,,,,,,
2016-11-08,12.03,12.03,12.03,12.03,1500,18045.0,,,,,,,,
2016-11-09,12.084,12.084,12.03,12.03,6100,73383.0,,,,,,,,
2016-11-10,12.192,12.192,12.084,12.084,2401,29013.684,,,,,,,,
2016-11-11,12.138,12.138,12.138,12.138,2700,32772.6,,,,,,,,
2016-11-14,12.138,12.138,12.138,12.138,0,0.0,,,,,,,,
2016-11-15,12.138,12.138,12.138,12.138,0,0.0,,,,,,,,
2016-11-16,12.192,12.192,12.192,12.192,600,7315.2,,,,,,,,
2016-11-17,12.192,12.947,12.192,12.947,200,2589.4,,,,,,,,
2016-11-18,12.354,12.354,12.354,12.354,1300,16060.2,,,,,,,,
2016-11-21,12.354,12.354,12.354,12.354,900,11118.6,,,,,,,,
2016-11-22,12.354,12.354,12.354,12.354,2200,27178.8,,,,,,,,
2016-11-23,12.408,12.408,12.354,12.354,3900,48180.6,,,,,,,,
2016-11-24,12.354,12.408,12.354,12.408,700,8685.6,,,,,,,,
2016-11-25,12.354,12.354,12.354,12.354,37,457.098,,,,,,,,
2016-11-28,12.569,14.188,12.569,14.188,5800,82290.40000000001,,,,,,,,
2016-11-29,13.702,13.702,13.702,13.702,0,0.0,,,,,,,,
2016-11-30,12.731,12.731,12.731,12.731,600,7638.6,,,,,,,,
2016-12-01,12.731,12.731,12.731,12.731,1000,12731.0,,,,,,,,
2016-12-02,12.731,12.731,12.731,12.731,37,471.047,,,,,,,,
2016-12-05,12.354,12.354,12.354,12.354,500,6177.0,,,,,,,,
2016-12-06,12.462,12.462,12.462,12.462,3000,37386.0,,,,,,,,
2016-12-07,12.462,12.516,12.462,12.462,4800,59817.6,,,,,,,,
2016-12-08,12.462,12.462,12.408,12.408,5000,62040.0,,,,,,,,
2016-12-09,12.408,12.408,12.408,12.408,0,0.0,,,,,,,,
2016-12-12,12.408,12.408,12.408,12.408,0,0.0,,,,,,,,
2016-12-13,12.408,12.408,12.408,12.408,0,0.0,,,,,,,,
2016-12-14,12.408,12.408,12.408,12.408,5300,65762.4,,,,,,,,
2016-12-15,12.408,12.408,12.408,12.408,0,0.0,,,,,,,,
2016-12-16,12.408,12.408,12.408,12.408,0,0.0,,,,,,,,
2016-12-19,12.408,12.408,12.408,12.408,0,0.0,,,,,,,,
2016-12-20,12.3,12.3,12.3,12.3,1000,12300.0,,,,,,,,
2016-12-21,12.3,12.3,12.3,12.3,800,9840.0,,,,,,,,
2016-12-22,12.3,12.3,12.3,12.3,2700,33210.0,,,,,,,,
2016-12-23,12.3,12.3,12.3,12.3,0,0.0,,,,,,,,
2016-12-26,12.3,12.3,12.3,12.3,3000,36900.0,,,,,,,,
2016-12-27,12.3,12.3,12.3,12.3,0,0.0,,,,,,,,
2016-12-28,12.3,12.3,12.3,12.3,0,0.0,,,,,,,,
2016-12-29,12.3,12.3,12.3,12.3,0,0.0,,,,,,,,
2016-12-30,12.3,12.3,12.3,12.3,0,0.0,,,,,,,,
2017-01-03,12.192,12.192,12.192,12.192,3000,36576.0,,,,,,,,
2017-01-04,12.084,12.084,12.084,12.084,1300,15709.2,,,,,,,,
2017-01-05,11.976,11.976,11.976,11.976,100,1197.6,,,,,,,,
2017-01-06,11.976,11.976,11.976,11.976,0,0.0,,,,,,,,
2017-01-09,11.976,11.976,11.976,11.976,0,0.0,,,,,,,,
2017-01-10,11.976,11.976,11.976,11.976,0,0.0,,,,,,,,
2017-01-11,11.976,11.976,11.976,11.976,0,0.0,,,,,,,,
2017-01-12,11.976,11.976,11.976,11.976,0,0.0,,,,,,,,
2017-01-13,11.976,11.976,11.976,11.976,1500,17964.0,,,,,,,,
2017-01-16,11.868,11.868,11.868,11.868,600,7120.8,,,,,,,,
2017-01-17,11.868,11.868,11.868,11.868,0,0.0,,,,,,,,
2017-01-18,11.868,11.868,11.868,11.868,200,2373.6,,,,,,,,
2017-01-19,11.868,11.868,11.868,11.868,2600,30856.8,,,,,,,,
2017-01-20,11.868,11.868,11.868,11.868,0,0.0,,,,,,,,
2017-01-23,11.868,11.868,11.868,11.868,0,0.0,,,,,,,,
2017-01-24,11.868,11.868,11.868,11.868,0,0.0,,,,,,,,
2017-01-25,11.868,11.868,11.868,11.868,0,0.0,,,,,,,,
2017-02-02,11.868,11.868,11.868,11.868,0,0.0,,,,,,,,
2017-02-03,11.868,11.868,11.868,11.868,0,0.0,,,,,,,,
2017-02-06,11.868,11.868,11.868,11.868,0,0.0,,,,,,,,
2017-02-07,11.868,11.868,11.868,11.868,0,0.0,,,,,,,,
2017-02-08,12.677,12.677,12.138,12.138,200,2427.6,,,,,,,,
2017-02-09,11.76,11.76,11.76,11.76,500,5880.0,,,,,,,,
2017-02-10,11.76,11.76,11.76,11.76,0,0.0,,,,,,,,
2017-02-13,11.76,11.76,11.76,11.76,0,0.0,,,,,,,,
2017-02-14,11.76,11.76,11.76,11.76,0,0.0,,,,,,,,
2017-02-15,11.706,11.706,11.706,11.706,300,3511.8,,,,,,,,
2017-02-16,11.706,11.706,11.706,11.706,0,0.0,,,,,,,,
2017-02-17,11.706,11.706,11.706,11.706,0,0.0,,,,,,,,
2017-02-20,11.706,11.706,11.706,11.706,0,0.0,,,,,,,,
2017-02-21,11.706,11.706,11.706,11.706,0,0.0,,,,,,,,
2017-02-22,11.652,11.652,11.652,11.652,1000,11652.0,,,,,,,,
2017-02-23,11.652,11.652,11.652,11.652,0,0.0,,,,,,,,
2017-02-24,11.652,11.652,11.652,11.652,0,0.0,,,,,,,,
2017-02-27,11.652,11.652,11.544,11.544,1200,13852.8,,,,,,,,
2017-02-28,11.544,11.544,11.544,11.544,0,0.0,,,,,,,,
2017-03-01,11.544,11.544,11.544,11.544,0,0.0,,,,,,,,
2017-03-02,11.544,11.544,11.544,11.544,0,0.0,,,,,,,,
2017-03-03,11.437,11.437,11.437,11.437,2100,24017.7,,,,,,,,
2017-03-06,11.329,11.329,11.329,11.329,3000,33987.0,,,,,,,,
2017-03-07,11.329,11.329,11.329,11.329,1500,16993.5,,,,,,,,
2017-03-08,11.329,11.329,11.329,11.329,0,0.0,,,,,,,,
2017-03-09,11.329,11.329,11.329,11.329,0,0.0,,,,,,,,
2017-03-10,11.329,11.329,11.329,11.329,0,0.0,,,,,,,,
2017-03-13,11.329,11.329,11.329,11.329,0,0.0,,,,,,,,
2017-03-14,11.329,11.329,11.329,11.329,63,713.7270000000001,,,,,,,,
2017-03-15,11.329,11.329,11.329,11.329,0,0.0,,,,,,,,
2017-03-16,11.329,11.329,11.329,11.329,0,0.0,,,,,,,,
2017-03-17,11.329,11.329,11.329,11.329,0,0.0,,,,,,,,
2017-03-20,11.329,11.329,11.329,11.329,0,0.0,,,,,,,,
2017-03-21,11.329,11.329,11.329,11.329,0,0.0,,,,,,,,
2017-03-22,11.329,11.329,11.329,11.329,0,0.0,,,,,,,,
2017-03-23,11.329,11.329,11.329,11.329,0,0.0,,,,,,,,
2017-03-24,11.329,11.329,11.329,11.329,0,0.0,,,,,,,,
2017-03-27,11.329,11.329,11.329,11.329,0,0.0,,,,,,,,
2017-03-28,11.329,11.329,11.329,11.329,1000,11329.0,,,,,,,,
2017-03-29,13.001,13.001,13.001,13.001,100,1300.1,,,,,,,,
2017-03-30,13.001,13.001,13.001,13.001,63,819.063,,,,,,,,
2017-03-31,13.001,13.001,13.001,13.001,0,0.0,,,,,,,,
2017-04-03,13.001,13.001,13.001,13.001,0,0.0,,,,,,,,
2017-04-04,13.001,13.001,13.001,13.001,0,0.0,,,,,,,,
2017-04-05,13.001,13.001,13.001,13.001,0,0.0,,,,,,,,
2017-04-07,11.329,11.329,11.329,11.329,2100,23790.9,,,,,,,,
2017-04-10,11.329,11.329,11.329,11.329,0,0.0,,,,,,,,
2017-04-11,11.329,11.329,11.329,11.329,0,0.0,,,,,,,,
2017-04-12,11.221,11.221,11.221,11.221,2500,28052.5,,,,,,,,
2017-04-13,11.383,11.383,11.383,11.383,700,7968.099999999999,,,,,,,,
2017-04-14,11.383,11.383,11.383,11.383,0,0.0,,,,,,,,
2017-04-17,11.329,11.329,11.329,11.329,500,5664.5,,,,,,,,
2017-04-18,11.329,11.329,11.329,11.329,0,0.0,,,,,,,,
2017-04-19,11.329,11.329,11.329,11.329,100,1132.9,,,,,,,,
2017-04-20,11.221,11.221,11.221,11.221,3100,34785.1,,,,,,,,
2017-04-21,11.221,11.221,11.221,11.221,0,0.0,,,,,,,,
2017-04-24,11.221,11.221,11.221,11.221,0,0.0,,,,,,,,
2017-04-25,11.221,11.221,11.221,11.221,0,0.0,,,,,,,,
2017-04-26,11.221,11.221,11.221,11.221,0,0.0,,,,,,,,
2017-04-27,11.221,11.221,11.221,11.221,0,0.0,,,,,,,,
2017-04-28,11.221,11.221,11.221,11.221,0,0.0,,,,,,,,
2017-05-03,9.548,9.818,9.548,9.764,400,3905.6,,,,,,,,
2017-05-04,9.495,9.495,8.416,8.416,400,3366.4,,,,,,,,
2017-05-05,9.225,9.225,9.225,9.225,0,0.0,,,,,,,,
2017-05-08,9.225,9.225,9.225,9.225,0,0.0,,,,,,,,
2017-05-09,8.092,8.092,8.092,8.092,100,809.2,,,,,,,,
2017-05-10,9.225,9.225,9.225,9.225,100,922.5,,,,,,,,
2017-05-11,9.225,9.225,9.225,9.225,0,0.0,,,,,,,,
2017-05-12,9.98,9.98,9.98,9.98,100,998.0,,,,,,,,
2017-05-15,8.523,8.523,8.523,8.523,100,852.3,,,,,,,,
2017-05-16,9.71,9.71,9.71,9.71,100,971.0,,,,,,,,
2017-05-17,9.71,9.71,9.71,9.71,0,0.0,,,,,,,,
2017-05-18,9.71,9.71,9.71,9.71,100,971.0,,,,,,,,
2017-05-19,8.299,8.299,8.299,8.299,100,829.9,,,,,,,,
2017-05-22,9.484,9.484,9.484,9.484,100,948.4,,,,,,,,
2017-05-23,8.073,8.073,8.073,8.073,100,807.3000000000001,,,,,,,,
2017-05-24,8.073,8.073,8.073,8.073,1000,8073.0,,,,,,,,
2017-05-25,6.887,6.887,6.887,6.887,100,688.6999999999999,,,,,,,,
2017-05-26,5.871,7.903,5.871,7.903,200,1580.6,,,,,,,,
2017-05-29,5.928,5.984,5.871,5.871,4900,28767.9,,,,,,,,
2017-05-30,5.871,5.871,5.871,5.871,0,0.0,,,,,,,,
2017-05-31,5.871,5.871,5.871,5.871,0,0.0,,,,,,,,
2017-06-01,5.024,6.718,5.024,6.718,600,4030.8,,,,,,,,
2017-06-02,5.645,7.395,5.645,7.395,200,1479.0,,,,,,,,
2017-06-05,7.339,7.339,7.339,7.339,200,1467.8000000000002,,,,,,,,
2017-06-06,6.266,6.266,6.266,6.266,100,626.6,,,,,,,,
2017-06-07,6.266,6.266,6.266,6.266,0,0.0,,,,,,,,
2017-06-08,6.266,6.266,6.266,6.266,0,0.0,,,,,,,,
2017-06-09,5.363,7.169,5.363,6.774,26400,178833.6,,,,,,,,
2017-06-12,7.79,7.79,7.169,7.169,27200,194996.8,,,,,,,,
2017-06-13,7.226,7.903,7.226,7.903,11500,90884.5,,,,,,,,
2017-06-14,6.549,6.549,6.549,6.549,100,654.9000000000001,,,,,,,,
2017-06-15,7.508,7.508,7.508,7.508,500,3754.0,,,,,,,,
2017-06-16,6.436,6.436,6.436,6.436,100,643.6,,,,,,,,
2017-06-19,7.395,7.395,7.395,7.395,7200,53244.0,,,,,,,,
2017-06-20,7.508,7.621,7.395,7.621,22300,169948.30000000002,,,,,,,,
2017-06-21,7.395,7.395,7.395,7.395,0,0.0,,,,,,,,
2017-06-22,7.395,7.395,7.339,7.339,8300,60913.7,,,,,,,,
2017-06-23,6.266,6.379,6.266,6.379,200,1275.8,,,,,,,,
2017-06-26,6.774,7.226,6.605,7.226,16600,119951.6,,,,,,,,
2017-06-27,7.903,7.96,7.903,7.96,1100,8756.0,,,,,,,,
2017-06-28,7.452,9.032,7.452,9.032,500,4516.0,,,,,,,,
2017-06-29,8.637,8.637,7.395,7.395,4000,29580.0,,,,,,,,
2017-06-30,7.452,8.411,7.452,8.411,6500,54671.5,,,,,,,,
2017-07-03,7.903,7.903,7.621,7.621,900,6858.900000000001,,,,,,,,
2017-07-04,7.903,7.903,7.903,7.903,100,790.3,,,,,,,,
2017-07-05,7.621,7.621,7.621,7.621,1000,7621.0,,,,,,,,
2017-07-06,6.831,6.831,6.831,6.831,100,683.1,,,,,,,,
2017-07-07,6.831,6.831,6.831,6.831,0,0.0,,,,,,,,
2017-07-10,7.057,7.057,7.057,7.057,600,4234.2,,,,,,,,
2017-07-11,7.057,7.057,7.057,7.057,0,0.0,,,,,,,,
2017-07-12,8.073,8.073,7.903,7.903,1020,8061.059999999999,,,,,,,,
2017-07-13,7.903,7.903,7.903,7.903,0,0.0,,,,,,,,
2017-07-14,7.903,7.903,7.903,7.903,0,0.0,,,,,,,,
2017-07-17,6.718,7.113,6.718,7.057,2870,20253.59,,,,,,,,
2017-07-18,7.113,7.113,7.057,7.057,6200,43753.4,,,,,,,,
2017-07-19,7.0,7.0,7.0,7.0,1200,8400.0,,,,,,,,
2017-07-20,7.0,7.0,7.0,7.0,0,0.0,,,,,,,,
2017-07-21,7.621,7.621,7.621,7.621,100,762.1,,,,,,,,
2017-07-24,7.847,7.847,7.847,7.847,100,784.7,,,,,,,,
2017-07-25,7.847,7.847,7.847,7.847,0,0.0,,,,,,,,
2017-07-26,7.169,7.169,7.169,7.169,100,716.9,,,,,,,,
2017-07-27,7.169,7.169,7.169,7.169,2700,19356.3,,,,,,,,
2017-07-28,7.169,7.169,7.169,7.169,0,0.0,,,,,,,,
2017-07-31,7.169,7.169,7.169,7.169,0,0.0,,,,,,,,
2017-08-01,7.169,7.169,7.169,7.169,0,0.0,,,,,,,,
2017-08-02,7.339,7.339,7.339,7.339,300,2201.7000000000003,,,,,,,,
2017-08-03,7.169,7.169,7.169,7.169,2600,18639.4,,,,,,,,
2017-08-04,7.339,7.734,7.057,7.734,2200,17014.8,,,,,,,,
2017-08-07,7.226,7.226,7.226,7.226,0,0.0,,,,,,,,
2017-08-08,7.678,7.678,7.169,7.226,15100,109112.6,,,,,,,,
2017-08-09,7.621,7.621,7.621,7.621,500,3810.5,,,,,,,,
2017-08-10,7.621,7.621,7.621,7.621,3100,23625.1,,,,,,,,
2017-08-11,8.468,8.468,8.468,8.468,100,846.8,,,,,,,,
2017-08-14,7.282,8.299,7.282,8.299,213,1767.687,,,,,,,,
2017-08-15,7.79,7.79,7.79,7.79,0,0.0,,,,,,,,
2017-08-16,8.92,8.92,8.92,8.92,100,892.0,,,,,,,,
2017-08-17,7.621,7.621,7.621,7.621,300,2286.3,,,,,,,,
2017-08-18,6.549,7.226,6.549,7.226,3631,26237.606,,,,,,,,
2017-08-21,7.226,7.226,7.226,7.226,0,0.0,,,,,,,,
2017-08-22,6.549,6.661,6.549,6.661,200,1332.1999999999998,,,,,,,,
2017-08-23,6.605,6.605,6.605,6.605,0,0.0,,,,,,,,
2017-08-24,6.605,6.605,6.605,6.605,0,0.0,,,,,,,,
2017-08-25,7.508,7.508,7.508,7.508,100,750.8,,,,,,,,
2017-08-28,7.508,7.508,7.508,7.508,0,0.0,,,,,,,,
2017-08-29,6.492,7.452,6.492,7.452,200,1490.4,,,,,,,,
2017-08-30,7.0,7.0,7.0,7.0,0,0.0,,,,,,,,
2017-08-31,7.847,7.847,7.847,7.847,100,784.7,,,,,,,,
2017-09-01,6.718,7.565,6.718,7.565,200,1513.0,,,,,,,,
2017-09-05,7.169,7.169,7.169,7.169,0,0.0,,,,,,,,
2017-09-06,7.169,7.169,7.169,7.169,0,0.0,,,,,,,,
2017-09-07,7.169,7.169,7.169,7.169,600,4301.4,,,,,,,,
2017-09-08,6.266,6.718,6.266,6.718,300,2015.4,,,,,,,,
2017-09-11,6.718,6.718,6.718,6.718,200,1343.6,,,,,,,,
2017-09-12,6.718,6.718,6.718,6.718,0,0.0,,,,,,,,
2017-09-13,7.339,7.339,7.339,7.339,300,2201.7000000000003,,,,,,,,
2017-09-14,7.339,7.339,7.339,7.339,0,0.0,,,,,,,,
2017-09-15,7.339,7.339,7.339,7.339,0,0.0,,,,,,,,
2017-09-18,7.339,7.339,7.339,7.339,0,0.0,,,,,,,,
2017-09-19,6.266,6.266,6.266,6.266,100,626.6,,,,,,,,
2017-09-20,6.323,6.774,6.266,6.774,4800,32515.2,,,,,,,,
2017-09-21,6.436,6.436,6.436,6.436,0,0.0,,,,,,,,
2017-09-22,6.436,6.436,6.436,6.436,0,0.0,,,,,,,,
2017-09-25,6.436,6.436,6.436,6.436,0,0.0,,,,,,,,
2017-09-26,6.436,6.436,6.436,6.436,0,0.0,,,,,,,,
2017-09-27,6.436,6.436,6.436,6.436,0,0.0,,,,,,,,
2017-09-28,6.436,6.436,6.436,6.436,0,0.0,,,,,,,,
2017-09-29,6.436,6.436,6.436,6.436,0,0.0,,,,,,,,
2017-10-02,6.436,6.436,6.436,6.436,0,0.0,,,,,,,,
2017-10-03,6.436,6.436,6.436,6.436,0,0.0,,,,,,,,
2017-10-04,6.436,6.436,6.436,6.436,0,0.0,,,,,,,,
2017-10-05,6.436,6.436,6.436,6.436,0,0.0,,,,,,,,
2017-10-06,7.113,7.113,7.113,7.113,3200,22761.6,,,,,,,,
2017-10-09,7.113,7.113,7.113,7.113,0,0.0,,,,,,,,
2017-10-10,7.621,7.621,7.621,7.621,100,762.1,,,,,,,,
2017-10-11,6.492,6.492,6.492,6.492,100,649.2,,,,,,,,
2017-10-12,6.492,6.492,6.492,6.492,0,0.0,,,,,,,,
2017-10-13,7.339,7.339,7.339,7.339,940,6898.660000000001,,,,,,,,
2017-10-16,7.339,7.339,7.339,7.339,0,0.0,,,,,,,,
2017-10-17,8.411,8.411,8.411,8.411,1500,12616.5,,,,,,,,
2017-10-18,7.169,8.411,7.169,8.411,7300,61400.3,,,,,,,,
2017-10-19,9.145,9.145,9.145,9.145,300,2743.5,,,,,,,,
2017-10-20,9.145,9.145,9.145,9.145,600,5487.0,,,,,,,,
2017-10-23,7.79,9.371,7.79,9.371,1600,14993.6,,,,,,,,
2017-10-24,7.79,9.484,7.79,9.484,5000,47420.0,,,,,,,,
2017-10-25,7.903,7.903,7.903,7.903,0,0.0,,,,,,,,
2017-10-26,9.089,9.089,9.089,9.089,200,1817.8,,,,,,,,
2017-10-27,7.734,7.734,7.734,7.734,100,773.4,,,,,,,,
2017-10-30,7.734,7.734,7.734,7.734,0,0.0,,,,,,,,
2017-10-31,6.605,6.831,6.605,6.831,200,1366.2,,,,,,,,
2017-11-01,7.678,7.678,7.678,7.678,900,6910.2,,,,,,,,
2017-11-02,7.678,7.678,7.678,7.678,0,0.0,,,,,,,,
2017-11-03,6.549,6.549,6.549,6.549,104,681.096,,,,,,,,
2017-11-06,6.549,6.549,6.549,6.549,0,0.0,,,,,,,,
2017-11-07,6.549,6.549,6.549,6.549,0,0.0,,,,,,,,
2017-11-08,6.549,6.549,6.549,6.549,0,0.0,,,,,,,,
2017-11-09,6.944,6.944,6.944,6.944,1600,11110.4,,,,,,,,
2017-11-10,6.944,6.944,6.944,6.944,0,0.0,,,,,,,,
2017-11-13,7.113,7.113,7.113,7.113,566,4025.958,,,,,,,,
2017-11-14,7.847,8.016,7.847,8.016,1100,8817.6,,,,,,,,
2017-11-15,9.202,9.202,9.145,9.202,7300,67174.6,,,,,,,,
2017-11-16,9.202,9.202,9.202,9.202,3600,33127.2,,,,,,,,
2017-11-17,7.903,9.202,7.903,9.202,200,1840.4,,,,,,,,
2017-11-20,8.581,8.581,8.581,8.581,0,0.0,,,,,,,,
2017-11-21,8.581,8.581,8.581,8.581,100,858.0999999999999,,,,,,,,
2017-11-22,8.581,8.581,8.581,8.581,0,0.0,,,,,,,,
2017-11-23,8.581,8.581,8.581,8.581,0,0.0,,,,,,,,
2017-11-24,8.581,8.581,8.581,8.581,0,0.0,,,,,,,,
2017-11-27,8.807,8.807,8.581,8.581,500,4290.5,,,,,,,,
2017-11-28,7.452,7.452,7.395,7.452,7200,53654.4,,,,,,,,
2017-11-29,7.395,7.395,7.395,7.395,0,0.0,,,,,,,,
2017-11-30,7.395,7.395,7.395,7.395,0,0.0,,,,,,,,
2017-12-01,7.113,7.113,7.057,7.057,4200,29639.4,,,,,,,,
2017-12-04,8.073,8.073,8.073,8.073,1700,13724.1,,,,,,,,
2017-12-05,8.073,8.073,8.073,8.073,0,0.0,,,,,,,,
2017-12-06,7.113,7.113,7.113,7.113,100,711.3000000000001,,,,,,,,
2017-12-07,8.129,8.129,8.129,8.129,2700,21948.3,,,,,,,,
2017-12-08,8.129,8.129,8.129,8.129,0,0.0,,,,,,,,
2017-12-11,8.129,8.129,8.129,8.129,0,0.0,,,,,,,,
2017-12-12,8.129,8.129,8.129,8.129,0,0.0,,,,,,,,
2017-12-13,8.186,8.186,8.186,8.186,100,818.6,,,,,,,,
2017-12-14,7.282,7.282,7.282,7.282,100,728.2,,,,,,,,
2017-12-15,7.282,7.282,7.282,7.282,0,0.0,,,,,,,,
2017-12-18,8.355,8.355,8.355,8.355,100,835.5,,,,,,,,
2017-12-19,8.355,8.355,8.355,8.355,0,0.0,,,,,,,,
2017-12-20,8.186,8.186,8.016,8.186,2800,22920.8,,,,,,,,
2017-12-21,8.129,8.129,8.129,8.129,0,0.0,,,,,,,,
2017-12-22,7.0,7.0,7.0,7.0,100,700.0,,,,,,,,
2017-12-25,7.621,7.621,7.621,7.621,100,762.1,,,,,,,,
2017-12-26,7.621,7.621,7.621,7.621,0,0.0,,,,,,,,
2017-12-27,7.621,7.621,7.621,7.621,0,0.0,,,,,,,,
2017-12-28,7.621,7.621,7.621,7.621,0,0.0,,,,,,,,
2017-12-29,7.621,7.621,7.621,7.621,0,0.0,,,,,,,,
2018-01-02,7.621,7.621,7.621,7.621,30,228.63,0.0,0.0,0.0,0.0,,13.6,0.0,0.0
2018-01-03,7.621,7.621,7.621,7.621,0,0.0,0.0,0.0,0.0,0.0,,13.6,0.0,0.0
2018-01-04,7.621,7.621,7.621,7.621,0,0.0,0.0,0.0,0.0,0.0,,13.6,0.0,0.0
2018-01-05,7.678,7.678,7.678,7.678,100,767.8,0.0,0.0,0.0,0.0,,13.6,0.0,0.0
2018-01-08,7.678,7.678,7.678,7.678,67,514.426,0.0,0.0,0.0,0.0,,13.6,0.0,0.0
2018-01-09,7.678,7.678,7.678,7.678,0,0.0,0.0,0.0,0.0,0.0,,13.6,0.0,0.0
2018-01-10,7.678,7.678,7.678,7.678,0,0.0,0.0,0.0,0.0,0.0,,13.6,0.0,0.0
2018-01-11,8.468,8.468,8.468,8.468,500,4234.0,0.0,0.0,0.0,0.0,,13.6,0.0,0.0
2018-01-12,8.468,8.468,8.468,8.468,1750,14819.0,1200.0,1200.0,20000.0,20000.0,,13.6,0.02,0.02
2018-01-15,8.468,8.468,8.468,8.468,0,0.0,0.0,0.0,0.0,0.0,,13.6,0.0,0.0
2018-01-16,8.468,8.468,8.468,8.468,0,0.0,0.0,0.0,0.0,0.0,,13.6,0.0,0.0
2018-01-17,7.903,7.903,7.847,7.847,3100,24325.7,600.0,3100.0,10000.0,40000.0,,13.6,0.01,0.04
2018-01-18,7.903,7.903,7.903,7.903,0,0.0,0.0,0.0,0.0,0.0,,13.6,0.0,0.0
2018-01-19,7.847,7.847,7.847,7.847,1000,7847.0,0.0,1000.0,0.0,10000.0,,13.6,0.0,0.01
2018-01-22,7.847,7.847,7.847,7.847,0,0.0,0.0,0.0,0.0,0.0,,13.6,0.0,0.0
2018-01-23,7.847,7.847,7.847,7.847,0,0.0,0.0,0.0,0.0,0.0,,13.6,0.0,0.0
2018-01-24,7.847,7.847,7.847,7.847,0,0.0,0.0,0.0,0.0,0.0,,13.6,0.0,0.0
2018-01-25,7.621,8.016,7.621,8.016,1400,11222.4,1300.0,1400.0,20000.0,20000.0,,13.6,0.02,0.02
2018-01-26,8.016,8.016,8.016,8.016,2400,19238.4,2400.0,2400.0,30000.0,30000.0,,13.6,0.03,0.03
2018-01-29,8.016,8.016,8.016,8.016,0,0.0,0.0,0.0,0.0,0.0,,13.6,0.0,0.0
2018-01-30,6.831,7.621,6.831,7.621,1400,10669.4,1300.0,1400.0,20000.0,20000.0,,13.6,0.02,0.02
2018-01-31,7.621,7.621,7.621,7.621,1700,12955.7,1700.0,1700.0,20000.0,20000.0,,13.6,0.02,0.02
2018-02-01,7.621,7.621,7.621,7.621,0,0.0,0.0,0.0,0.0,0.0,,13.6,0.0,0.0
2018-02-02,6.492,6.492,6.492,6.492,100,649.2,0.0,100.0,0.0,0.0,,13.6,0.0,0.0
2018-02-05,7.452,7.452,7.452,7.452,100,745.2,0.0,0.0,0.0,0.0,,13.6,0.0,0.0
2018-02-06,7.452,7.452,7.452,7.452,500,3726.0,500.0,0.0,10000.0,0.0,,13.6,0.01,0.0
2018-02-07,6.492,6.492,6.492,6.492,100,649.2,0.0,100.0,0.0,0.0,,13.6,0.0,0.0
2018-02-08,7.452,7.452,7.339,7.339,4000,29356.0,1000.0,0.0,10000.0,0.0,,13.6,0.01,0.0
2018-02-09,7.339,7.339,7.339,7.339,2000,14678.0,2000.0,0.0,30000.0,0.0,,13.6,0.03,0.0
2018-02-12,7.339,7.339,7.339,7.339,0,0.0,0.0,0.0,0.0,0.0,,13.6,0.0,0.0
2018-02-13,7.339,7.339,7.339,7.339,0,0.0,0.0,0.0,0.0,0.0,,13.6,0.0,0.0
2018-02-21,7.339,7.339,7.339,7.339,0,0.0,0.0,0.0,0.0,0.0,,13.6,0.0,0.0
2018-02-22,7.339,7.339,7.339,7.339,0,0.0,0.0,0.0,0.0,0.0,,13.6,0.0,0.0
2018-02-23,7.339,7.339,7.339,7.339,0,0.0,0.0,0.0,0.0,0.0,,13.6,0.0,0.0
2018-02-26,7.339,7.339,7.339,7.339,0,0.0,0.0,0.0,0.0,0.0,,13.6,0.0,0.0
2018-02-27,7.339,7.339,7.339,7.339,0,0.0,0.0,0.0,0.0,0.0,,13.6,0.0,0.0
2018-02-28,7.339,7.339,7.339,7.339,0,0.0,0.0,0.0,0.0,0.0,,13.6,0.0,0.0
2018-03-01,7.339,7.339,7.339,7.339,0,0.0,0.0,0.0,0.0,0.0,,13.6,0.0,0.0
2018-03-02,7.282,7.339,7.169,7.339,2731,20042.809,1300.0,0.0,20000.0,0.0,,13.6,0.02,0.0
2018-03-05,7.339,7.339,7.339,7.339,200,1467.8000000000002,200.0,0.0,0.0,0.0,,13.6,0.0,0.0
2018-03-06,7.339,7.339,7.282,7.282,1100,8010.2,1000.0,0.0,10000.0,0.0,,13.6,0.01,0.0
2018-03-07,7.339,7.339,7.339,7.339,100,733.9000000000001,0.0,0.0,0.0,0.0,,13.6,0.0,0.0
2018-03-08,7.339,7.339,7.339,7.339,0,0.0,0.0,0.0,0.0,0.0,,13.6,0.0,0.0
2018-03-09,7.339,7.339,7.339,7.339,0,0.0,0.0,0.0,0.0,0.0,,13.6,0.0,0.0
2018-03-12,7.339,7.339,7.339,7.339,300,2201.7000000000003,300.0,0.0,0.0,0.0,,13.6,0.0,0.0
2018-03-13,7.339,7.339,7.339,7.339,0,0.0,0.0,0.0,0.0,0.0,,13.6,0.0,0.0
2018-03-14,6.379,6.379,6.379,6.379,100,637.9,0.0,100.0,0.0,0.0,,13.6,0.0,0.0
2018-03-15,6.379,6.379,6.379,6.379,50,318.95,0.0,0.0,0.0,0.0,,13.6,0.0,0.0
2018-03-16,6.605,6.605,6.605,6.605,605,3996.025,0.0,0.0,0.0,0.0,,13.6,0.0,0.0
2018-03-19,7.565,7.565,7.565,7.565,100,756.5,0.0,0.0,0.0,0.0,,13.6,0.0,0.0
2018-03-20,6.774,8.073,6.774,8.073,1300,10494.9,0.0,100.0,0.0,0.0,,13.6,0.0,0.0
2018-03-21,6.774,8.129,6.774,7.339,4100,30089.9,3000.0,3100.0,40000.0,40000.0,,13.6,0.04,0.04
2018-03-22,7.621,7.621,7.621,7.621,300,2286.3,0.0,0.0,0.0,0.0,,13.6,0.0,0.0
2018-03-23,6.492,7.621,6.492,7.621,200,1524.2,100.0,100.0,0.0,0.0,,13.6,0.0,0.0
2018-03-26,7.057,7.057,7.057,7.057,0,0.0,0.0,0.0,0.0,0.0,,13.6,0.0,0.0
2018-03-27,7.057,7.057,7.057,7.057,0,0.0,0.0,0.0,0.0,0.0,,13.6,0.0,0.0
2018-03-28,7.057,7.057,7.057,7.057,0,0.0,0.0,0.0,0.0,0.0,,13.6,0.0,0.0
2018-03-29,7.96,7.96,7.96,7.96,100,796.0,0.0,0.0,0.0,0.0,,13.6,0.0,0.0
2018-03-30,6.774,7.452,6.774,7.452,200,1490.4,0.0,100.0,0.0,0.0,,13.6,0.0,0.0
2018-04-02,7.621,7.621,7.621,7.621,100,762.1,0.0,100.0,0.0,0.0,,13.6,0.0,0.0
2018-04-03,7.621,7.621,7.621,7.621,0,0.0,0.0,0.0,0.0,0.0,,13.6,0.0,0.0
2018-04-04,6.661,7.226,6.661,7.226,2100,15174.6,1000.0,1000.0,10000.0,10000.0,,13.6,0.01,0.01
2018-04-05,6.718,6.718,6.718,6.718,0,0.0,0.0,0.0,0.0,0.0,,13.6,0.0,0.0
2018-04-06,5.758,5.815,5.758,5.815,4600,26749.0,0.0,4600.0,0.0,50000.0,,13.6,0.0,0.05
2018-04-09,5.815,5.815,5.815,5.815,0,0.0,0.0,0.0,0.0,0.0,,13.6,0.0,0.0
2018-04-10,5.815,5.815,5.815,5.815,0,0.0,0.0,0.0,0.0,0.0,,13.6,0.0,0.0
2018-04-11,5.024,6.436,5.024,6.436,1200,7723.2,0.0,100.0,0.0,0.0,,13.6,0.0,0.0
2018-04-12,6.323,6.323,6.323,6.323,0,0.0,0.0,0.0,0.0,0.0,,13.6,0.0,0.0
2018-04-13,5.702,7.0,5.702,7.0,200,1400.0,0.0,100.0,0.0,0.0,,13.6,0.0,0.0
2018-04-16,6.379,6.379,6.379,6.379,0,0.0,0.0,0.0,0.0,0.0,,13.6,0.0,0.0
2018-04-17,5.476,6.379,5.476,6.379,200,1275.8,100.0,100.0,0.0,0.0,,13.6,0.0,0.0
2018-04-18,6.21,6.21,6.21,6.21,100,621.0,0.0,0.0,0.0,0.0,,13.6,0.0,0.0
2018-04-19,6.21,6.21,6.21,6.21,0,0.0,0.0,0.0,0.0,0.0,,13.6,0.0,0.0
2018-04-20,5.363,6.21,5.363,6.21,200,1242.0,0.0,100.0,0.0,0.0,,13.6,0.0,0.0
2018-04-23,5.815,5.815,5.815,5.815,0,0.0,0.0,0.0,0.0,0.0,,13.6,0.0,0.0
2018-04-24,5.532,5.815,5.532,5.815,700,4070.500000000001,0.0,0.0,0.0,0.0,,13.6,0.0,0.0
2018-04-26,6.492,6.492,6.492,6.492,100,649.2,0.0,0.0,0.0,0.0,,13.6,0.0,0.0
2018-04-27,5.589,5.589,5.589,5.589,100,558.9000000000001,0.0,100.0,0.0,0.0,,13.6,0.0,0.0
2018-05-02,6.153,6.153,6.153,6.153,200,1230.6,0.0,0.0,0.0,0.0,,13.6,0.0,0.0
2018-05-03,6.153,6.153,6.153,6.153,0,0.0,0.0,0.0,0.0,0.0,,13.6,0.0,0.0
2018-05-04,6.153,6.153,6.153,6.153,0,0.0,0.0,0.0,0.0,0.0,,13.6,0.0,0.0
2018-05-07,6.153,6.153,6.153,6.153,0,0.0,0.0,0.0,0.0,0.0,,13.6,0.0,0.0
2018-05-08,6.153,6.153,6.153,6.153,0,0.0,0.0,0.0,0.0,0.0,,13.6,0.0,0.0
2018-05-09,5.363,5.363,5.363,5.363,144,772.272,0.0,100.0,0.0,0.0,,13.6,0.0,0.0
2018-05-10,5.871,5.871,5.871,5.871,100,587.1,0.0,0.0,0.0,0.0,,13.6,0.0,0.0
2018-05-11,5.871,5.871,5.871,5.871,0,0.0,0.0,0.0,0.0,0.0,,13.6,0.0,0.0
2018-05-14,5.871,5.871,5.871,5.871,0,0.0,0.0,0.0,0.0,0.0,,13.6,0.0,0.0
2018-05-15,6.436,6.436,6.436,6.436,100,643.6,0.0,0.0,0.0,0.0,,13.6,0.0,0.0
2018-05-16,5.532,5.532,5.532,5.532,144,796.608,0.0,100.0,0.0,0.0,,13.6,0.0,0.0
2018-05-17,5.532,5.532,5.532,5.532,0,0.0,0.0,0.0,0.0,0.0,,13.6,0.0,0.0
2018-05-18,5.532,5.532,5.532,5.532,0,0.0,0.0,0.0,0.0,0.0,,13.6,0.0,0.0
2018-05-21,5.532,5.532,5.532,5.532,0,0.0,0.0,0.0,0.0,0.0,,13.6,0.0,0.0
2018-05-22,6.254,6.314,6.254,6.314,200,1262.8,0.0,0.0,0.0,0.0,,13.6,0.0,0.0
2018-05-23,5.412,5.412,5.412,5.412,100,541.2,0.0,100.0,0.0,0.0,,13.6,0.0,0.0
2018-05-24,4.63,4.63,4.63,4.63,100,463.0,0.0,100.0,0.0,0.0,,13.6,0.0,0.0
2018-05-25,4.63,4.63,4.63,4.63,0,0.0,0.0,0.0,0.0,0.0,,13.6,0.0,0.0
2018-05-28,4.63,4.63,4.63,4.63,0,0.0,0.0,0.0,0.0,0.0,,13.6,0.0,0.0
2018-05-29,4.089,5.292,4.089,5.292,200,1058.4,0.0,100.0,0.0,0.0,,13.6,0.0,0.0
2018-05-30,4.69,4.69,4.69,4.69,0,0.0,0.0,0.0,0.0,0.0,,13.6,0.0,0.0
2018-05-31,5.171,5.171,5.171,5.171,100,517.1,0.0,0.0,0.0,0.0,,13.6,0.0,0.0
2018-06-01,5.713,5.713,5.713,5.713,100,571.3,0.0,0.0,0.0,0.0,,13.6,0.0,0.0
2018-06-04,6.554,6.554,6.554,6.554,400,2621.6,0.0,0.0,0.0,0.0,,13.6,0.0,0.0
2018-06-05,5.652,5.773,5.592,5.713,4300,24565.9,900.0,100.0,10000.0,0.0,,13.6,0.01,0.0
2018-06-06,5.773,5.773,5.773,5.773,500,2886.5,0.0,0.0,0.0,0.0,,13.6,0.0,0.0
2018-06-07,5.773,5.773,5.773,5.773,0,0.0,0.0,0.0,0.0,0.0,,13.6,0.0,0.0
2018-06-08,5.773,5.773,5.773,5.773,200,1154.6,0.0,0.0,0.0,0.0,,13.6,0.0,0.0
2018-06-11,5.773,5.773,5.773,5.773,0,0.0,0.0,0.0,0.0,0.0,,13.6,0.0,0.0
2018-06-12,5.773,5.773,5.773,5.773,0,0.0,0.0,0.0,0.0,0.0,,13.6,0.0,0.0
2018-06-13,5.773,5.773,5.773,5.773,0,0.0,0.0,0.0,0.0,0.0,,13.6,0.0,0.0
2018-06-14,5.412,5.412,4.931,4.931,1000,4931.0,500.0,0.0,0.0,0.0,,13.6,0.0,0.0
2018-06-15,5.111,5.111,5.111,5.111,0,0.0,0.0,0.0,0.0,0.0,,13.6,0.0,0.0
2018-06-18,5.111,5.111,5.111,5.111,0,0.0,0.0,0.0,0.0,0.0,,13.6,0.0,0.0
2018-06-19,5.352,5.532,5.352,5.532,300,1659.6,0.0,0.0,0.0,0.0,,13.6,0.0,0.0
2018-06-20,5.412,5.412,5.412,5.412,0,0.0,0.0,0.0,0.0,0.0,,13.6,0.0,0.0
2018-06-21,5.412,5.412,5.412,5.412,0,0.0,0.0,0.0,0.0,0.0,,13.6,0.0,0.0
2018-06-22,4.69,4.69,4.69,4.69,100,469.00000000000006,0.0,100.0,0.0,0.0,,13.6,0.0,0.0
2018-06-25,4.75,4.75,4.75,4.75,300,1425.0,0.0,0.0,0.0,0.0,,13.6,0.0,0.0
2018-06-26,4.75,4.75,4.75,4.75,0,0.0,0.0,0.0,0.0,0.0,,13.6,0.0,0.0
2018-06-27,4.75,4.75,4.75,4.75,0,0.0,0.0,0.0,0.0,0.0,,13.6,0.0,0.0
2018-06-28,5.412,5.412,5.412,5.412,300,1623.6,0.0,0.0,0.0,0.0,,13.6,0.0,0.0
2018-06-29,6.134,6.194,6.134,6.194,200,1238.8,0.0,0.0,0.0,0.0,,13.6,0.0,0.0
2018-07-02,5.352,5.472,5.352,5.352,600,3211.2000000000003,0.0,100.0,0.0,0.0,,13.6,0.0,0.0
2018-07-03,5.412,5.412,5.412,5.412,1400,7576.8,1400.0,0.0,10000.0,0.0,,13.6,0.01,0.0
2018-07-04,4.811,4.811,4.811,4.811,100,481.1,0.0,100.0,0.0,0.0,,13.6,0.0,0.0
2018-07-05,5.412,5.412,5.412,5.412,100,541.2,0.0,0.0,0.0,0.0,,13.6,0.0,0.0
2018-07-06,5.412,5.412,5.412,5.412,0,0.0,0.0,0.0,0.0,0.0,,13.6,0.0,0.0
2018-07-09,5.412,5.412,5.412,5.412,0,0.0,0.0,0.0,0.0,0.0,,13.6,0.0,0.0
2018-07-10,5.412,5.412,5.412,5.412,0,0.0,0.0,0.0,0.0,0.0,,13.6,0.0,0.0
2018-07-11,5.412,5.412,5.412,5.412,0,0.0,0.0,0.0,0.0,0.0,,13.6,0.0,0.0
2018-07-12,5.412,5.412,5.412,5.412,0,0.0,0.0,0.0,0.0,0.0,,13.6,0.0,0.0
2018-07-13,5.412,5.412,5.412,5.412,0,0.0,0.0,0.0,0.0,0.0,,13.6,0.0,0.0
2018-07-16,5.111,5.111,5.111,5.111,100,511.1,0.0,0.0,0.0,0.0,,13.6,0.0,0.0
2018-07-17,5.111,5.111,5.111,5.111,0,0.0,0.0,0.0,0.0,0.0,,13.6,0.0,0.0
2018-07-18,5.111,5.111,5.111,5.111,0,0.0,0.0,0.0,0.0,0.0,,13.6,0.0,0.0
2018-07-19,5.833,5.833,5.833,5.833,100,583.3000000000001,0.0,0.0,0.0,0.0,,13.6,0.0,0.0
2018-07-20,5.111,6.254,5.111,6.254,200,1250.8,0.0,100.0,0.0,0.0,,13.6,0.0,0.0
2018-07-23,4.991,6.554,4.991,6.554,300,1966.2,0.0,100.0,0.0,0.0,,13.6,0.0,0.0
2018-07-24,5.232,6.434,5.232,6.434,200,1286.8,0.0,100.0,0.0,0.0,,13.6,0.0,0.0
2018-07-25,5.171,6.314,5.171,6.314,200,1262.8,0.0,100.0,0.0,0.0,,13.6,0.0,0.0
2018-07-26,5.111,6.314,5.111,6.314,300,1894.2,0.0,100.0,0.0,0.0,,13.6,0.0,0.0
2018-07-27,5.893,5.893,5.893,5.893,0,0.0,0.0,0.0,0.0,0.0,,13.6,0.0,0.0
2018-07-30,5.833,6.194,5.773,6.194,300,1858.2,0.0,0.0,0.0,0.0,,13.6,0.0,0.0
2018-07-31,5.292,5.292,5.292,5.292,100,529.1999999999999,0.0,100.0,0.0,0.0,,13.6,0.0,0.0
2018-08-01,5.232,5.292,5.232,5.232,2300,12033.6,1300.0,0.0,10000.0,0.0,,13.6,0.01,0.0
2018-08-02,5.232,5.232,5.232,5.232,200,1046.4,200.0,0.0,0.0,0.0,,13.6,0.0,0.0
2018-08-03,5.232,5.232,5.232,5.232,0,0.0,0.0,0.0,0.0,0.0,,13.6,0.0,0.0
2018-08-06,5.232,5.232,5.232,5.232,0,0.0,0.0,0.0,0.0,0.0,,13.6,0.0,0.0
2018-08-07,5.232,5.232,5.232,5.232,0,0.0,0.0,0.0,0.0,0.0,,13.6,0.0,0.0
2018-08-08,5.232,5.232,5.232,5.232,0,0.0,0.0,0.0,0.0,0.0,,13.6,0.0,0.0
2018-08-09,5.232,5.232,5.232,5.232,0,0.0,0.0,0.0,0.0,0.0,,13.6,0.0,0.0
2018-08-10,5.232,5.232,5.232,5.232,0,0.0,0.0,0.0,0.0,0.0,,13.6,0.0,0.0
2018-08-13,5.232,5.232,5.232,5.232,0,0.0,0.0,0.0,0.0,0.0,,13.6,0.0,0.0
2018-08-14,5.893,5.893,5.833,5.833,2100,12249.3,2000.0,0.0,20000.0,0.0,,13.6,0.02,0.0
2018-08-15,5.893,5.893,5.893,5.893,2000,11786.0,2000.0,0.0,20000.0,0.0,,13.6,0.02,0.0
2018-08-16,5.232,6.675,5.232,6.675,300,2002.5,0.0,100.0,0.0,0.0,,13.6,0.0,0.0
2018-08-17,5.412,7.036,5.412,6.915,400,2766.0,0.0,100.0,0.0,0.0,,13.6,0.0,0.0
2018-08-20,6.615,7.036,6.615,6.615,3700,24475.5,3600.0,0.0,40000.0,0.0,,13.6,0.04,0.0
2018-08-21,5.833,6.975,5.833,6.975,200,1395.0,0.0,100.0,0.0,0.0,,13.6,0.0,0.0
2018-08-22,5.652,6.855,5.652,6.855,200,1371.0,0.0,100.0,0.0,0.0,,13.6,0.0,0.0
2018-08-23,6.855,6.855,6.855,6.855,1300,8911.5,1300.0,0.0,10000.0,0.0,,13.6,0.01,0.0
2018-08-24,6.855,6.855,6.855,6.855,1900,13024.5,1900.0,0.0,20000.0,0.0,,13.6,0.02,0.0
2018-08-27,5.893,5.893,5.893,5.893,100,589.3,0.0,100.0,0.0,0.0,,13.6,0.0,0.0
2018-08-28,5.893,5.893,5.893,5.893,0,0.0,0.0,0.0,0.0,0.0,,13.6,0.0,0.0
2018-08-29,5.893,5.893,5.893,5.893,0,0.0,0.0,0.0,0.0,0.0,,13.6,0.0,0.0
2018-08-30,5.893,5.893,5.893,5.893,0,0.0,0.0,0.0,0.0,0.0,,13.6,0.0,0.0
2018-08-31,5.893,5.893,5.893,5.893,0,0.0,0.0,0.0,0.0,0.0,,13.6,0.0,0.0
2018-09-04,5.893,5.893,5.893,5.893,0,0.0,0.0,0.0,0.0,0.0,,13.6,0.0,0.0
2018-09-05,5.893,5.893,5.893,5.893,0,0.0,0.0,0.0,0.0,0.0,,13.6,0.0,0.0
2018-09-06,5.893,5.893,5.893,5.893,0,0.0,0.0,0.0,0.0,0.0,,13.6,0.0,0.0
2018-09-07,5.893,5.893,5.893,5.893,80,471.44,0.0,0.0,0.0,0.0,,13.6,0.0,0.0
2018-09-10,5.893,5.893,5.893,5.893,0,0.0,0.0,0.0,0.0,0.0,,13.6,0.0,0.0
2018-09-11,5.893,5.893,5.893,5.893,0,0.0,0.0,0.0,0.0,0.0,,13.6,0.0,0.0
2018-09-12,5.893,5.893,5.893,5.893,0,0.0,0.0,0.0,0.0,0.0,,13.6,0.0,0.0
2018-09-13,5.893,5.893,5.893,5.893,0,0.0,0.0,0.0,0.0,0.0,,13.6,0.0,0.0
2018-09-14,6.615,6.615,6.615,6.615,100,661.5,0.0,0.0,0.0,0.0,,13.6,0.0,0.0
2018-09-17,6.615,6.615,6.615,6.615,1000,6615.0,1000.0,0.0,10000.0,0.0,,13.6,0.01,0.0
2018-09-18,5.773,5.773,5.773,5.773,100,577.3,0.0,100.0,0.0,0.0,,13.6,0.0,0.0
2018-09-19,5.773,5.773,5.773,5.773,0,0.0,0.0,0.0,0.0,0.0,,13.6,0.0,0.0
2018-09-20,5.773,5.773,5.773,5.773,0,0.0,0.0,0.0,0.0,0.0,,13.6,0.0,0.0
2018-09-21,5.773,5.773,5.773,5.773,0,0.0,0.0,0.0,0.0,0.0,,13.6,0.0,0.0
2018-09-24,5.773,5.773,5.773,5.773,0,0.0,0.0,0.0,0.0,0.0,,13.6,0.0,0.0
2018-09-25,6.554,6.615,6.554,6.615,2300,15214.5,2200.0,0.0,20000.0,0.0,,13.6,0.02,0.0
2018-09-26,6.615,6.855,6.615,6.855,900,6169.5,800.0,0.0,10000.0,0.0,,13.6,0.01,0.0
2018-09-27,6.915,6.915,6.915,6.915,1500,10372.5,1500.0,0.0,20000.0,0.0,,13.6,0.02,0.0
2018-09-28,6.915,6.915,6.915,6.915,0,0.0,0.0,0.0,0.0,0.0,,13.6,0.0,0.0
2018-10-01,6.915,6.915,6.915,6.915,0,0.0,0.0,0.0,0.0,0.0,,13.6,0.0,0.0
2018-10-02,6.554,6.554,6.554,6.554,1800,11797.2,1800.0,0.0,20000.0,0.0,,13.6,0.02,0.0
2018-10-03,6.554,6.554,6.554,6.554,0,0.0,0.0,0.0,0.0,0.0,,13.6,0.0,0.0
2018-10-04,6.554,6.554,6.554,6.554,0,0.0,0.0,0.0,0.0,0.0,,13.6,0.0,0.0
2018-10-05,6.554,6.554,6.554,6.554,0,0.0,0.0,0.0,0.0,0.0,,13.6,0.0,0.0
2018-10-08,6.554,6.554,6.554,6.554,0,0.0,0.0,0.0,0.0,0.0,,13.6,0.0,0.0
2018-10-09,6.554,6.554,6.554,6.554,0,0.0,0.0,0.0,0.0,0.0,,13.6,0.0,0.0
2018-10-10,6.554,6.554,6.554,6.554,0,0.0,0.0,0.0,0.0,0.0,,13.6,0.0,0.0
2018-10-11,6.554,6.554,6.554,6.554,0,0.0,0.0,0.0,0.0,0.0,,13.6,0.0,0.0
2018-10-12,6.554,6.554,6.554,6.554,0,0.0,0.0,0.0,0.0,0.0,,13.6,0.0,0.0
2018-10-15,5.773,5.773,5.773,5.773,100,577.3,0.0,100.0,0.0,0.0,,13.6,0.0,0.0
2018-10-16,5.833,6.615,5.833,6.615,648,4286.52,0.0,0.0,0.0,0.0,,13.6,0.0,0.0
2018-10-17,5.953,5.953,5.953,5.953,0,0.0,0.0,0.0,0.0,0.0,,13.6,0.0,0.0
2018-10-18,5.953,5.953,5.953,5.953,0,0.0,0.0,0.0,0.0,0.0,,13.6,0.0,0.0
2018-10-19,5.953,5.953,5.953,5.953,0,0.0,0.0,0.0,0.0,0.0,,13.6,0.0,0.0
2018-10-22,6.675,6.795,5.412,5.412,1600,8659.2,1500.0,100.0,20000.0,0.0,,13.6,0.02,0.0
2018-10-23,5.833,5.833,5.833,5.833,100,583.3000000000001,0.0,100.0,0.0,0.0,,13.6,0.0,0.0
2018-10-24,5.833,5.833,5.833,5.833,0,0.0,0.0,0.0,0.0,0.0,,13.6,0.0,0.0
2018-10-25,5.833,5.833,5.833,5.833,0,0.0,0.0,0.0,0.0,0.0,,13.6,0.0,0.0
2018-10-26,5.833,5.833,5.833,5.833,0,0.0,0.0,0.0,0.0,0.0,,13.6,0.0,0.0
2018-10-29,5.833,5.833,5.833,5.833,0,0.0,0.0,0.0,0.0,0.0,,13.6,0.0,0.0
2018-10-30,5.472,5.472,5.472,5.472,1000,5472.0,0.0,0.0,0.0,0.0,,13.6,0.0,0.0
2018-10-31,5.472,5.472,5.472,5.472,0,0.0,0.0,0.0,0.0,0.0,,13.6,0.0,0.0
2018-11-01,5.472,5.472,5.472,5.472,0,0.0,0.0,0.0,0.0,0.0,,13.6,0.0,0.0
2018-11-02,5.953,5.953,5.953,5.953,300,1785.9,0.0,0.0,0.0,0.0,,13.6,0.0,0.0
2018-11-05,5.953,5.953,5.953,5.953,0,0.0,0.0,0.0,0.0,0.0,,13.6,0.0,0.0
2018-11-06,5.953,5.953,5.953,5.953,0,0.0,0.0,0.0,0.0,0.0,,13.6,0.0,0.0
2018-11-07,5.953,5.953,5.953,5.953,0,0.0,0.0,0.0,0.0,0.0,,13.6,0.0,0.0
2018-11-08,5.953,5.953,5.953,5.953,21,125.013,0.0,0.0,0.0,0.0,,13.6,0.0,0.0
2018-11-09,5.472,5.472,5.472,5.472,100,547.2,0.0,100.0,0.0,0.0,,13.6,0.0,0.0
2018-11-12,5.472,5.472,5.472,5.472,0,0.0,0.0,0.0,0.0,0.0,,13.6,0.0,0.0
2018-11-13,5.472,5.472,5.472,5.472,0,0.0,0.0,0.0,0.0,0.0,,13.6,0.0,0.0
2018-11-14,5.953,5.953,5.953,5.953,100,595.3000000000001,0.0,0.0,0.0,0.0,,13.6,0.0,0.0
2018-11-15,5.412,5.412,5.412,5.412,100,541.2,0.0,100.0,0.0,0.0,,13.6,0.0,0.0
2018-11-16,5.412,5.412,5.412,5.412,0,0.0,0.0,0.0,0.0,0.0,,13.6,0.0,0.0
2018-11-19,5.412,5.412,5.412,5.412,0,0.0,0.0,0.0,0.0,0.0,,13.6,0.0,0.0
2018-11-20,5.412,5.412,5.412,5.412,0,0.0,0.0,0.0,0.0,0.0,,13.6,0.0,0.0
2018-11-21,5.412,5.412,5.412,5.412,0,0.0,0.0,0.0,0.0,0.0,,13.6,0.0,0.0
2018-11-22,5.412,5.412,5.412,5.412,0,0.0,0.0,0.0,0.0,0.0,,13.6,0.0,0.0
2018-11-23,5.412,5.412,5.412,5.412,0,0.0,0.0,0.0,0.0,0.0,,13.6,0.0,0.0
2018-11-26,5.412,5.412,5.412,5.412,0,0.0,0.0,0.0,0.0,0.0,,13.6,0.0,0.0
2018-11-27,5.412,5.412,5.412,5.412,0,0.0,0.0,0.0,0.0,0.0,,13.6,0.0,0.0
2018-11-28,5.412,5.412,5.412,5.412,0,0.0,0.0,0.0,0.0,0.0,,13.6,0.0,0.0
2018-11-29,5.472,5.472,5.472,5.472,300,1641.6,0.0,0.0,0.0,0.0,,13.6,0.0,0.0
2018-11-30,5.472,5.472,5.472,5.472,0,0.0,0.0,0.0,0.0,0.0,,13.6,0.0,0.0
2018-12-03,5.472,5.472,5.472,5.472,0,0.0,0.0,0.0,0.0,0.0,,13.6,0.0,0.0
2018-12-04,5.472,5.472,5.472,5.472,1000,5472.0,0.0,0.0,0.0,0.0,,13.6,0.0,0.0
2018-12-05,5.472,5.472,5.472,5.472,0,0.0,0.0,0.0,0.0,0.0,,13.6,0.0,0.0
2018-12-06,5.472,5.472,5.472,5.472,0,0.0,0.0,0.0,0.0,0.0,,13.6,0.0,0.0
2018-12-07,5.472,5.472,5.472,5.472,0,0.0,0.0,0.0,0.0,0.0,,13.6,0.0,0.0
2018-12-10,5.472,5.472,5.472,5.472,0,0.0,0.0,0.0,0.0,0.0,,13.6,0.0,0.0
2018-12-11,5.472,5.472,5.472,5.472,0,0.0,0.0,0.0,0.0,0.0,,13.6,0.0,0.0
2018-12-12,5.472,5.472,5.472,5.472,0,0.0,0.0,0.0,0.0,0.0,,13.6,0.0,0.0
2018-12-13,6.134,6.134,6.134,6.134,100,613.4000000000001,0.0,0.0,0.0,0.0,,13.6,0.0,0.0
2018-12-14,6.254,6.254,6.254,6.254,900,5628.599999999999,900.0,0.0,10000.0,0.0,,13.6,0.01,0.0
2018-12-17,5.592,5.592,5.592,5.592,100,559.1999999999999,0.0,100.0,0.0,0.0,,13.6,0.0,0.0
2018-12-18,5.592,5.592,5.592,5.592,100,559.1999999999999,100.0,0.0,0.0,0.0,,13.6,0.0,0.0
2018-12-19,4.811,4.811,4.811,4.811,100,481.1,0.0,100.0,0.0,0.0,,13.6,0.0,0.0
2018-12-20,4.811,4.811,4.811,4.811,0,0.0,0.0,0.0,0.0,0.0,,13.6,0.0,0.0
2018-12-21,4.811,4.811,4.811,4.811,0,0.0,0.0,0.0,0.0,0.0,,13.6,0.0,0.0
2018-12-24,4.811,4.811,4.811,4.811,0,0.0,0.0,0.0,0.0,0.0,,13.6,0.0,0.0
2018-12-25,4.811,4.811,4.811,4.811,0,0.0,0.0,0.0,0.0,0.0,,13.6,0.0,0.0
2018-12-26,4.811,4.811,4.811,4.811,0,0.0,0.0,0.0,0.0,0.0,,13.6,0.0,0.0
2018-12-27,4.991,4.991,4.931,4.931,1600,7889.6,0.0,0.0,0.0,0.0,,13.6,0.0,0.0
2018-12-28,5.592,5.592,5.592,5.592,100,559.1999999999999,0.0,0.0,0.0,0.0,,13.6,0.0,0.0
2019-01-02,5.592,5.592,5.592,5.592,0,0.0,0.0,0.0,0.0,0.0,,13.6,0.0,0.0
2019-01-03,4.991,5.893,4.991,5.893,200,1178.6,0.0,100.0,0.0,0.0,,13.6,0.0,0.0
2019-01-04,6.254,6.254,6.254,6.254,3000,18762.0,3000.0,0.0,30000.0,0.0,,13.6,0.03,0.0
2019-01-07,6.254,6.254,6.254,6.254,1400,8755.599999999999,1400.0,0.0,10000.0,0.0,,13.6,0.01,0.0
2019-01-08,5.472,6.134,5.472,6.134,1100,6747.400000000001,0.0,100.0,0.0,0.0,,13.6,0.0,0.0
2019-01-09,6.073,6.073,6.073,6.073,0,0.0,0.0,0.0,0.0,0.0,,13.6,0.0,0.0
2019-01-10,5.171,5.171,5.171,5.171,100,517.1,0.0,100.0,0.0,0.0,,13.6,0.0,0.0
2019-01-11,5.833,5.833,5.412,5.412,1100,5953.2,0.0,0.0,0.0,0.0,,13.6,0.0,0.0
2019-01-14,5.472,5.472,5.472,5.472,0,0.0,0.0,0.0,0.0,0.0,,13.6,0.0,0.0
2019-01-15,5.472,5.472,5.472,5.472,0,0.0,0.0,0.0,0.0,0.0,,13.6,0.0,0.0
2019-01-16,4.871,4.871,4.871,4.871,100,487.1,0.0,100.0,0.0,0.0,,13.6,0.0,0.0
2019-01-17,4.871,4.871,4.871,4.871,0,0.0,0.0,0.0,0.0,0.0,,13.6,0.0,0.0
2019-01-18,5.592,5.592,5.592,5.592,100,559.1999999999999,0.0,0.0,0.0,0.0,,13.6,0.0,0.0
2019-01-21,5.592,5.592,5.592,5.592,0,0.0,0.0,0.0,0.0,0.0,,13.6,0.0,0.0
2019-01-22,5.592,5.592,5.592,5.592,0,0.0,0.0,0.0,0.0,0.0,,13.6,0.0,0.0
2019-01-23,5.111,6.194,5.111,6.194,300,1858.2,0.0,100.0,0.0,0.0,,13.6,0.0,0.0
2019-01-24,5.171,6.194,5.171,6.194,400,2477.6,0.0,100.0,0.0,0.0,,13.6,0.0,0.0
2019-01-25,5.893,5.893,5.893,5.893,0,0.0,0.0,0.0,0.0,0.0,,13.6,0.0,0.0
2019-01-28,5.051,6.194,5.051,6.194,500,3097.0,0.0,100.0,0.0,0.0,,13.6,0.0,0.0
2019-01-29,6.254,6.254,6.254,6.254,500,3127.0,500.0,0.0,10000.0,0.0,,13.6,0.01,0.0
2019-01-30,6.254,6.254,6.254,6.254,100,625.4,100.0,0.0,0.0,0.0,,13.6,0.0,0.0
2019-01-31,5.352,6.554,5.352,6.554,1000,6554.0,0.0,100.0,0.0,0.0,,13.6,0.0,0.0
2019-02-01,5.652,5.652,5.652,5.652,100,565.2,0.0,100.0,0.0,0.0,,13.6,0.0,0.0
2019-02-11,6.494,6.494,6.494,6.494,200,1298.8,0.0,0.0,0.0,0.0,,13.6,0.0,0.0
2019-02-12,5.713,6.374,5.713,6.374,200,1274.8,0.0,100.0,0.0,0.0,,13.6,0.0,0.0
2019-02-13,5.953,6.554,5.953,6.554,300,1966.2,0.0,0.0,0.0,0.0,,13.6,0.0,0.0
2019-02-14,6.554,7.156,6.554,7.156,200,1431.2,100.0,0.0,0.0,0.0,,13.6,0.0,0.0
2019-02-15,5.953,5.953,5.953,5.953,100,595.3000000000001,0.0,100.0,0.0,0.0,,13.6,0.0,0.0
2019-02-18,6.795,6.795,6.795,6.795,100,679.5,0.0,0.0,0.0,0.0,,13.6,0.0,0.0
2019-02-19,6.795,7.036,6.795,7.036,300,2110.8,100.0,0.0,0.0,0.0,,13.6,0.0,0.0
2019-02-20,6.073,7.096,6.073,7.096,300,2128.8,0.0,100.0,0.0,0.0,,13.6,0.0,0.0
2019-02-21,7.096,7.096,7.096,7.096,1300,9224.8,1300.0,0.0,20000.0,0.0,,13.6,0.02,0.0
2019-02-22,7.096,7.096,7.096,7.096,1900,13482.4,1900.0,0.0,20000.0,0.0,,13.6,0.02,0.0
2019-02-25,7.156,7.156,7.156,7.156,1100,7871.599999999999,1100.0,0.0,10000.0,0.0,,13.6,0.01,0.0
2019-02-26,7.156,7.156,7.156,7.156,300,2146.8,300.0,100.0,0.0,0.0,,13.6,0.0,0.0
2019-02-27,6.254,6.254,6.254,6.254,100,625.4,0.0,100.0,0.0,0.0,,13.6,0.0,0.0
2019-02-28,6.254,6.254,6.254,6.254,0,0.0,0.0,0.0,0.0,0.0,,13.6,0.0,0.0
2019-03-01,6.254,6.254,6.254,6.254,0,0.0,0.0,0.0,0.0,0.0,,13.6,0.0,0.0
2019-03-04,5.773,5.773,5.773,5.773,100,577.3,0.0,100.0,0.0,0.0,,13.6,0.0,0.0
2019-03-05,5.773,5.773,5.773,5.773,0,0.0,0.0,0.0,0.0,0.0,,13.6,0.0,0.0
2019-03-06,5.773,5.773,5.773,5.773,0,0.0,0.0,0.0,0.0,0.0,,13.6,0.0,0.0
2019-03-07,5.773,5.773,5.773,5.773,0,0.0,0.0,0.0,0.0,0.0,,13.6,0.0,0.0
2019-03-08,5.773,5.773,5.773,5.773,0,0.0,0.0,0.0,0.0,0.0,,13.6,0.0,0.0
2019-03-11,5.773,5.773,5.773,5.773,0,0.0,0.0,0.0,0.0,0.0,,13.6,0.0,0.0
2019-03-12,5.773,5.773,5.773,5.773,0,0.0,0.0,0.0,0.0,0.0,,13.6,0.0,0.0
2019-03-13,5.171,5.171,5.171,5.171,100,517.1,0.0,100.0,0.0,0.0,,13.6,0.0,0.0
2019-03-14,5.833,5.893,5.833,5.893,200,1178.6,0.0,0.0,0.0,0.0,,13.6,0.0,0.0
2019-03-15,5.893,5.893,5.893,5.893,0,0.0,0.0,0.0,0.0,0.0,,13.6,0.0,0.0
2019-03-18,5.232,5.232,5.232,5.232,100,523.2,0.0,100.0,0.0,0.0,,13.6,0.0,0.0
2019-03-19,5.652,5.652,5.652,5.652,100,565.2,0.0,0.0,0.0,0.0,,13.6,0.0,0.0
2019-03-20,5.232,5.232,5.232,5.232,100,523.2,0.0,100.0,0.0,0.0,,13.6,0.0,0.0
2019-03-21,5.232,5.232,5.232,5.232,0,0.0,0.0,0.0,0.0,0.0,,13.6,0.0,0.0
2019-03-22,5.412,5.412,5.292,5.292,1100,5821.2,600.0,0.0,10000.0,0.0,,13.6,0.01,0.0
2019-03-25,5.352,5.352,5.352,5.352,0,0.0,0.0,0.0,0.0,0.0,,13.6,0.0,0.0
2019-03-26,5.352,5.352,5.352,5.352,0,0.0,0.0,0.0,0.0,0.0,,13.6,0.0,0.0
2019-03-27,5.352,5.352,5.352,5.352,0,0.0,0.0,0.0,0.0,0.0,,13.6,0.0,0.0
2019-03-28,5.352,5.352,5.352,5.352,0,0.0,0.0,0.0,0.0,0.0,,13.6,0.0,0.0
2019-03-29,5.352,5.352,5.352,5.352,0,0.0,0.0,0.0,0.0,0.0,,13.6,0.0,0.0
2019-04-01,5.352,5.352,5.352,5.352,0,0.0,0.0,0.0,0.0,0.0,,13.6,0.0,0.0
2019-04-02,5.352,5.352,5.352,5.352,0,0.0,0.0,0.0,0.0,0.0,,13.6,0.0,0.0
2019-04-03,5.352,5.352,5.352,5.352,0,0.0,0.0,0.0,0.0,0.0,,13.6,0.0,0.0
2019-04-04,5.352,5.352,5.352,5.352,0,0.0,0.0,0.0,0.0,0.0,,13.6,0.0,0.0
2019-04-05,5.352,5.352,5.352,5.352,0,0.0,0.0,0.0,0.0,0.0,,13.6,0.0,0.0
2019-04-08,4.57,4.57,4.57,4.57,100,457.0,0.0,100.0,0.0,0.0,,13.6,0.0,0.0
2019-04-09,4.57,4.57,4.57,4.57,0,0.0,0.0,0.0,0.0,0.0,,13.6,0.0,0.0
2019-04-10,4.57,4.57,4.57,4.57,0,0.0,0.0,0.0,0.0,0.0,,13.6,0.0,0.0
2019-04-11,4.57,4.57,4.57,4.57,0,0.0,0.0,0.0,0.0,0.0,,13.6,0.0,0.0
2019-04-12,4.57,4.57,4.57,4.57,0,0.0,0.0,0.0,0.0,0.0,,13.6,0.0,0.0
2019-04-16,4.57,4.57,4.57,4.57,0,0.0,0.0,0.0,0.0,0.0,,13.6,0.0,0.0
2019-04-17,4.57,4.57,4.57,4.57,0,0.0,0.0,0.0,0.0,0.0,,13.6,0.0,0.0
2019-04-18,4.57,4.57,4.57,4.57,0,0.0,0.0,0.0,0.0,0.0,,13.6,0.0,0.0
2019-04-19,4.57,4.57,4.57,4.57,0,0.0,0.0,0.0,0.0,0.0,,13.6,0.0,0.0
2019-04-22,4.57,4.57,4.57,4.57,0,0.0,0.0,0.0,0.0,0.0,,13.6,0.0,0.0
2019-04-23,4.57,4.57,4.57,4.57,0,0.0,0.0,0.0,0.0,0.0,,13.6,0.0,0.0
2019-04-24,4.57,4.57,4.57,4.57,0,0.0,0.0,0.0,0.0,0.0,,13.6,0.0,0.0
2019-04-25,4.57,4.57,4.57,4.57,0,0.0,0.0,0.0,0.0,0.0,,13.6,0.0,0.0
2019-04-26,4.57,4.57,4.57,4.57,0,0.0,0.0,0.0,0.0,0.0,,13.6,0.0,0.0
2019-05-02,4.57,4.57,4.57,4.57,0,0.0,0.0,0.0,0.0,0.0,,13.6,0.0,0.0
2019-05-03,4.57,4.57,4.57,4.57,0,0.0,0.0,0.0,0.0,0.0,,13.6,0.0,0.0
2019-05-06,4.57,4.57,4.57,4.57,0,0.0,0.0,0.0,0.0,0.0,,13.6,0.0,0.0
2019-05-07,4.57,4.57,4.57,4.57,0,0.0,0.0,0.0,0.0,0.0,,13.6,0.0,0.0
2019-05-08,4.57,4.57,4.57,4.57,0,0.0,0.0,0.0,0.0,0.0,,13.6,0.0,0.0
2019-05-09,4.57,4.57,4.57,4.57,0,0.0,0.0,0.0,0.0,0.0,,13.6,0.0,0.0
2019-05-10,4.57,4.57,4.57,4.57,0,0.0,0.0,0.0,0.0,0.0,,13.6,0.0,0.0
2019-05-13,4.57,4.57,4.57,4.57,0,0.0,0.0,0.0,0.0,0.0,,13.6,0.0,0.0
2019-05-14,4.57,4.57,4.57,4.57,0,0.0,0.0,0.0,0.0,0.0,,13.6,0.0,0.0
2019-05-15,4.57,4.57,4.57,4.57,0,0.0,0.0,0.0,0.0,0.0,,13.6,0.0,0.0
2019-05-16,5.232,5.232,4.63,5.232,400,2092.8,0.0,0.0,0.0,0.0,,13.6,0.0,0.0
2019-05-17,4.209,4.209,4.209,4.209,100,420.9,0.0,100.0,0.0,0.0,,13.6,0.0,0.0
2019-05-20,4.811,4.811,4.811,4.811,100,481.1,0.0,0.0,0.0,0.0,,13.6,0.0,0.0
2019-05-21,4.811,4.811,4.811,4.811,0,0.0,0.0,0.0,0.0,0.0,,13.6,0.0,0.0
2019-05-22,4.089,4.089,4.089,4.089,100,408.9,0.0,100.0,0.0,0.0,,13.6,0.0,0.0
2019-05-23,4.69,4.69,4.69,4.69,100,469.00000000000006,0.0,0.0,0.0,0.0,,13.6,0.0,0.0
2019-05-24,4.69,4.69,4.69,4.69,0,0.0,0.0,0.0,0.0,0.0,,13.6,0.0,0.0
2019-05-27,5.081,5.081,5.081,5.081,100,508.1,0.0,0.0,0.0,0.0,,13.6,0.0,0.0
2019-05-28,5.081,5.081,5.081,5.081,0,0.0,0.0,0.0,0.0,0.0,,13.6,0.0,0.0
2019-05-29,5.081,5.081,5.081,5.081,0,0.0,0.0,0.0,0.0,0.0,,13.6,0.0,0.0
2019-05-30,4.365,4.365,4.365,4.365,100,436.5,0.0,100.0,0.0,0.0,,13.6,0.0,0.0
2019-05-31,4.365,4.365,4.365,4.365,0,0.0,0.0,0.0,0.0,0.0,,13.6,0.0,0.0
2019-06-03,5.016,5.016,5.016,5.016,100,501.6,0.0,0.0,0.0,0.0,,13.6,0.0,0.0
2019-06-04,5.016,5.016,5.016,5.016,0,0.0,0.0,0.0,0.0,0.0,,13.6,0.0,0.0
2019-06-05,5.733,5.733,5.733,5.733,200,1146.6,0.0,0.0,0.0,0.0,,13.6,0.0,0.0
2019-06-06,5.146,5.146,5.146,5.146,100,514.6,0.0,100.0,0.0,0.0,,13.6,0.0,0.0
2019-06-07,5.146,5.146,5.146,5.146,0,0.0,0.0,0.0,0.0,0.0,,13.6,0.0,0.0
2019-06-10,5.146,5.146,5.146,5.146,0,0.0,0.0,0.0,0.0,0.0,,13.6,0.0,0.0
2019-06-11,5.602,5.863,5.602,5.863,900,5276.700000000001,900.0,0.0,10000.0,0.0,,13.6,0.01,0.0
2019-06-12,5.146,5.146,5.146,5.146,100,514.6,0.0,100.0,0.0,0.0,,13.6,0.0,0.0
2019-06-13,5.146,5.146,5.146,5.146,0,0.0,0.0,0.0,0.0,0.0,,13.6,0.0,0.0
2019-06-14,5.146,5.146,5.146,5.146,0,0.0,0.0,0.0,0.0,0.0,,13.6,0.0,0.0
2019-06-17,5.146,5.146,5.146,5.146,0,0.0,0.0,0.0,0.0,0.0,,13.6,0.0,0.0
2019-06-18,5.146,5.146,5.146,5.146,0,0.0,0.0,0.0,0.0,0.0,,13.6,0.0,0.0
2019-06-19,5.146,5.146,5.146,5.146,0,0.0,0.0,0.0,0.0,0.0,,13.6,0.0,0.0
2019-06-20,5.146,5.146,5.146,5.146,0,0.0,0.0,0.0,0.0,0.0,,13.6,0.0,0.0
2019-06-21,5.146,5.146,5.146,5.146,0,0.0,0.0,0.0,0.0,0.0,,13.6,0.0,0.0
2019-06-24,5.146,5.146,5.146,5.146,0,0.0,0.0,0.0,0.0,0.0,,13.6,0.0,0.0
2019-06-25,5.146,5.146,5.146,5.146,0,0.0,0.0,0.0,0.0,0.0,,13.6,0.0,0.0
2019-06-26,5.146,5.146,5.146,5.146,0,0.0,0.0,0.0,0.0,0.0,,13.6,0.0,0.0
2019-06-27,5.146,5.146,5.146,5.146,0,0.0,0.0,0.0,0.0,0.0,,13.6,0.0,0.0
2019-06-28,5.146,5.146,5.146,5.146,0,0.0,0.0,0.0,0.0,0.0,,13.6,0.0,0.0
2019-07-01,5.146,5.146,5.146,5.146,0,0.0,0.0,0.0,0.0,0.0,,13.6,0.0,0.0
2019-07-02,5.146,5.146,5.146,5.146,0,0.0,0.0,0.0,0.0,0.0,,13.6,0.0,0.0
2019-07-03,5.146,5.146,5.146,5.146,0,0.0,0.0,0.0,0.0,0.0,,13.6,0.0,0.0
2019-07-04,5.146,5.146,5.146,5.146,0,0.0,0.0,0.0,0.0,0.0,,13.6,0.0,0.0
2019-07-05,5.146,5.146,5.146,5.146,0,0.0,0.0,0.0,0.0,0.0,,13.6,0.0,0.0
2019-07-08,5.146,5.146,5.146,5.146,0,0.0,0.0,0.0,0.0,0.0,,13.6,0.0,0.0
2019-07-09,5.146,5.146,5.146,5.146,0,0.0,0.0,0.0,0.0,0.0,,13.6,0.0,0.0
2019-07-10,5.146,5.146,5.146,5.146,21,108.066,0.0,0.0,0.0,0.0,,13.6,0.0,0.0
2019-07-11,5.146,5.146,5.146,5.146,0,0.0,0.0,0.0,0.0,0.0,,13.6,0.0,0.0
2019-07-12,5.146,5.146,5.146,5.146,0,0.0,0.0,0.0,0.0,0.0,,13.6,0.0,0.0
2019-07-15,5.146,5.146,5.146,5.146,0,0.0,0.0,0.0,0.0,0.0,,13.6,0.0,0.0
2019-07-16,5.146,5.146,5.146,5.146,0,0.0,0.0,0.0,0.0,0.0,,13.6,0.0,0.0
2019-07-17,5.863,5.863,5.863,5.863,200,1172.6,200.0,0.0,0.0,0.0,,13.6,0.0,0.0
2019-07-18,5.016,5.016,5.016,5.016,100,501.6,0.0,100.0,0.0,0.0,,13.6,0.0,0.0
2019-07-19,5.016,5.016,5.016,5.016,0,0.0,0.0,0.0,0.0,0.0,,13.6,0.0,0.0
2019-07-22,5.016,5.016,5.016,5.016,0,0.0,0.0,0.0,0.0,0.0,,13.6,0.0,0.0
2019-07-23,5.211,5.211,5.211,5.211,100,521.1,0.0,0.0,0.0,0.0,,13.6,0.0,0.0
2019-07-24,5.211,5.211,5.211,5.211,0,0.0,0.0,0.0,0.0,0.0,,13.6,0.0,0.0
2019-07-25,5.211,5.211,5.211,5.211,0,0.0,0.0,0.0,0.0,0.0,,13.6,0.0,0.0
2019-07-26,5.211,5.211,5.211,5.211,0,0.0,0.0,0.0,0.0,0.0,,13.6,0.0,0.0
2019-07-29,5.211,5.211,5.211,5.211,5,26.055,0.0,0.0,0.0,0.0,,13.6,0.0,0.0
2019-07-30,5.211,5.211,5.211,5.211,0,0.0,0.0,0.0,0.0,0.0,,13.6,0.0,0.0
2019-07-31,5.211,5.211,5.211,5.211,0,0.0,0.0,0.0,0.0,0.0,,13.6,0.0,0.0
2019-08-01,5.211,5.211,5.211,5.211,0,0.0,0.0,0.0,0.0,0.0,,13.6,0.0,0.0
2019-08-02,5.211,5.211,5.211,5.211,0,0.0,0.0,0.0,0.0,0.0,,13.6,0.0,0.0
2019-08-05,5.211,5.211,5.211,5.211,0,0.0,0.0,0.0,0.0,0.0,,13.6,0.0,0.0
2019-08-06,5.211,5.211,5.211,5.211,0,0.0,0.0,0.0,0.0,0.0,,13.6,0.0,0.0
2019-08-07,5.211,5.211,5.211,5.211,0,0.0,0.0,0.0,0.0,0.0,,13.6,0.0,0.0
2019-08-08,5.211,5.211,5.211,5.211,0,0.0,0.0,0.0,0.0,0.0,,13.6,0.0,0.0
2019-08-09,5.211,5.211,5.211,5.211,0,0.0,0.0,0.0,0.0,0.0,,13.6,0.0,0.0
2019-08-12,5.211,5.211,5.211,5.211,0,0.0,0.0,0.0,0.0,0.0,,13.6,0.0,0.0
2019-08-13,5.211,5.211,5.211,5.211,0,0.0,0.0,0.0,0.0,0.0,,13.6,0.0,0.0
2019-08-14,5.211,5.211,5.211,5.211,0,0.0,0.0,0.0,0.0,0.0,,13.6,0.0,0.0
2019-08-15,5.211,5.211,5.211,5.211,0,0.0,0.0,0.0,0.0,0.0,,13.6,0.0,0.0
2019-08-16,5.993,5.993,5.993,5.993,800,4794.400000000001,800.0,0.0,10000.0,0.0,,13.6,0.01,0.0
2019-08-19,5.277,5.277,5.277,5.277,100,527.7,0.0,100.0,0.0,0.0,,13.6,0.0,0.0
2019-08-20,5.277,5.277,5.277,5.277,0,0.0,0.0,0.0,0.0,0.0,,13.6,0.0,0.0
2019-08-21,5.277,5.277,5.277,5.277,0,0.0,0.0,0.0,0.0,0.0,,13.6,0.0,0.0
2019-08-22,5.277,5.277,5.277,5.277,0,0.0,0.0,0.0,0.0,0.0,,13.6,0.0,0.0
2019-08-23,5.277,5.277,5.277,5.277,0,0.0,0.0,0.0,0.0,0.0,,13.6,0.0,0.0
2019-08-26,5.277,5.277,5.277,5.277,0,0.0,0.0,0.0,0.0,0.0,,13.6,0.0,0.0
2019-08-27,5.277,5.277,5.277,5.277,0,0.0,0.0,0.0,0.0,0.0,,13.6,0.0,0.0
2019-08-28,5.277,5.277,5.277,5.277,0,0.0,0.0,0.0,0.0,0.0,,13.6,0.0,0.0
2019-08-29,5.277,5.277,5.277,5.277,0,0.0,0.0,0.0,0.0,0.0,,13.6,0.0,0.0
2019-08-30,5.342,5.342,5.342,5.342,100,534.1999999999999,0.0,0.0,0.0,0.0,,13.6,0.0,0.0
2019-09-03,5.342,5.342,5.342,5.342,0,0.0,0.0,0.0,0.0,0.0,,13.6,0.0,0.0
2019-09-04,5.342,5.342,5.342,5.342,0,0.0,0.0,0.0,0.0,0.0,,13.6,0.0,0.0
2019-09-05,5.342,5.342,5.342,5.342,0,0.0,0.0,0.0,0.0,0.0,,13.6,0.0,0.0
2019-09-06,5.342,5.342,5.342,5.342,0,0.0,0.0,0.0,0.0,0.0,,13.6,0.0,0.0
2019-09-09,5.342,5.342,5.342,5.342,0,0.0,0.0,0.0,0.0,0.0,,13.6,0.0,0.0
2019-09-10,5.342,5.342,5.342,5.342,0,0.0,0.0,0.0,0.0,0.0,,13.6,0.0,0.0
2019-09-11,5.342,5.342,5.342,5.342,0,0.0,0.0,0.0,0.0,0.0,,13.6,0.0,0.0
2019-09-12,5.342,5.342,5.342,5.342,0,0.0,0.0,0.0,0.0,0.0,,13.6,0.0,0.0
2019-09-13,5.342,5.342,5.342,5.342,0,0.0,0.0,0.0,0.0,0.0,,13.6,0.0,0.0
2019-09-16,5.342,5.342,5.342,5.342,0,0.0,0.0,0.0,0.0,0.0,,13.6,0.0,0.0
2019-09-17,5.342,5.342,5.342,5.342,0,0.0,0.0,0.0,0.0,0.0,,13.6,0.0,0.0
2019-09-18,5.342,5.342,5.342,5.342,0,0.0,0.0,0.0,0.0,0.0,,13.6,0.0,0.0
2019-09-19,5.342,5.342,5.342,5.342,0,0.0,0.0,0.0,0.0,0.0,,13.6,0.0,0.0
2019-09-20,5.342,5.342,5.342,5.342,0,0.0,0.0,0.0,0.0,0.0,,13.6,0.0,0.0
2019-09-23,5.342,5.342,5.342,5.342,0,0.0,0.0,0.0,0.0,0.0,,13.6,0.0,0.0
2019-09-24,5.342,5.342,5.342,5.342,0,0.0,0.0,0.0,0.0,0.0,,13.6,0.0,0.0
2019-09-25,5.342,5.342,5.342,5.342,0,0.0,0.0,0.0,0.0,0.0,,13.6,0.0,0.0
2019-09-26,5.342,5.342,5.342,5.342,0,0.0,0.0,0.0,0.0,0.0,,13.6,0.0,0.0
2019-09-27,4.755,4.755,4.755,4.755,1000,4755.0,0.0,0.0,0.0,0.0,,13.6,0.0,0.0
2019-09-30,4.755,4.755,4.755,4.755,0,0.0,0.0,0.0,0.0,0.0,,13.6,0.0,0.0
2019-10-01,4.755,4.755,4.755,4.755,0,0.0,0.0,0.0,0.0,0.0,,13.6,0.0,0.0
2019-10-02,4.755,4.755,4.755,4.755,0,0.0,0.0,0.0,0.0,0.0,,13.6,0.0,0.0
2019-10-03,4.755,4.755,4.755,4.755,0,0.0,0.0,0.0,0.0,0.0,,13.6,0.0,0.0
2019-10-04,4.755,4.755,4.755,4.755,0,0.0,0.0,0.0,0.0,0.0,,13.6,0.0,0.0
2019-10-07,4.755,4.755,4.755,4.755,0,0.0,0.0,0.0,0.0,0.0,,13.6,0.0,0.0
2019-10-08,4.755,4.755,4.755,4.755,0,0.0,0.0,0.0,0.0,0.0,,13.6,0.0,0.0
2019-10-09,4.755,4.755,4.755,4.755,0,0.0,0.0,0.0,0.0,0.0,,13.6,0.0,0.0
2019-10-10,4.755,4.755,4.755,4.755,0,0.0,0.0,0.0,0.0,0.0,,13.6,0.0,0.0
2019-10-11,4.755,4.755,4.755,4.755,0,0.0,0.0,0.0,0.0,0.0,,13.6,0.0,0.0
2019-10-14,4.755,4.755,4.755,4.755,0,0.0,0.0,0.0,0.0,0.0,,13.6,0.0,0.0
2019-10-15,4.755,4.755,4.755,4.755,0,0.0,0.0,0.0,0.0,0.0,,13.6,0.0,0.0
2019-10-16,4.755,4.755,4.755,4.755,0,0.0,0.0,0.0,0.0,0.0,,13.6,0.0,0.0
2019-10-17,4.755,4.755,4.755,4.755,0,0.0,0.0,0.0,0.0,0.0,,13.6,0.0,0.0
2019-10-18,4.755,4.755,4.755,4.755,0,0.0,0.0,0.0,0.0,0.0,,13.6,0.0,0.0
2019-10-21,4.755,4.755,4.755,4.755,0,0.0,0.0,0.0,0.0,0.0,,13.6,0.0,0.0
2019-10-22,4.755,4.755,4.755,4.755,0,0.0,0.0,0.0,0.0,0.0,,13.6,0.0,0.0
2019-10-23,4.755,4.755,4.755,4.755,0,0.0,0.0,0.0,0.0,0.0,,13.6,0.0,0.0
2019-10-24,4.755,4.755,4.755,4.755,0,0.0,0.0,0.0,0.0,0.0,,13.6,0.0,0.0
2019-10-25,4.755,4.755,4.755,4.755,0,0.0,0.0,0.0,0.0,0.0,,13.6,0.0,0.0
2019-10-28,4.755,4.755,4.755,4.755,0,0.0,0.0,0.0,0.0,0.0,,13.6,0.0,0.0
2019-10-29,4.755,4.755,4.755,4.755,0,0.0,0.0,0.0,0.0,0.0,,13.6,0.0,0.0
2019-10-30,4.755,4.755,4.755,4.755,0,0.0,0.0,0.0,0.0,0.0,,13.6,0.0,0.0
2019-10-31,4.755,4.755,4.755,4.755,0,0.0,0.0,0.0,0.0,0.0,,13.6,0.0,0.0
2019-11-01,4.821,4.821,4.821,4.821,100,482.1,0.0,0.0,0.0,0.0,,13.6,0.0,0.0
2019-11-04,4.821,4.821,4.821,4.821,0,0.0,0.0,0.0,0.0,0.0,,13.6,0.0,0.0
2019-11-05,4.821,4.821,4.821,4.821,0,0.0,0.0,0.0,0.0,0.0,,13.6,0.0,0.0
2019-11-06,4.821,4.821,4.821,4.821,0,0.0,0.0,0.0,0.0,0.0,,13.6,0.0,0.0
2019-11-07,4.821,4.821,4.821,4.821,0,0.0,0.0,0.0,0.0,0.0,,13.6,0.0,0.0
2019-11-08,4.821,4.821,4.821,4.821,0,0.0,0.0,0.0,0.0,0.0,,13.6,0.0,0.0
2019-11-11,4.821,4.821,4.821,4.821,0,0.0,0.0,0.0,0.0,0.0,,13.6,0.0,0.0
2019-11-12,4.821,4.821,4.821,4.821,0,0.0,0.0,0.0,0.0,0.0,,13.6,0.0,0.0
2019-11-13,4.821,4.821,4.821,4.821,0,0.0,0.0,0.0,0.0,0.0,,13.6,0.0,0.0
2019-11-14,4.821,4.821,4.821,4.821,0,0.0,0.0,0.0,0.0,0.0,,13.6,0.0,0.0
2019-11-15,4.821,4.821,4.821,4.821,0,0.0,0.0,0.0,0.0,0.0,,13.6,0.0,0.0
2019-11-18,4.821,4.821,4.821,4.821,0,0.0,0.0,0.0,0.0,0.0,,13.6,0.0,0.0
2019-11-19,4.821,4.821,4.821,4.821,0,0.0,0.0,0.0,0.0,0.0,,13.6,0.0,0.0
2019-11-20,4.821,4.821,4.821,4.821,0,0.0,0.0,0.0,0.0,0.0,,13.6,0.0,0.0
2019-11-21,4.821,4.821,4.821,4.821,0,0.0,0.0,0.0,0.0,0.0,,13.6,0.0,0.0
2019-11-22,4.821,4.821,4.821,4.821,0,0.0,0.0,0.0,0.0,0.0,,13.6,0.0,0.0
2019-11-25,4.821,4.821,4.821,4.821,0,0.0,0.0,0.0,0.0,0.0,,13.6,0.0,0.0
2019-11-26,4.299,4.299,4.299,4.299,100,429.9,0.0,0.0,0.0,0.0,,13.6,0.0,0.0
2019-11-27,4.299,4.299,4.299,4.299,0,0.0,0.0,0.0,0.0,0.0,,13.6,0.0,0.0
2019-11-28,4.299,4.299,4.299,4.299,0,0.0,0.0,0.0,0.0,0.0,,13.6,0.0,0.0
2019-11-29,4.299,4.299,4.299,4.299,0,0.0,0.0,0.0,0.0,0.0,,13.6,0.0,0.0
2019-12-02,4.56,4.56,4.56,4.56,500,2280.0,0.0,500.0,0.0,0.0,,13.6,0.0,0.0
2019-12-03,4.56,4.56,4.56,4.56,0,0.0,0.0,0.0,0.0,0.0,,13.6,0.0,0.0
2019-12-04,4.56,4.56,4.56,4.56,0,0.0,0.0,0.0,0.0,0.0,,13.6,0.0,0.0
2019-12-05,4.56,4.56,4.56,4.56,0,0.0,0.0,0.0,0.0,0.0,,13.6,0.0,0.0
2019-12-06,4.56,4.56,4.56,4.56,0,0.0,0.0,0.0,0.0,0.0,,13.6,0.0,0.0
2019-12-09,4.56,4.56,4.56,4.56,0,0.0,0.0,0.0,0.0,0.0,,13.6,0.0,0.0
2019-12-10,4.56,4.56,4.56,4.56,0,0.0,0.0,0.0,0.0,0.0,,13.6,0.0,0.0
2019-12-11,4.56,4.56,4.56,4.56,0,0.0,0.0,0.0,0.0,0.0,,13.6,0.0,0.0
2019-12-12,4.56,4.56,4.56,4.56,0,0.0,0.0,0.0,0.0,0.0,,13.6,0.0,0.0
2019-12-13,4.56,4.56,4.56,4.56,0,0.0,0.0,0.0,0.0,0.0,,13.6,0.0,0.0
2019-12-16,4.56,4.56,4.56,4.56,0,0.0,0.0,0.0,0.0,0.0,,13.6,0.0,0.0
2019-12-17,4.56,4.56,4.56,4.56,0,0.0,0.0,0.0,0.0,0.0,,13.6,0.0,0.0
2019-12-18,4.56,4.56,4.56,4.56,0,0.0,0.0,0.0,0.0,0.0,,13.6,0.0,0.0
2019-12-19,4.56,4.56,4.56,4.56,0,0.0,0.0,0.0,0.0,0.0,,13.6,0.0,0.0
2019-12-20,4.56,4.56,4.56,4.56,0,0.0,0.0,0.0,0.0,0.0,,13.6,0.0,0.0
2019-12-23,4.56,4.56,4.56,4.56,0,0.0,0.0,0.0,0.0,0.0,,13.6,0.0,0.0
2019-12-24,4.56,4.56,4.56,4.56,0,0.0,0.0,0.0,0.0,0.0,,13.6,0.0,0.0
2019-12-25,4.56,4.56,4.56,4.56,0,0.0,0.0,0.0,0.0,0.0,,13.6,0.0,0.0
2019-12-26,4.56,4.56,4.56,4.56,0,0.0,0.0,0.0,0.0,0.0,,13.6,0.0,0.0
2019-12-27,4.56,4.56,4.56,4.56,0,0.0,0.0,0.0,0.0,0.0,,13.6,0.0,0.0
2019-12-30,4.56,4.56,4.56,4.56,0,0.0,0.0,0.0,0.0,0.0,,13.6,0.0,0.0
2019-12-31,4.56,4.56,4.56,4.56,0,0.0,0.0,0.0,0.0,0.0,,13.6,0.0,0.0
2020-01-02,4.56,4.56,4.56,4.56,0,0.0,0.0,0.0,0.0,0.0,,13.6,0.0,0.0
2020-01-03,4.56,4.56,4.56,4.56,0,0.0,0.0,0.0,0.0,0.0,,13.6,0.0,0.0
2020-01-06,4.56,4.56,4.56,4.56,0,0.0,0.0,0.0,0.0,0.0,,13.6,0.0,0.0
2020-01-07,4.56,4.56,4.56,4.56,0,0.0,0.0,0.0,0.0,0.0,,13.6,0.0,0.0
2020-01-08,4.56,4.56,4.56,4.56,0,0.0,0.0,0.0,0.0,0.0,,13.6,0.0,0.0
2020-01-09,4.56,4.56,4.56,4.56,0,0.0,0.0,0.0,0.0,0.0,,13.6,0.0,0.0
2020-01-10,4.56,4.56,4.56,4.56,0,0.0,0.0,0.0,0.0,0.0,,13.6,0.0,0.0
2020-01-13,4.56,4.56,4.56,4.56,0,0.0,0.0,0.0,0.0,0.0,,13.6,0.0,0.0
2020-01-14,4.56,4.56,4.56,4.56,0,0.0,0.0,0.0,0.0,0.0,,13.6,0.0,0.0
2020-01-15,4.56,4.56,4.56,4.56,0,0.0,0.0,0.0,0.0,0.0,,13.6,0.0,0.0
2020-01-16,4.56,4.56,4.56,4.56,0,0.0,0.0,0.0,0.0,0.0,,13.6,0.0,0.0
2020-01-17,4.56,4.56,4.56,4.56,0,0.0,0.0,0.0,0.0,0.0,,13.6,0.0,0.0
2020-01-20,4.56,4.56,4.56,4.56,0,0.0,0.0,0.0,0.0,0.0,,13.6,0.0,0.0
2020-01-21,4.56,4.56,4.56,4.56,0,0.0,0.0,0.0,0.0,0.0,,13.6,0.0,0.0
2020-01-22,4.56,4.56,4.56,4.56,0,0.0,0.0,0.0,0.0,0.0,,13.6,0.0,0.0
2020-01-30,4.56,4.56,4.56,4.56,0,0.0,0.0,0.0,0.0,0.0,,13.6,0.0,0.0
2020-01-31,4.56,4.56,4.56,4.56,0,0.0,0.0,0.0,0.0,0.0,,13.6,0.0,0.0
2020-02-03,4.56,4.56,4.56,4.56,0,0.0,0.0,0.0,0.0,0.0,,13.6,0.0,0.0
2020-02-04,4.56,4.56,4.56,4.56,0,0.0,0.0,0.0,0.0,0.0,,13.6,0.0,0.0
2020-02-05,4.56,4.56,4.56,4.56,0,0.0,0.0,0.0,0.0,0.0,,13.6,0.0,0.0
2020-02-06,4.56,4.56,4.56,4.56,0,0.0,0.0,0.0,0.0,0.0,,13.6,0.0,0.0
2020-02-07,4.56,4.56,4.56,4.56,0,0.0,0.0,0.0,0.0,0.0,,13.6,0.0,0.0
2020-02-10,4.56,4.56,4.56,4.56,0,0.0,0.0,0.0,0.0,0.0,,13.6,0.0,0.0
2020-02-11,4.56,4.56,4.56,4.56,0,0.0,0.0,0.0,0.0,0.0,,13.6,0.0,0.0
2020-02-12,4.56,4.56,4.56,4.56,0,0.0,0.0,0.0,0.0,0.0,,13.6,0.0,0.0
2020-02-13,4.56,4.56,4.56,4.56,0,0.0,0.0,0.0,0.0,0.0,,13.6,0.0,0.0
2020-02-14,4.56,4.56,4.56,4.56,0,0.0,0.0,0.0,0.0,0.0,,13.6,0.0,0.0
2020-02-17,4.56,4.56,4.56,4.56,0,0.0,0.0,0.0,0.0,0.0,,13.6,0.0,0.0
2020-02-18,4.56,4.56,4.56,4.56,0,0.0,0.0,0.0,0.0,0.0,,13.6,0.0,0.0
2020-02-19,4.56,4.56,4.56,4.56,0,0.0,0.0,0.0,0.0,0.0,,13.6,0.0,0.0
2020-02-20,4.56,4.56,4.56,4.56,0,0.0,0.0,0.0,0.0,0.0,,13.6,0.0,0.0
2020-02-21,4.56,4.56,4.56,4.56,0,0.0,0.0,0.0,0.0,0.0,,13.6,0.0,0.0
2020-02-24,2.736,6.384,2.736,6.384,300,1915.2,0.0,100.0,0.0,0.0,,13.6,0.0,0.0
2020-02-25,5.863,5.863,5.863,5.863,100,586.3000000000001,0.0,0.0,0.0,0.0,,13.6,0.0,0.0
2020-02-26,5.016,6.71,5.016,6.71,300,2013.0,0.0,100.0,0.0,0.0,,13.6,0.0,0.0
2020-02-27,7.035,7.035,7.035,7.035,100,703.5,0.0,0.0,0.0,0.0,,13.6,0.0,0.0
2020-02-28,8.078,8.078,8.078,8.078,100,807.8,0.0,0.0,0.0,0.0,,13.6,0.0,0.0
2020-03-02,8.078,8.078,8.078,8.078,0,0.0,0.0,0.0,0.0,0.0,,13.6,0.0,0.0
2020-03-03,8.078,8.078,8.078,8.078,0,0.0,0.0,0.0,0.0,0.0,,13.6,0.0,0.0
2020-03-04,8.078,8.078,8.078,8.078,0,0.0,0.0,0.0,0.0,0.0,,13.6,0.0,0.0
2020-03-05,8.078,8.078,8.078,8.078,0,0.0,0.0,0.0,0.0,0.0,,13.6,0.0,0.0
2020-03-06,8.078,8.078,8.078,8.078,0,0.0,0.0,0.0,0.0,0.0,,13.6,0.0,0.0
2020-03-09,8.078,8.078,8.078,8.078,0,0.0,0.0,0.0,0.0,0.0,,13.6,0.0,0.0
2020-03-10,8.078,8.078,8.078,8.078,0,0.0,0.0,0.0,0.0,0.0,,13.6,0.0,0.0
2020-03-11,8.078,8.078,8.078,8.078,0,0.0,0.0,0.0,0.0,0.0,,13.6,0.0,0.0
2020-03-12,8.078,8.078,8.078,8.078,0,0.0,0.0,0.0,0.0,0.0,,13.6,0.0,0.0
2020-03-13,6.905,7.166,6.905,7.166,600,4299.6,500.0,0.0,10000.0,0.0,,13.6,0.01,0.0
2020-03-16,8.012,8.012,6.905,6.905,1300,8976.5,1200.0,0.0,10000.0,0.0,,13.6,0.01,0.0
2020-03-17,5.993,5.993,5.993,5.993,100,599.3000000000001,0.0,100.0,0.0,0.0,,13.6,0.0,0.0
2020-03-18,5.211,5.211,5.211,5.211,100,521.1,0.0,100.0,0.0,0.0,,13.6,0.0,0.0
2020-03-19,4.56,4.56,4.56,4.56,100,456.0,0.0,100.0,0.0,0.0,,13.6,0.0,0.0
2020-03-20,4.56,4.56,4.56,4.56,0,0.0,0.0,0.0,0.0,0.0,,13.6,0.0,0.0
2020-03-23,4.56,4.56,4.56,4.56,0,0.0,0.0,0.0,0.0,0.0,,13.6,0.0,0.0
2020-03-24,4.56,4.56,4.56,4.56,0,0.0,0.0,0.0,0.0,0.0,,13.6,0.0,0.0
2020-03-25,4.56,4.56,4.56,4.56,0,0.0,0.0,0.0,0.0,0.0,,13.6,0.0,0.0
2020-03-26,4.56,4.56,4.56,4.56,0,0.0,0.0,0.0,0.0,0.0,,13.6,0.0,0.0
2020-03-27,4.56,4.56,4.56,4.56,0,0.0,0.0,0.0,0.0,0.0,,13.6,0.0,0.0
2020-03-30,4.56,4.56,4.56,4.56,0,0.0,0.0,0.0,0.0,0.0,,13.6,0.0,0.0
2020-03-31,4.56,4.56,4.56,4.56,0,0.0,0.0,0.0,0.0,0.0,,13.6,0.0,0.0
2020-04-01,4.56,4.56,4.56,4.56,0,0.0,0.0,0.0,0.0,0.0,,13.6,0.0,0.0
2020-04-03,4.56,4.56,4.56,4.56,0,0.0,0.0,0.0,0.0,0.0,,13.6,0.0,0.0
2020-04-06,4.56,4.56,4.56,4.56,0,0.0,0.0,0.0,0.0,0.0,,13.6,0.0,0.0
2020-04-07,4.56,4.56,4.56,4.56,0,0.0,0.0,0.0,0.0,0.0,,13.6,0.0,0.0
2020-04-08,4.56,4.56,4.56,4.56,0,0.0,0.0,0.0,0.0,0.0,,13.6,0.0,0.0
2020-04-09,4.56,4.56,4.56,4.56,0,0.0,0.0,0.0,0.0,0.0,,13.6,0.0,0.0
2020-04-10,4.56,4.56,4.56,4.56,0,0.0,0.0,0.0,0.0,0.0,,13.6,0.0,0.0
2020-04-13,4.56,4.56,4.56,4.56,0,0.0,0.0,0.0,0.0,0.0,,13.6,0.0,0.0
2020-04-14,4.56,4.56,4.56,4.56,0,0.0,0.0,0.0,0.0,0.0,,13.6,0.0,0.0
2020-04-15,4.56,4.56,4.56,4.56,0,0.0,0.0,0.0,0.0,0.0,,13.6,0.0,0.0
2020-04-16,4.56,4.56,4.56,4.56,0,0.0,0.0,0.0,0.0,0.0,,13.6,0.0,0.0
2020-04-17,4.56,4.56,4.56,4.56,0,0.0,0.0,0.0,0.0,0.0,,13.6,0.0,0.0
2020-04-20,4.56,4.56,4.56,4.56,0,0.0,0.0,0.0,0.0,0.0,,13.6,0.0,0.0
2020-04-21,4.56,4.56,4.56,4.56,0,0.0,0.0,0.0,0.0,0.0,,13.6,0.0,0.0
2020-04-22,4.56,4.56,4.56,4.56,0,0.0,0.0,0.0,0.0,0.0,,13.6,0.0,0.0
2020-04-23,4.56,4.56,4.56,4.56,0,0.0,0.0,0.0,0.0,0.0,,13.6,0.0,0.0
2020-04-24,4.56,4.56,4.56,4.56,0,0.0,0.0,0.0,0.0,0.0,,13.6,0.0,0.0
2020-04-27,4.56,4.56,4.56,4.56,10,45.6,0.0,0.0,0.0,0.0,,13.6,0.0,0.0
2020-04-28,4.56,4.56,4.56,4.56,0,0.0,0.0,0.0,0.0,0.0,,13.6,0.0,0.0
2020-04-29,4.56,4.56,4.56,4.56,0,0.0,0.0,0.0,0.0,0.0,,13.6,0.0,0.0
2020-05-04,4.56,4.56,4.56,4.56,0,0.0,0.0,0.0,0.0,0.0,,13.6,0.0,0.0
2020-05-05,4.56,4.56,4.56,4.56,0,0.0,0.0,0.0,0.0,0.0,,13.6,0.0,0.0
2020-05-06,4.56,4.56,4.56,4.56,0,0.0,0.0,0.0,0.0,0.0,,13.6,0.0,0.0
2020-05-07,4.56,4.56,4.56,4.56,0,0.0,0.0,0.0,0.0,0.0,,13.6,0.0,0.0
2020-05-08,4.56,4.56,4.56,4.56,0,0.0,0.0,0.0,0.0,0.0,,13.6,0.0,0.0
2020-05-11,4.56,4.56,4.56,4.56,0,0.0,0.0,0.0,0.0,0.0,,13.6,0.0,0.0
2020-05-12,4.56,4.56,4.56,4.56,0,0.0,0.0,0.0,0.0,0.0,,13.6,0.0,0.0
2020-05-13,4.56,4.56,4.56,4.56,0,0.0,0.0,0.0,0.0,0.0,,13.6,0.0,0.0
2020-05-14,4.56,4.56,4.56,4.56,0,0.0,0.0,0.0,0.0,0.0,,13.6,0.0,0.0
2020-05-15,4.56,4.56,4.56,4.56,0,0.0,0.0,0.0,0.0,0.0,,13.6,0.0,0.0
2020-05-18,4.56,4.56,4.56,4.56,0,0.0,0.0,0.0,0.0,0.0,,13.6,0.0,0.0
2020-05-19,4.56,4.56,4.56,4.56,0,0.0,0.0,0.0,0.0,0.0,,13.6,0.0,0.0
2020-05-20,4.625,4.625,4.625,4.625,10000,46250.0,0.0,0.0,0.0,0.0,,13.6,0.0,0.0
2020-05-21,4.625,4.625,4.625,4.625,0,0.0,0.0,0.0,0.0,0.0,,13.6,0.0,0.0
2020-05-22,4.625,4.625,4.625,4.625,0,0.0,0.0,0.0,0.0,0.0,,13.6,0.0,0.0
2020-05-25,4.625,4.625,4.625,4.625,0,0.0,0.0,0.0,0.0,0.0,,13.6,0.0,0.0
2020-05-26,4.625,4.625,4.625,4.625,10,46.25,0.0,0.0,0.0,0.0,,13.6,0.0,0.0
2020-05-27,4.625,4.625,4.625,4.625,0,0.0,0.0,0.0,0.0,0.0,,13.6,0.0,0.0
2020-05-28,4.625,4.625,4.625,4.625,0,0.0,0.0,0.0,0.0,0.0,,13.6,0.0,0.0
2020-05-29,4.625,4.625,4.625,4.625,0,0.0,0.0,0.0,0.0,0.0,,13.6,0.0,0.0
2020-06-01,4.625,4.625,4.625,4.625,0,0.0,0.0,0.0,0.0,0.0,,13.6,0.0,0.0
2020-06-02,4.625,4.625,4.625,4.625,0,0.0,0.0,0.0,0.0,0.0,,13.6,0.0,0.0
2020-06-03,4.625,4.625,4.625,4.625,0,0.0,0.0,0.0,0.0,0.0,,13.6,0.0,0.0
2020-06-04,5.277,5.277,5.277,5.277,100,527.7,0.0,0.0,0.0,0.0,,13.6,0.0,0.0
2020-06-05,5.277,5.277,5.277,5.277,0,0.0,0.0,0.0,0.0,0.0,,13.6,0.0,0.0
2020-06-08,5.277,5.277,5.277,5.277,0,0.0,0.0,0.0,0.0,0.0,,13.6,0.0,0.0
2020-06-09,5.277,5.277,5.277,5.277,0,0.0,0.0,0.0,0.0,0.0,,13.6,0.0,0.0
2020-06-10,5.277,5.277,5.277,5.277,0,0.0,0.0,0.0,0.0,0.0,,13.6,0.0,0.0
2020-06-11,5.277,5.277,5.277,5.277,0,0.0,0.0,0.0,0.0,0.0,,13.6,0.0,0.0
2020-06-12,5.277,5.277,5.277,5.277,0,0.0,0.0,0.0,0.0,0.0,,13.6,0.0,0.0
2020-06-15,5.277,5.277,5.277,5.277,0,0.0,0.0,0.0,0.0,0.0,,13.6,0.0,0.0
2020-06-16,5.277,5.277,5.277,5.277,0,0.0,0.0,0.0,0.0,0.0,,13.6,0.0,0.0
2020-06-17,5.277,5.277,5.277,5.277,0,0.0,0.0,0.0,0.0,0.0,,13.6,0.0,0.0
2020-06-18,5.277,5.277,5.277,5.277,0,0.0,0.0,0.0,0.0,0.0,,13.6,0.0,0.0
2020-06-19,5.277,5.277,5.277,5.277,0,0.0,0.0,0.0,0.0,0.0,,13.6,0.0,0.0
2020-06-22,5.277,5.277,5.277,5.277,0,0.0,0.0,0.0,0.0,0.0,,13.6,0.0,0.0
2020-06-23,5.277,5.277,5.277,5.277,0,0.0,0.0,0.0,0.0,0.0,,13.6,0.0,0.0
2020-06-24,5.277,5.277,5.277,5.277,0,0.0,0.0,0.0,0.0,0.0,,13.6,0.0,0.0
2020-06-25,5.277,5.277,5.277,5.277,0,0.0,0.0,0.0,0.0,0.0,,13.6,0.0,0.0
2020-06-26,5.277,5.277,5.277,5.277,0,0.0,0.0,0.0,0.0,0.0,,13.6,0.0,0.0
2020-06-29,5.277,5.277,5.277,5.277,0,0.0,0.0,0.0,0.0,0.0,,13.6,0.0,0.0
2020-06-30,5.277,5.277,5.277,5.277,0,0.0,0.0,0.0,0.0,0.0,,13.6,0.0,0.0
2020-07-01,5.277,5.277,5.277,5.277,11,58.047,0.0,0.0,0.0,0.0,,13.6,0.0,0.0
2020-07-02,5.277,5.277,5.277,5.277,0,0.0,0.0,0.0,0.0,0.0,,13.6,0.0,0.0
2020-07-03,5.277,5.277,5.277,5.277,80,422.16,0.0,0.0,0.0,0.0,,13.6,0.0,0.0
2020-07-06,5.277,5.277,5.277,5.277,0,0.0,0.0,0.0,0.0,0.0,,13.6,0.0,0.0
2020-07-07,5.277,5.277,5.277,5.277,0,0.0,0.0,0.0,0.0,0.0,,13.6,0.0,0.0
2020-07-08,5.276,5.276,5.276,5.276,0,0.0,0.0,0.0,0.0,0.0,,13.6,0.0,0.0
2020-07-09,5.062,5.062,5.062,5.062,200,1012.4,0.0,0.0,0.0,0.0,,13.6,0.0,0.0
2020-07-10,4.706,4.706,4.706,4.706,100,470.6,0.0,0.0,0.0,0.0,,13.6,0.0,0.0
2020-07-13,4.706,4.706,4.706,4.706,0,0.0,0.0,0.0,0.0,0.0,,13.6,0.0,0.0
2020-07-14,4.706,4.706,4.706,4.706,0,0.0,0.0,0.0,0.0,0.0,,13.6,0.0,0.0
2020-07-15,4.706,4.706,4.706,4.706,0,0.0,0.0,0.0,0.0,0.0,,13.6,0.0,0.0
2020-07-16,4.706,4.706,4.706,4.706,0,0.0,0.0,0.0,0.0,0.0,,13.6,0.0,0.0
2020-07-17,4.706,4.706,4.706,4.706,0,0.0,0.0,0.0,0.0,0.0,,13.6,0.0,0.0
2020-07-20,4.706,4.706,4.706,4.706,0,0.0,0.0,0.0,0.0,0.0,,13.6,0.0,0.0
2020-07-21,4.706,4.706,4.706,4.706,0,0.0,0.0,0.0,0.0,0.0,,13.6,0.0,0.0
2020-07-22,4.706,4.706,4.706,4.706,0,0.0,0.0,0.0,0.0,0.0,,13.6,0.0,0.0
2020-07-23,4.706,4.706,4.706,4.706,0,0.0,0.0,0.0,0.0,0.0,,13.6,0.0,0.0
2020-07-24,4.706,4.706,4.706,4.706,0,0.0,0.0,0.0,0.0,0.0,,13.6,0.0,0.0
2020-07-27,4.706,4.706,4.706,4.706,0,0.0,0.0,0.0,0.0,0.0,,13.6,0.0,0.0
2020-07-28,4.706,4.706,4.706,4.706,0,0.0,0.0,0.0,0.0,0.0,,13.6,0.0,0.0
2020-07-29,4.706,4.706,4.706,4.706,0,0.0,0.0,0.0,0.0,0.0,,13.6,0.0,0.0
2020-07-30,4.706,4.706,4.706,4.706,0,0.0,0.0,0.0,0.0,0.0,,13.6,0.0,0.0
2020-07-31,4.706,4.706,4.706,4.706,0,0.0,0.0,0.0,0.0,0.0,,13.6,0.0,0.0
2020-08-03,4.706,4.706,4.706,4.706,0,0.0,0.0,0.0,0.0,0.0,,13.6,0.0,0.0
2020-08-04,4.706,4.706,4.706,4.706,0,0.0,0.0,0.0,0.0,0.0,,13.6,0.0,0.0
2020-08-05,4.706,4.706,4.706,4.706,0,0.0,0.0,0.0,0.0,0.0,,13.6,0.0,0.0
2020-08-06,4.706,4.706,4.706,4.706,0,0.0,0.0,0.0,0.0,0.0,,13.6,0.0,0.0
2020-08-07,4.706,4.706,4.706,4.706,0,0.0,0.0,0.0,0.0,0.0,,13.6,0.0,0.0
2020-08-10,4.706,4.706,4.706,4.706,0,0.0,0.0,0.0,0.0,0.0,,13.6,0.0,0.0
2020-08-11,4.706,4.706,4.706,4.706,0,0.0,0.0,0.0,0.0,0.0,,13.6,0.0,0.0
2020-08-12,4.706,4.706,4.706,4.706,0,0.0,0.0,0.0,0.0,0.0,,13.6,0.0,0.0
2020-08-13,4.706,4.706,4.706,4.706,0,0.0,0.0,0.0,0.0,0.0,,13.6,0.0,0.0
2020-08-14,4.706,4.706,4.706,4.706,0,0.0,0.0,0.0,0.0,0.0,,13.6,0.0,0.0
2020-08-17,4.706,4.706,4.706,4.706,0,0.0,0.0,0.0,0.0,0.0,,13.6,0.0,0.0
2020-08-18,4.706,4.706,4.706,4.706,0,0.0,0.0,0.0,0.0,0.0,,13.6,0.0,0.0
2020-08-19,4.706,4.706,4.706,4.706,0,0.0,0.0,0.0,0.0,0.0,,13.6,0.0,0.0
2020-08-20,4.706,4.706,4.706,4.706,0,0.0,0.0,0.0,0.0,0.0,,13.6,0.0,0.0
2020-08-21,4.278,4.278,3.708,3.708,200,741.6,0.0,0.0,0.0,0.0,,13.6,0.0,0.0
2020-08-24,4.563,4.563,4.563,4.563,900,4106.7,0.0,0.0,0.0,0.0,,13.6,0.0,0.0
2020-08-25,4.563,4.563,4.563,4.563,0,0.0,0.0,0.0,0.0,0.0,,13.6,0.0,0.0
2020-08-26,4.563,4.563,4.563,4.563,0,0.0,0.0,0.0,0.0,0.0,,13.6,0.0,0.0
2020-08-27,5.205,5.205,5.205,5.205,121,629.8050000000001,0.0,0.0,0.0,0.0,,13.6,0.0,0.0
2020-08-28,5.205,5.205,5.205,5.205,0,0.0,0.0,0.0,0.0,0.0,,13.6,0.0,0.0
2020-08-31,5.918,5.918,5.918,5.918,500,2959.0,0.0,0.0,0.0,0.0,,13.6,0.0,0.0
2020-09-01,5.918,5.918,5.918,5.918,100,591.8000000000001,0.0,0.0,0.0,0.0,,13.6,0.0,0.0
2020-09-03,5.918,5.918,5.918,5.918,0,0.0,0.0,0.0,0.0,0.0,,13.6,0.0,0.0
2020-09-04,5.918,5.918,5.918,5.918,0,0.0,0.0,0.0,0.0,0.0,,13.6,0.0,0.0
2020-09-07,5.918,5.918,5.918,5.918,0,0.0,0.0,0.0,0.0,0.0,,13.6,0.0,0.0
2020-09-08,5.918,5.918,5.918,5.918,0,0.0,0.0,0.0,0.0,0.0,,13.6,0.0,0.0
2020-09-09,5.918,5.918,5.918,5.918,0,0.0,0.0,0.0,0.0,0.0,,13.6,0.0,0.0
2020-09-10,5.918,5.918,5.918,5.918,0,0.0,0.0,0.0,0.0,0.0,,13.6,0.0,0.0
2020-09-11,6.774,6.774,6.774,6.774,100,677.4,0.0,0.0,0.0,0.0,,13.6,0.0,0.0
2020-09-14,7.701,7.772,7.701,7.772,300,2331.6,0.0,0.0,0.0,0.0,,13.6,0.0,0.0
2020-09-15,7.772,7.772,7.772,7.772,1,7.772,0.0,0.0,0.0,0.0,,13.6,0.0,0.0
2020-09-16,7.772,7.772,7.772,7.772,0,0.0,0.0,0.0,0.0,0.0,,13.6,0.0,0.0
2020-09-17,7.772,7.772,7.772,7.772,0,0.0,0.0,0.0,0.0,0.0,,13.6,0.0,0.0
2020-09-18,8.913,8.913,8.913,8.913,120,1069.56,0.0,0.0,0.0,0.0,,13.6,0.0,0.0
2020-09-21,10.196,10.196,10.196,10.196,100,1019.6,0.0,0.0,0.0,0.0,,13.6,0.0,0.0
2020-09-22,10.196,10.196,10.196,10.196,0,0.0,0.0,0.0,0.0,0.0,,13.6,0.0,0.0
2020-09-23,10.196,10.196,10.196,10.196,0,0.0,0.0,0.0,0.0,0.0,,13.6,0.0,0.0
2020-09-24,10.196,10.196,10.196,10.196,0,0.0,0.0,0.0,0.0,0.0,,13.6,0.0,0.0
2020-09-25,10.196,10.196,10.196,10.196,0,0.0,0.0,0.0,0.0,0.0,,13.6,0.0,0.0
2020-09-28,10.196,10.196,10.196,10.196,0,0.0,0.0,0.0,0.0,0.0,,13.6,0.0,0.0
2020-09-29,10.196,10.196,10.196,10.196,0,0.0,0.0,0.0,0.0,0.0,,13.6,0.0,0.0
2020-09-30,10.196,10.196,10.196,10.196,0,0.0,0.0,0.0,0.0,0.0,,13.6,0.0,0.0
2020-10-01,10.196,10.196,10.196,10.196,0,0.0,0.0,0.0,0.0,0.0,,13.6,0.0,0.0
2020-10-02,8.699,8.699,8.699,8.699,600,5219.4,0.0,0.0,0.0,0.0,,13.6,0.0,0.0
2020-10-05,8.699,8.699,8.699,8.699,0,0.0,0.0,0.0,0.0,0.0,,13.6,0.0,0.0
2020-10-06,9.269,9.982,9.269,9.982,8000,79856.0,0.0,0.0,0.0,0.0,,13.6,0.0,0.0
2020-10-07,9.768,9.768,9.768,9.768,0,0.0,0.0,0.0,0.0,0.0,,13.6,0.0,0.0
2020-10-08,9.768,9.768,9.768,9.768,0,0.0,0.0,0.0,0.0,0.0,,13.6,0.0,0.0
2020-10-09,9.768,9.768,9.768,9.768,0,0.0,0.0,0.0,0.0,0.0,,13.6,0.0,0.0
2020-10-12,9.768,9.768,9.768,9.768,0,0.0,0.0,0.0,0.0,0.0,,13.6,0.0,0.0
2020-10-13,9.768,9.768,9.768,9.768,0,0.0,0.0,0.0,0.0,0.0,,13.6,0.0,0.0
2020-10-14,9.768,9.768,9.768,9.768,0,0.0,0.0,0.0,0.0,0.0,,13.6,0.0,0.0
2020-10-15,9.768,9.768,9.768,9.768,0,0.0,0.0,0.0,0.0,0.0,,13.6,0.0,0.0
2020-10-16,9.768,9.768,9.768,9.768,0,0.0,0.0,0.0,0.0,0.0,,13.6,0.0,0.0
2020-10-19,9.768,9.768,9.768,9.768,0,0.0,0.0,0.0,0.0,0.0,,13.6,0.0,0.0
2020-10-20,9.768,9.768,9.768,9.768,0,0.0,0.0,0.0,0.0,0.0,,13.6,0.0,0.0
2020-10-21,9.768,9.768,9.768,9.768,0,0.0,0.0,0.0,0.0,0.0,,13.6,0.0,0.0
2020-10-22,9.768,9.768,9.768,9.768,0,0.0,0.0,0.0,0.0,0.0,,13.6,0.0,0.0
2020-10-23,9.768,9.768,9.768,9.768,0,0.0,0.0,0.0,0.0,0.0,,13.6,0.0,0.0
2020-10-26,9.768,9.768,9.768,9.768,0,0.0,0.0,0.0,0.0,0.0,,13.6,0.0,0.0
2020-10-27,9.768,9.768,9.768,9.768,0,0.0,0.0,0.0,0.0,0.0,,13.6,0.0,0.0
2020-10-28,9.768,9.768,9.768,9.768,0,0.0,0.0,0.0,0.0,0.0,,13.6,0.0,0.0
2020-10-29,9.768,9.768,9.768,9.768,0,0.0,0.0,0.0,0.0,0.0,,13.6,0.0,0.0
2020-10-30,9.768,9.768,9.768,9.768,0,0.0,0.0,0.0,0.0,0.0,,13.6,0.0,0.0
2020-11-02,9.768,9.768,9.768,9.768,0,0.0,0.0,0.0,0.0,0.0,,13.6,0.0,0.0
2020-11-03,9.768,9.768,9.768,9.768,0,0.0,0.0,0.0,0.0,0.0,,13.6,0.0,0.0
2020-11-04,9.768,9.768,9.768,9.768,0,0.0,0.0,0.0,0.0,0.0,,13.6,0.0,0.0
2020-11-05,9.768,9.768,9.768,9.768,0,0.0,0.0,0.0,0.0,0.0,,13.6,0.0,0.0
2020-11-06,9.768,9.768,9.768,9.768,0,0.0,0.0,0.0,0.0,0.0,,13.6,0.0,0.0
2020-11-09,9.768,9.768,9.768,9.768,0,0.0,0.0,0.0,0.0,0.0,,13.6,0.0,0.0
2020-11-10,9.768,9.768,9.768,9.768,0,0.0,0.0,0.0,0.0,0.0,,13.6,0.0,0.0
2020-11-11,9.768,9.768,9.768,9.768,0,0.0,0.0,0.0,0.0,0.0,,13.6,0.0,0.0
2020-11-12,9.768,9.768,9.768,9.768,0,0.0,0.0,0.0,0.0,0.0,,13.6,0.0,0.0
2020-11-13,9.768,9.768,9.768,9.768,0,0.0,0.0,0.0,0.0,0.0,,13.6,0.0,0.0
2020-11-16,9.768,9.768,9.768,9.768,0,0.0,0.0,0.0,0.0,0.0,,13.6,0.0,0.0
2020-11-17,9.768,9.768,9.768,9.768,0,0.0,0.0,0.0,0.0,0.0,,13.6,0.0,0.0
2020-11-18,9.768,9.768,9.768,9.768,0,0.0,0.0,0.0,0.0,0.0,,13.6,0.0,0.0
2020-11-19,9.768,9.768,9.768,9.768,0,0.0,0.0,0.0,0.0,0.0,,13.6,0.0,0.0
2020-11-20,9.768,9.768,9.768,9.768,0,0.0,0.0,0.0,0.0,0.0,,13.6,0.0,0.0
2020-11-23,10.339,10.339,10.339,10.339,100,1033.9,100.0,0.0,0.0,0.0,,13.6,0.0,0.0
2020-11-24,11.836,11.836,11.836,11.836,100,1183.6,100.0,0.0,0.0,0.0,,13.6,0.0,0.0
2020-11-25,11.836,11.836,11.836,11.836,0,0.0,0.0,0.0,0.0,0.0,,13.6,0.0,0.0
2020-11-26,11.836,11.836,11.836,11.836,0,0.0,0.0,0.0,0.0,0.0,,13.6,0.0,0.0
2020-11-27,11.836,11.836,11.836,11.836,5,59.18,0.0,0.0,0.0,0.0,,13.6,0.0,0.0
2020-11-30,11.836,11.836,11.836,11.836,0,0.0,0.0,0.0,0.0,0.0,,13.6,0.0,0.0
2020-12-01,11.836,11.836,11.836,11.836,0,0.0,0.0,0.0,0.0,0.0,,13.6,0.0,0.0
2020-12-02,11.836,11.836,11.836,11.836,0,0.0,0.0,0.0,0.0,0.0,,13.6,0.0,0.0
2020-12-03,11.836,11.836,11.836,11.836,0,0.0,0.0,0.0,0.0,0.0,,13.6,0.0,0.0
2020-12-04,11.836,11.836,11.836,11.836,0,0.0,0.0,0.0,0.0,0.0,,13.6,0.0,0.0
2020-12-07,11.836,11.836,11.836,11.836,0,0.0,0.0,0.0,0.0,0.0,,13.6,0.0,0.0
2020-12-08,11.836,11.836,11.836,11.836,0,0.0,0.0,0.0,0.0,0.0,,13.6,0.0,0.0
2020-12-09,11.836,11.836,11.836,11.836,0,0.0,0.0,0.0,0.0,0.0,,13.6,0.0,0.0
2020-12-10,11.836,11.836,11.836,11.836,0,0.0,0.0,0.0,0.0,0.0,,13.6,0.0,0.0
2020-12-11,11.836,11.836,11.836,11.836,0,0.0,0.0,0.0,0.0,0.0,,13.6,0.0,0.0
2020-12-14,13.548,13.548,13.548,13.548,100,1354.8,100.0,0.0,0.0,0.0,,13.6,0.0,0.0
2020-12-15,13.548,13.548,13.548,13.548,0,0.0,0.0,0.0,0.0,0.0,,13.6,0.0,0.0
2020-12-16,15.544,15.544,15.544,15.544,100,1554.4,100.0,0.0,0.0,0.0,,13.6,0.0,0.0
2020-12-17,15.544,15.544,15.544,15.544,0,0.0,0.0,0.0,0.0,0.0,,13.6,0.0,0.0
2020-12-18,15.544,15.544,15.544,15.544,0,0.0,0.0,0.0,0.0,0.0,,13.6,0.0,0.0
2020-12-21,17.826,17.826,17.826,17.826,100,1782.6,100.0,0.0,0.0,0.0,,13.6,0.0,0.0
2020-12-22,17.826,17.826,17.826,17.826,0,0.0,0.0,0.0,0.0,0.0,,13.6,0.0,0.0
2020-12-23,17.826,17.826,17.826,17.826,0,0.0,0.0,0.0,0.0,0.0,,13.6,0.0,0.0
2020-12-24,17.826,17.826,17.826,17.826,0,0.0,0.0,0.0,0.0,0.0,,13.6,0.0,0.0
2020-12-25,17.826,17.826,17.826,17.826,0,0.0,0.0,0.0,0.0,0.0,,13.6,0.0,0.0
2020-12-28,17.826,17.826,17.826,17.826,0,0.0,0.0,0.0,0.0,0.0,,13.6,0.0,0.0
2020-12-29,17.826,17.826,17.826,17.826,0,0.0,0.0,0.0,0.0,0.0,,13.6,0.0,0.0
2020-12-30,17.826,17.826,17.826,17.826,0,0.0,0.0,0.0,0.0,0.0,,13.6,0.0,0.0
2020-12-31,17.826,17.826,17.826,17.826,0,0.0,0.0,0.0,0.0,0.0,,13.6,0.0,0.0
2021-01-04,17.826,17.826,17.826,17.826,0,0.0,0.0,0.0,0.0,0.0,,13.6,0.0,0.0
2021-01-05,17.826,17.826,17.826,17.826,0,0.0,0.0,0.0,0.0,0.0,,13.6,0.0,0.0
2021-01-06,17.826,17.826,17.826,17.826,0,0.0,0.0,0.0,0.0,0.0,,13.6,0.0,0.0
2021-01-07,20.464,20.464,20.464,20.464,100,2046.4,100.0,0.0,0.0,0.0,,13.6,0.0,0.0
2021-01-08,20.464,20.464,20.464,20.464,0,0.0,0.0,0.0,0.0,0.0,,13.6,0.0,0.0
2021-01-11,20.464,20.464,20.464,20.464,0,0.0,0.0,0.0,0.0,0.0,,13.6,0.0,0.0
2021-01-12,20.464,20.464,20.464,20.464,0,0.0,0.0,0.0,0.0,0.0,,13.6,0.0,0.0
2021-01-13,20.464,20.464,20.464,20.464,0,0.0,0.0,0.0,0.0,0.0,,13.6,0.0,0.0
2021-01-14,20.464,20.464,20.464,20.464,0,0.0,0.0,0.0,0.0,0.0,,13.6,0.0,0.0
2021-01-15,20.464,20.464,20.464,20.464,0,0.0,0.0,0.0,0.0,0.0,,13.6,0.0,0.0
2021-01-18,20.464,20.464,20.464,20.464,0,0.0,0.0,0.0,0.0,0.0,,13.6,0.0,0.0
2021-01-19,20.464,20.464,20.464,20.464,0,0.0,0.0,0.0,0.0,0.0,,13.6,0.0,0.0
2021-01-20,20.464,20.464,20.464,20.464,0,0.0,0.0,0.0,0.0,0.0,,13.6,0.0,0.0
2021-01-21,20.464,20.464,20.464,20.464,0,0.0,0.0,0.0,0.0,0.0,,13.6,0.0,0.0
2021-01-22,20.464,20.464,20.464,20.464,0,0.0,0.0,0.0,0.0,0.0,,13.6,0.0,0.0
2021-01-25,20.464,20.464,20.464,20.464,0,0.0,0.0,0.0,0.0,0.0,,13.6,0.0,0.0
2021-01-26,20.464,20.464,20.464,20.464,0,0.0,0.0,0.0,0.0,0.0,,13.6,0.0,0.0
2021-01-27,20.464,20.464,20.464,20.464,0,0.0,0.0,0.0,0.0,0.0,,13.6,0.0,0.0
2021-01-28,20.464,20.464,20.464,20.464,0,0.0,0.0,0.0,0.0,0.0,,13.6,0.0,0.0
2021-01-29,20.464,20.464,20.464,20.464,0,0.0,0.0,0.0,0.0,0.0,,13.6,0.0,0.0
2021-02-01,20.464,20.464,20.464,20.464,0,0.0,0.0,0.0,0.0,0.0,,13.6,0.0,0.0
2021-02-02,20.464,20.464,20.464,20.464,0,0.0,0.0,0.0,0.0,0.0,,13.6,0.0,0.0
2021-02-03,20.464,20.464,20.464,20.464,0,0.0,0.0,0.0,0.0,0.0,,13.6,0.0,0.0
2021-02-04,20.464,20.464,20.464,20.464,0,0.0,0.0,0.0,0.0,0.0,,13.6,0.0,0.0
2021-02-05,20.464,20.464,20.464,20.464,0,0.0,0.0,0.0,0.0,0.0,,13.6,0.0,0.0
2021-02-08,20.464,20.464,20.464,20.464,0,0.0,0.0,0.0,0.0,0.0,,13.6,0.0,0.0
2021-02-09,20.464,20.464,20.464,20.464,0,0.0,0.0,0.0,0.0,0.0,,13.6,0.0,0.0
2021-02-17,20.464,20.464,20.464,20.464,0,0.0,0.0,0.0,0.0,0.0,,13.6,0.0,0.0
2021-02-18,20.464,20.464,20.464,20.464,0,0.0,0.0,0.0,0.0,0.0,,13.6,0.0,0.0
2021-02-19,20.464,20.464,20.464,20.464,0,0.0,0.0,0.0,0.0,0.0,,13.6,0.0,0.0
2021-02-22,20.464,20.464,20.464,20.464,0,0.0,0.0,0.0,0.0,0.0,,13.6,0.0,0.0
2021-02-23,20.464,20.464,20.464,20.464,0,0.0,0.0,0.0,0.0,0.0,,13.6,0.0,0.0
2021-02-24,20.464,20.464,20.464,20.464,0,0.0,0.0,0.0,0.0,0.0,,13.6,0.0,0.0
2021-02-25,20.464,20.464,20.464,20.464,0,0.0,0.0,0.0,0.0,0.0,,13.6,0.0,0.0
2021-02-26,20.464,20.464,20.464,20.464,0,0.0,0.0,0.0,0.0,0.0,,13.6,0.0,0.0
2021-03-01,20.464,20.464,20.464,20.464,0,0.0,0.0,0.0,0.0,0.0,,13.6,0.0,0.0
2021-03-02,20.464,20.464,20.464,20.464,0,0.0,0.0,0.0,0.0,0.0,,13.6,0.0,0.0
2021-03-03,20.464,20.464,20.464,20.464,0,0.0,0.0,0.0,0.0,0.0,,13.6,0.0,0.0
2021-03-04,20.464,20.464,20.464,20.464,0,0.0,0.0,0.0,0.0,0.0,,13.6,0.0,0.0
2021-03-05,20.464,20.464,20.464,20.464,0,0.0,0.0,0.0,0.0,0.0,,13.6,0.0,0.0
2021-03-08,20.464,20.464,20.464,20.464,100,2046.4,0.0,0.0,0.0,0.0,,13.6,0.0,0.0
2021-03-09,20.464,20.464,20.464,20.464,0,0.0,0.0,0.0,0.0,0.0,,13.6,0.0,0.0
2021-03-10,20.464,20.464,20.464,20.464,0,0.0,0.0,0.0,0.0,0.0,,13.6,0.0,0.0
2021-03-11,20.464,20.464,20.464,20.464,0,0.0,0.0,0.0,0.0,0.0,,13.6,0.0,0.0
2021-03-12,20.464,20.464,20.464,20.464,0,0.0,0.0,0.0,0.0,0.0,,13.6,0.0,0.0
2021-03-15,20.464,20.464,20.464,20.464,0,0.0,0.0,0.0,0.0,0.0,,13.6,0.0,0.0
2021-03-16,20.464,20.464,20.464,20.464,0,0.0,0.0,0.0,0.0,0.0,,13.6,0.0,0.0
2021-03-17,20.464,20.464,20.464,20.464,0,0.0,0.0,0.0,0.0,0.0,,13.6,0.0,0.0
2021-03-18,20.464,20.464,20.464,20.464,0,0.0,0.0,0.0,0.0,0.0,,13.6,0.0,0.0
2021-03-19,20.464,20.464,20.464,20.464,0,0.0,0.0,0.0,0.0,0.0,,13.6,0.0,0.0
2021-03-22,20.464,20.464,20.464,20.464,0,0.0,0.0,0.0,0.0,0.0,,13.6,0.0,0.0
2021-03-23,20.464,20.464,20.464,20.464,0,0.0,0.0,0.0,0.0,0.0,,13.6,0.0,0.0
2021-03-24,20.464,20.464,20.464,20.464,0,0.0,0.0,0.0,0.0,0.0,,13.6,0.0,0.0
2021-03-25,20.464,20.464,20.464,20.464,0,0.0,0.0,0.0,0.0,0.0,,13.6,0.0,0.0
2021-03-26,20.464,20.464,20.464,20.464,0,0.0,0.0,0.0,0.0,0.0,,13.6,0.0,0.0
2021-03-29,20.464,20.464,20.464,20.464,0,0.0,0.0,0.0,0.0,0.0,,13.6,0.0,0.0
2021-03-30,20.464,20.464,20.464,20.464,0,0.0,0.0,0.0,0.0,0.0,,13.6,0.0,0.0
2021-03-31,20.464,20.464,20.464,20.464,0,0.0,0.0,0.0,0.0,0.0,,13.6,0.0,0.0
2021-04-01,20.464,20.464,20.464,20.464,0,0.0,0.0,0.0,0.0,0.0,,13.6,0.0,0.0
2021-04-02,20.464,20.464,20.464,20.464,0,0.0,0.0,0.0,0.0,0.0,,13.6,0.0,0.0
2021-04-05,20.464,20.464,20.464,20.464,0,0.0,0.0,0.0,0.0,0.0,,13.6,0.0,0.0
2021-04-06,20.464,20.464,20.464,20.464,0,0.0,0.0,0.0,0.0,0.0,,13.6,0.0,0.0
2021-04-07,20.464,20.464,20.464,20.464,0,0.0,0.0,0.0,0.0,0.0,,13.6,0.0,0.0
2021-04-08,20.464,20.464,20.464,20.464,0,0.0,0.0,0.0,0.0,0.0,,13.6,0.0,0.0
2021-04-09,20.464,20.464,20.464,20.464,0,0.0,0.0,0.0,0.0,0.0,,13.6,0.0,0.0
2021-04-12,20.464,20.464,20.464,20.464,0,0.0,0.0,0.0,0.0,0.0,,13.6,0.0,0.0
2021-04-13,20.464,20.464,20.464,20.464,0,0.0,0.0,0.0,0.0,0.0,,13.6,0.0,0.0
2021-04-14,20.464,20.464,20.464,20.464,0,0.0,0.0,0.0,0.0,0.0,,13.6,0.0,0.0
2021-04-15,20.464,20.464,20.464,20.464,0,0.0,0.0,0.0,0.0,0.0,,13.6,0.0,0.0
2021-04-16,20.464,20.464,20.464,20.464,0,0.0,0.0,0.0,0.0,0.0,,13.6,0.0,0.0
2021-04-19,20.464,20.464,20.464,20.464,0,0.0,0.0,0.0,0.0,0.0,,13.6,0.0,0.0
2021-04-20,20.464,20.464,20.464,20.464,0,0.0,0.0,0.0,0.0,0.0,,13.6,0.0,0.0
2021-04-22,20.464,20.464,20.464,20.464,0,0.0,0.0,0.0,0.0,0.0,,13.6,0.0,0.0
2021-04-23,20.464,20.464,20.464,20.464,0,0.0,0.0,0.0,0.0,0.0,,13.6,0.0,0.0
2021-04-26,20.464,20.464,20.464,20.464,0,0.0,0.0,0.0,0.0,0.0,,13.6,0.0,0.0
2021-04-27,20.464,20.464,20.464,20.464,0,0.0,0.0,0.0,0.0,0.0,,13.6,0.0,0.0
2021-04-28,20.464,20.464,20.464,20.464,0,0.0,0.0,0.0,0.0,0.0,,13.6,0.0,0.0
2021-04-29,20.464,20.464,20.464,20.464,0,0.0,0.0,0.0,0.0,0.0,,13.6,0.0,0.0
2021-05-04,20.464,20.464,20.464,20.464,0,0.0,0.0,0.0,0.0,0.0,,13.6,0.0,0.0
2021-05-05,20.464,20.464,20.464,20.464,0,0.0,0.0,0.0,0.0,0.0,,13.6,0.0,0.0
2021-05-06,20.464,20.464,20.464,20.464,0,0.0,0.0,0.0,0.0,0.0,,13.6,0.0,0.0
2021-05-07,20.464,20.464,20.464,20.464,0,0.0,0.0,0.0,0.0,0.0,,13.6,0.0,0.0
2021-05-10,20.464,20.464,20.464,20.464,0,0.0,0.0,0.0,0.0,0.0,,13.6,0.0,0.0
2021-05-11,20.464,20.464,20.464,20.464,0,0.0,0.0,0.0,0.0,0.0,,13.6,0.0,0.0
2021-05-12,20.464,20.464,20.464,20.464,0,0.0,0.0,0.0,0.0,0.0,,13.6,0.0,0.0
2021-05-13,20.464,20.464,20.464,20.464,0,0.0,0.0,0.0,0.0,0.0,,13.6,0.0,0.0
2021-05-14,20.464,20.464,20.464,20.464,0,0.0,0.0,0.0,0.0,0.0,,13.6,0.0,0.0
2021-05-17,20.464,20.464,20.464,20.464,0,0.0,0.0,0.0,0.0,0.0,,13.6,0.0,0.0
2021-05-18,20.464,20.464,20.464,20.464,0,0.0,0.0,0.0,0.0,0.0,,13.6,0.0,0.0
2021-05-19,20.464,20.464,20.464,20.464,0,0.0,0.0,0.0,0.0,0.0,,13.6,0.0,0.0
2021-05-20,20.464,20.464,20.464,20.464,0,0.0,0.0,0.0,0.0,0.0,,13.6,0.0,0.0
2021-05-21,20.464,20.464,20.464,20.464,0,0.0,0.0,0.0,0.0,0.0,,13.6,0.0,0.0
2021-05-24,20.464,20.464,20.464,20.464,0,0.0,0.0,0.0,0.0,0.0,,13.6,0.0,0.0
2021-05-25,20.464,20.464,20.464,20.464,0,0.0,0.0,0.0,0.0,0.0,,13.6,0.0,0.0
2021-05-26,20.464,20.464,20.464,20.464,0,0.0,0.0,0.0,0.0,0.0,,13.6,0.0,0.0
2021-05-27,20.464,20.464,20.464,20.464,0,0.0,0.0,0.0,0.0,0.0,,13.6,0.0,0.0
2021-05-28,20.464,20.464,20.464,20.464,0,0.0,0.0,0.0,0.0,0.0,,13.6,0.0,0.0
2021-05-31,20.464,20.464,20.464,20.464,0,0.0,0.0,0.0,0.0,0.0,,13.6,0.0,0.0
2021-06-01,20.464,20.464,20.464,20.464,0,0.0,0.0,0.0,0.0,0.0,,13.6,0.0,0.0
2021-06-02,20.464,20.464,20.464,20.464,0,0.0,0.0,0.0,0.0,0.0,,13.6,0.0,0.0
2021-06-03,20.464,20.464,20.464,20.464,0,0.0,0.0,0.0,0.0,0.0,,13.6,0.0,0.0
2021-06-04,20.464,20.464,20.464,20.464,0,0.0,0.0,0.0,0.0,0.0,,13.6,0.0,0.0
2021-06-07,20.464,20.464,20.464,20.464,0,0.0,0.0,0.0,0.0,0.0,,13.6,0.0,0.0
2021-06-08,20.464,20.464,20.464,20.464,0,0.0,0.0,0.0,0.0,0.0,,13.6,0.0,0.0
2021-06-09,20.464,20.464,20.464,20.464,0,0.0,0.0,0.0,0.0,0.0,,13.6,0.0,0.0
2021-06-10,20.464,20.464,20.464,20.464,0,0.0,0.0,0.0,0.0,0.0,,13.6,0.0,0.0
2021-06-11,20.464,20.464,20.464,20.464,0,0.0,0.0,0.0,0.0,0.0,,13.6,0.0,0.0
2021-06-14,20.464,20.464,20.464,20.464,0,0.0,0.0,0.0,0.0,0.0,,13.6,0.0,0.0
2021-06-15,20.464,20.464,20.464,20.464,0,0.0,0.0,0.0,0.0,0.0,,13.6,0.0,0.0
2021-06-16,20.464,20.464,20.464,20.464,0,0.0,0.0,0.0,0.0,0.0,,13.6,0.0,0.0
2021-06-17,20.464,20.464,20.464,20.464,0,0.0,0.0,0.0,0.0,0.0,,13.6,0.0,0.0
2021-06-18,20.464,20.464,20.464,20.464,0,0.0,0.0,0.0,0.0,0.0,,13.6,0.0,0.0
2021-06-21,20.464,20.464,20.464,20.464,0,0.0,0.0,0.0,0.0,0.0,,13.6,0.0,0.0
2021-06-22,20.464,20.464,20.464,20.464,0,0.0,0.0,0.0,0.0,0.0,,13.6,0.0,0.0
2021-06-23,20.464,20.464,20.464,20.464,0,0.0,0.0,0.0,0.0,0.0,,13.6,0.0,0.0
2021-06-24,20.464,20.464,20.464,20.464,0,0.0,0.0,0.0,0.0,0.0,,13.6,0.0,0.0
2021-06-25,20.464,20.464,20.464,20.464,0,0.0,0.0,0.0,0.0,0.0,,13.6,0.0,0.0
2021-06-28,20.464,20.464,20.464,20.464,0,0.0,0.0,0.0,0.0,0.0,,13.6,0.0,0.0
2021-06-29,20.464,20.464,20.464,20.464,0,0.0,0.0,0.0,0.0,0.0,,13.6,0.0,0.0
2021-06-30,20.464,20.464,20.464,20.464,0,0.0,0.0,0.0,0.0,0.0,,13.6,0.0,0.0
2021-07-01,20.464,20.464,20.464,20.464,0,0.0,0.0,0.0,0.0,0.0,,13.6,0.0,0.0
2021-07-02,20.464,20.464,20.464,20.464,0,0.0,0.0,0.0,0.0,0.0,,13.6,0.0,0.0
2021-07-05,20.464,20.464,20.464,20.464,0,0.0,0.0,0.0,0.0,0.0,,13.6,0.0,0.0
2021-07-06,20.464,20.464,20.464,20.464,0,0.0,0.0,0.0,0.0,0.0,,13.6,0.0,0.0
2021-07-07,20.463,20.463,20.463,20.463,0,0.0,0.0,0.0,0.0,0.0,,13.6,0.0,0.0
2021-07-08,20.463,20.463,20.463,20.463,0,0.0,0.0,0.0,0.0,0.0,,13.6,0.0,0.0
2021-07-09,23.492,23.492,23.492,23.492,100,2349.2000000000003,100.0,0.0,0.0,0.0,,13.6,0.0,0.0
2021-07-12,23.492,23.492,23.492,23.492,0,0.0,0.0,0.0,0.0,0.0,,13.6,0.0,0.0
2021-07-13,23.492,23.492,23.492,23.492,0,0.0,0.0,0.0,0.0,0.0,,13.6,0.0,0.0
2021-07-14,23.492,23.492,23.492,23.492,0,0.0,0.0,0.0,0.0,0.0,,13.6,0.0,0.0
2021-07-15,23.492,23.492,23.492,23.492,0,0.0,0.0,0.0,0.0,0.0,,13.6,0.0,0.0
2021-07-16,23.492,23.492,23.492,23.492,0,0.0,0.0,0.0,0.0,0.0,,13.6,0.0,0.0
2021-07-19,23.492,23.492,23.492,23.492,0,0.0,0.0,0.0,0.0,0.0,,13.6,0.0,0.0
2021-07-20,23.492,23.492,23.492,23.492,0,0.0,0.0,0.0,0.0,0.0,,13.6,0.0,0.0
2021-07-21,23.492,23.492,23.492,23.492,0,0.0,0.0,0.0,0.0,0.0,,13.6,0.0,0.0
2021-07-22,23.492,23.492,23.492,23.492,0,0.0,0.0,0.0,0.0,0.0,,13.6,0.0,0.0
2021-07-23,23.492,23.492,23.492,23.492,0,0.0,0.0,0.0,0.0,0.0,,13.6,0.0,0.0
2021-07-26,23.492,23.492,23.492,23.492,0,0.0,0.0,0.0,0.0,0.0,,13.6,0.0,0.0
2021-07-27,23.492,23.492,23.492,23.492,0,0.0,0.0,0.0,0.0,0.0,,13.6,0.0,0.0
2021-07-28,23.492,23.492,23.492,23.492,0,0.0,0.0,0.0,0.0,0.0,,13.6,0.0,0.0
2021-07-29,23.492,23.492,23.492,23.492,0,0.0,0.0,0.0,0.0,0.0,,13.6,0.0,0.0
2021-07-30,23.492,23.492,23.492,23.492,0,0.0,0.0,0.0,0.0,0.0,,13.6,0.0,0.0
2021-08-02,23.492,23.492,23.492,23.492,0,0.0,0.0,0.0,0.0,0.0,,13.6,0.0,0.0
2021-08-03,23.492,23.492,23.492,23.492,0,0.0,0.0,0.0,0.0,0.0,,13.6,0.0,0.0
2021-08-04,23.492,23.492,23.492,23.492,0,0.0,0.0,0.0,0.0,0.0,,13.6,0.0,0.0
2021-08-05,23.492,23.492,23.492,23.492,0,0.0,0.0,0.0,0.0,0.0,,13.6,0.0,0.0
2021-08-06,23.492,23.492,23.492,23.492,0,0.0,0.0,0.0,0.0,0.0,,13.6,0.0,0.0
2021-08-09,23.492,23.492,23.492,23.492,0,0.0,0.0,0.0,0.0,0.0,,13.6,0.0,0.0
2021-08-10,23.492,23.492,23.492,23.492,0,0.0,0.0,0.0,0.0,0.0,,13.6,0.0,0.0
2021-08-11,23.492,23.492,23.492,23.492,0,0.0,0.0,0.0,0.0,0.0,,13.6,0.0,0.0
2021-08-12,23.492,23.492,23.492,23.492,0,0.0,0.0,0.0,0.0,0.0,,13.6,0.0,0.0
2021-08-13,23.492,23.492,23.492,23.492,0,0.0,0.0,0.0,0.0,0.0,,13.6,0.0,0.0
2021-08-16,23.492,23.492,23.492,23.492,0,0.0,0.0,0.0,0.0,0.0,,13.6,0.0,0.0
2021-08-17,23.492,23.492,23.492,23.492,0,0.0,0.0,0.0,0.0,0.0,,13.6,0.0,0.0
2021-08-18,23.492,23.492,23.492,23.492,0,0.0,0.0,0.0,0.0,0.0,,13.6,0.0,0.0
2021-08-19,23.492,23.492,23.492,23.492,0,0.0,0.0,0.0,0.0,0.0,,13.6,0.0,0.0
2021-08-20,23.492,23.492,23.492,23.492,0,0.0,0.0,0.0,0.0,0.0,,13.6,0.0,0.0
2021-08-23,23.492,23.492,23.492,23.492,0,0.0,0.0,0.0,0.0,0.0,,13.6,0.0,0.0
2021-08-24,23.492,23.492,23.492,23.492,0,0.0,0.0,0.0,0.0,0.0,,13.6,0.0,0.0
2021-08-25,23.492,23.492,23.492,23.492,0,0.0,0.0,0.0,0.0,0.0,,13.6,0.0,0.0
2021-08-26,23.492,23.492,23.492,23.492,0,0.0,0.0,0.0,0.0,0.0,,13.6,0.0,0.0
2021-08-27,23.492,23.492,23.492,23.492,0,0.0,0.0,0.0,0.0,0.0,,13.6,0.0,0.0
2021-08-30,23.492,23.492,23.492,23.492,0,0.0,0.0,0.0,0.0,0.0,,13.6,0.0,0.0
2021-08-31,23.492,23.492,23.492,23.492,0,0.0,0.0,0.0,0.0,0.0,,13.6,0.0,0.0
2021-09-01,23.492,23.492,23.492,23.492,0,0.0,0.0,0.0,0.0,0.0,,13.6,0.0,0.0
2021-09-06,23.492,23.492,23.492,23.492,0,0.0,0.0,0.0,0.0,0.0,,13.6,0.0,0.0
2021-09-07,23.492,23.492,23.492,23.492,0,0.0,0.0,0.0,0.0,0.0,,13.6,0.0,0.0
2021-09-08,23.492,23.492,23.492,23.492,0,0.0,0.0,0.0,0.0,0.0,,13.6,0.0,0.0
2021-09-09,23.492,23.492,23.492,23.492,0,0.0,0.0,0.0,0.0,0.0,,13.6,0.0,0.0
2021-09-10,23.492,23.492,23.492,23.492,0,0.0,0.0,0.0,0.0,0.0,,13.6,0.0,0.0
2021-09-13,23.492,23.492,23.492,23.492,0,0.0,0.0,0.0,0.0,0.0,,13.6,0.0,0.0
2021-09-14,23.492,23.492,23.492,23.492,0,0.0,0.0,0.0,0.0,0.0,,13.6,0.0,0.0
2021-09-15,23.492,23.492,23.492,23.492,0,0.0,0.0,0.0,0.0,0.0,,13.6,0.0,0.0
2021-09-16,23.492,23.492,23.492,23.492,0,0.0,0.0,0.0,0.0,0.0,,13.6,0.0,0.0
2021-09-17,23.492,23.492,23.492,23.492,0,0.0,0.0,0.0,0.0,0.0,,13.6,0.0,0.0
2021-09-20,23.492,23.492,23.492,23.492,0,0.0,0.0,0.0,0.0,0.0,,13.6,0.0,0.0
2021-09-21,23.492,23.492,23.492,23.492,0,0.0,0.0,0.0,0.0,0.0,,13.6,0.0,0.0
2021-09-22,23.492,23.492,23.492,23.492,0,0.0,0.0,0.0,0.0,0.0,,13.6,0.0,0.0
2021-09-23,23.492,23.492,23.492,23.492,0,0.0,0.0,0.0,0.0,0.0,,13.6,0.0,0.0
2021-09-24,23.492,23.492,23.492,23.492,0,0.0,0.0,0.0,0.0,0.0,,13.6,0.0,0.0
2021-09-27,23.492,23.492,23.492,23.492,0,0.0,0.0,0.0,0.0,0.0,,13.6,0.0,0.0
2021-09-28,23.492,23.492,23.492,23.492,0,0.0,0.0,0.0,0.0,0.0,,13.6,0.0,0.0
2021-09-29,23.492,23.492,23.492,23.492,0,0.0,0.0,0.0,0.0,0.0,,13.6,0.0,0.0
2021-09-30,23.492,23.492,23.492,23.492,700,16444.4,0.0,0.0,0.0,0.0,,13.6,0.0,0.0
2021-10-01,23.492,23.492,23.492,23.492,0,0.0,0.0,0.0,0.0,0.0,,13.6,0.0,0.0
2021-10-04,23.492,23.492,23.492,23.492,0,0.0,0.0,0.0,0.0,0.0,,13.6,0.0,0.0
2021-10-05,23.492,23.492,23.492,23.492,0,0.0,0.0,0.0,0.0,0.0,,13.6,0.0,0.0
2021-10-06,23.492,23.492,23.492,23.492,0,0.0,0.0,0.0,0.0,0.0,,13.6,0.0,0.0
2021-10-07,23.492,23.492,23.492,23.492,0,0.0,0.0,0.0,0.0,0.0,,13.6,0.0,0.0
2021-10-08,23.492,23.492,23.492,23.492,0,0.0,0.0,0.0,0.0,0.0,,13.6,0.0,0.0
2021-10-11,23.492,23.492,23.492,23.492,0,0.0,0.0,0.0,0.0,0.0,,13.6,0.0,0.0
2021-10-12,23.492,23.492,23.492,23.492,0,0.0,0.0,0.0,0.0,0.0,,13.6,0.0,0.0
2021-10-13,23.492,23.492,23.492,23.492,0,0.0,0.0,0.0,0.0,0.0,,13.6,0.0,0.0
2021-10-14,23.492,23.492,23.492,23.492,0,0.0,0.0,0.0,0.0,0.0,,13.6,0.0,0.0
2021-10-15,23.492,23.492,23.492,23.492,0,0.0,0.0,0.0,0.0,0.0,,13.6,0.0,0.0
2021-10-18,23.492,23.492,23.492,23.492,0,0.0,0.0,0.0,0.0,0.0,,13.6,0.0,0.0
2021-10-19,23.492,23.492,23.492,23.492,0,0.0,0.0,0.0,0.0,0.0,,13.6,0.0,0.0
2021-10-20,23.492,23.492,23.492,23.492,0,0.0,0.0,0.0,0.0,0.0,,13.6,0.0,0.0
2021-10-21,23.492,23.492,23.492,23.492,0,0.0,0.0,0.0,0.0,0.0,,13.6,0.0,0.0
2021-10-22,23.492,23.492,23.492,23.492,0,0.0,0.0,0.0,0.0,0.0,,13.6,0.0,0.0
2021-10-25,23.492,23.492,23.492,23.492,0,0.0,0.0,0.0,0.0,0.0,,13.6,0.0,0.0
2021-10-26,23.492,23.492,23.492,23.492,0,0.0,0.0,0.0,0.0,0.0,,13.6,0.0,0.0
2021-10-27,23.492,23.492,23.492,23.492,0,0.0,0.0,0.0,0.0,0.0,,13.6,0.0,0.0
2021-10-28,23.492,23.492,23.492,23.492,0,0.0,0.0,0.0,0.0,0.0,,13.6,0.0,0.0
2021-10-29,23.492,23.492,23.492,23.492,0,0.0,0.0,0.0,0.0,0.0,,13.6,0.0,0.0
2021-11-01,23.492,23.492,23.492,23.492,0,0.0,0.0,0.0,0.0,0.0,,13.6,0.0,0.0
2021-11-02,23.492,23.492,23.492,23.492,0,0.0,0.0,0.0,0.0,0.0,,13.6,0.0,0.0
2021-11-03,23.492,23.492,23.492,23.492,0,0.0,0.0,0.0,0.0,0.0,,13.6,0.0,0.0
2021-11-04,23.492,23.492,23.492,23.492,0,0.0,0.0,0.0,0.0,0.0,,13.6,0.0,0.0
2021-11-05,23.492,23.492,23.492,23.492,0,0.0,0.0,0.0,0.0,0.0,,13.6,0.0,0.0
2021-11-08,23.492,23.492,23.492,23.492,0,0.0,0.0,0.0,0.0,0.0,,13.6,0.0,0.0
2021-11-09,23.492,23.492,23.492,23.492,0,0.0,0.0,0.0,0.0,0.0,,13.6,0.0,0.0
2021-11-10,14.11,14.775,14.11,14.775,1800,26595.0,0.0,0.0,0.0,0.0,,13.6,0.0,0.0
2021-11-11,12.411,12.411,12.411,12.411,100,1241.1,0.0,0.0,0.0,0.0,,13.6,0.0,0.0
2021-11-12,10.786,12.559,10.786,12.559,300,3767.7,0.0,0.0,0.0,0.0,,13.6,0.0,0.0
2021-11-15,12.041,12.041,12.041,12.041,300,3612.3,0.0,0.0,0.0,0.0,,13.6,0.0,0.0
2021-11-16,12.041,12.041,12.041,12.041,0,0.0,0.0,0.0,0.0,0.0,,13.6,0.0,0.0
2021-11-17,10.416,12.115,10.416,12.115,200,2423.0,0.0,0.0,0.0,0.0,,13.6,0.0,0.0
2021-11-18,11.377,11.377,10.712,10.712,800,8569.6,0.0,0.0,0.0,0.0,,13.6,0.0,0.0
2021-11-19,11.081,11.081,11.081,11.081,0,0.0,0.0,0.0,0.0,0.0,,13.6,0.0,0.0
2021-11-22,11.081,11.081,11.081,11.081,0,0.0,0.0,0.0,0.0,0.0,,13.6,0.0,0.0
2021-11-23,10.416,10.416,10.416,10.416,100,1041.6,0.0,0.0,0.0,0.0,,13.6,0.0,0.0
2021-11-24,11.968,11.968,11.968,11.968,600,7180.8,0.0,0.0,0.0,0.0,,13.6,0.0,0.0
2021-11-25,13.74,13.74,10.416,10.564,300,3169.2,0.0,0.0,0.0,0.0,,13.6,0.0,0.0
2021-11-26,11.746,11.746,9.973,11.598,1000,11598.0,0.0,0.0,0.0,0.0,,13.6,0.0,0.0
2021-11-29,9.899,11.598,9.899,11.598,400,4639.200000000001,0.0,0.0,0.0,0.0,,13.6,0.0,0.0
2021-11-30,11.155,11.155,11.155,11.155,0,0.0,0.0,0.0,0.0,0.0,,13.6,0.0,0.0
2021-12-01,11.155,11.155,11.155,11.155,0,0.0,0.0,0.0,0.0,0.0,,13.6,0.0,0.0
2021-12-02,11.155,11.155,11.155,11.155,0,0.0,0.0,0.0,0.0,0.0,,13.6,0.0,0.0
2021-12-03,10.416,10.416,10.416,10.416,100,1041.6,0.0,0.0,0.0,0.0,,13.6,0.0,0.0
2021-12-06,10.416,10.416,10.416,10.416,1,10.416,0.0,0.0,0.0,0.0,,13.6,0.0,0.0
2021-12-07,10.416,10.416,10.416,10.416,0,0.0,0.0,0.0,0.0,0.0,,13.6,0.0,0.0
2021-12-08,10.416,10.416,10.416,10.416,0,0.0,0.0,0.0,0.0,0.0,,13.6,0.0,0.0
2021-12-09,10.416,10.416,10.416,10.416,0,0.0,0.0,0.0,0.0,0.0,,13.6,0.0,0.0
2021-12-10,10.416,10.416,10.416,10.416,0,0.0,0.0,0.0,0.0,0.0,,13.6,0.0,0.0
2021-12-13,10.416,10.416,10.416,10.416,0,0.0,0.0,0.0,0.0,0.0,,13.6,0.0,0.0
2021-12-14,11.968,11.968,11.968,11.968,100,1196.8,0.0,0.0,0.0,0.0,,13.6,0.0,0.0
2021-12-15,11.968,11.968,11.968,11.968,0,0.0,0.0,0.0,0.0,0.0,,13.6,0.0,0.0
2021-12-16,10.342,10.342,10.342,10.342,100,1034.2,0.0,0.0,0.0,0.0,,13.6,0.0,0.0
2021-12-17,10.342,10.342,10.342,10.342,0,0.0,0.0,0.0,0.0,0.0,,13.6,0.0,0.0
2021-12-20,10.342,10.342,10.342,10.342,0,0.0,0.0,0.0,0.0,0.0,,13.6,0.0,0.0
2021-12-21,8.791,11.894,8.791,11.45,500,5725.0,0.0,0.0,0.0,0.0,,13.6,0.0,0.0
2021-12-22,11.82,11.82,11.82,11.82,300,3546.0,0.0,0.0,0.0,0.0,,13.6,0.0,0.0
2021-12-23,10.047,12.189,10.047,12.189,200,2437.8,0.0,0.0,0.0,0.0,,13.6,0.0,0.0
2021-12-24,11.155,11.155,11.155,11.155,0,0.0,0.0,0.0,0.0,0.0,,13.6,0.0,0.0
2021-12-27,11.155,11.155,11.155,11.155,0,0.0,0.0,0.0,0.0,0.0,,13.6,0.0,0.0
2021-12-28,11.155,11.155,11.155,11.155,0,0.0,0.0,0.0,0.0,0.0,,13.6,0.0,0.0
2021-12-29,11.155,11.155,11.155,11.155,0,0.0,0.0,0.0,0.0,0.0,,13.6,0.0,0.0
2021-12-30,12.78,12.78,12.559,12.559,200,2511.8,100.0,0.0,0.0,0.0,,13.6,0.0,0.0
2021-12-31,14.553,14.553,12.706,12.706,800,10164.8,100.0,0.0,0.0,0.0,,13.6,0.0,0.0
2022-01-04,15.292,15.292,11.303,11.303,800,9042.4,100.0,0.0,0.0,0.0,,13.6,0.0,0.0
2022-01-05,16.326,16.326,12.189,14.184,300,4255.2,100.0,0.0,0.0,0.0,,13.6,0.0,0.0
2022-01-06,12.559,12.559,12.559,12.559,100,1255.9,0.0,0.0,0.0,0.0,,13.6,0.0,0.0
2022-01-07,14.405,14.405,10.786,11.598,300,3479.4,100.0,0.0,0.0,0.0,,13.6,0.0,0.0
2022-01-10,14.036,14.036,10.49,10.49,200,2098.0,100.0,0.0,0.0,0.0,,13.6,0.0,0.0
2022-01-11,14.036,14.036,10.564,10.564,200,2112.8,100.0,0.0,0.0,0.0,,13.6,0.0,0.0
2022-01-12,14.036,14.036,14.036,14.036,100,1403.6,100.0,0.0,0.0,0.0,,13.6,0.0,0.0
2022-01-13,14.036,14.036,14.036,14.036,0,0.0,0.0,0.0,0.0,0.0,,13.6,0.0,0.0
2022-01-14,14.036,14.036,14.036,14.036,100,1403.6,100.0,0.0,0.0,0.0,,13.6,0.0,0.0
2022-01-17,14.036,14.036,14.036,14.036,0,0.0,0.0,0.0,0.0,0.0,,13.6,0.0,0.0
2022-01-18,16.104,16.104,15.513,15.513,200,3102.6,100.0,0.0,0.0,0.0,,13.6,0.0,0.0
2022-01-19,15.809,15.809,15.809,15.809,0,0.0,0.0,0.0,0.0,0.0,,13.6,0.0,0.0
2022-01-20,13.445,13.445,13.445,13.445,100,1344.5,0.0,0.0,0.0,0.0,,13.6,0.0,0.0
2022-01-21,15.44,15.44,15.44,15.44,100,1544.0,100.0,0.0,0.0,0.0,,13.6,0.0,0.0
2022-01-24,15.44,15.44,15.44,15.44,0,0.0,0.0,0.0,0.0,0.0,,13.6,0.0,0.0
2022-01-25,13.149,13.149,13.149,13.149,600,7889.4,0.0,0.0,0.0,0.0,,13.6,0.0,0.0
2022-01-26,13.149,13.149,13.149,13.149,0,0.0,0.0,0.0,0.0,0.0,,13.6,0.0,0.0
2022-01-27,15.07,15.07,15.07,15.07,100,1507.0,100.0,0.0,0.0,0.0,,13.6,0.0,0.0
2022-01-28,14.775,14.775,14.775,14.775,100,1477.5,0.0,0.0,0.0,0.0,,13.6,0.0,0.0
2022-02-07,16.769,16.769,16.769,16.769,100,1676.9,0.0,0.0,0.0,0.0,,13.6,0.0,0.0
2022-02-08,16.769,16.769,16.769,16.769,0,0.0,0.0,0.0,0.0,0.0,,13.6,0.0,0.0
2022-02-09,14.258,14.258,14.258,14.258,300,4277.4,0.0,0.0,0.0,0.0,,13.6,0.0,0.0
2022-02-10,16.326,16.326,12.706,12.706,200,2541.2,100.0,0.0,0.0,0.0,,13.6,0.0,0.0
2022-02-11,14.553,14.553,14.553,14.553,0,0.0,0.0,0.0,0.0,0.0,,13.6,0.0,0.0
2022-02-14,14.553,14.553,14.553,14.553,0,0.0,0.0,0.0,0.0,0.0,,13.6,0.0,0.0
2022-02-15,14.553,14.553,14.553,14.553,0,0.0,0.0,0.0,0.0,0.0,,13.6,0.0,0.0
2022-02-16,14.553,14.553,14.553,14.553,0,0.0,0.0,0.0,0.0,0.0,,13.6,0.0,0.0
2022-02-17,14.553,14.553,14.553,14.553,0,0.0,0.0,0.0,0.0,0.0,,13.6,0.0,0.0
2022-02-18,14.553,14.553,14.553,14.553,0,0.0,0.0,0.0,0.0,0.0,,13.6,0.0,0.0
2022-02-21,14.553,14.553,14.553,14.553,0,0.0,0.0,0.0,0.0,0.0,,13.6,0.0,0.0
2022-02-22,14.553,14.553,14.553,14.553,0,0.0,0.0,0.0,0.0,0.0,,13.6,0.0,0.0
2022-02-23,14.553,14.553,14.553,14.553,0,0.0,0.0,0.0,0.0,0.0,,13.6,0.0,0.0
2022-02-24,12.411,12.411,12.411,12.411,100,1241.1,0.0,0.0,0.0,0.0,,13.6,0.0,0.0
2022-02-25,12.411,12.411,12.411,12.411,0,0.0,0.0,0.0,0.0,0.0,,13.6,0.0,0.0
2022-02-28,11.968,11.968,10.564,10.564,200,2112.8,0.0,0.0,0.0,0.0,,13.6,0.0,0.0
2022-03-01,9.825,9.825,9.825,9.825,100,982.5,0.0,0.0,0.0,0.0,,13.6,0.0,0.0
2022-03-02,9.899,9.899,9.825,9.825,700,6877.499999999999,0.0,0.0,0.0,0.0,,13.6,0.0,0.0
2022-03-03,9.899,9.899,9.899,9.899,100,989.9,0.0,0.0,0.0,0.0,,13.6,0.0,0.0
2022-03-04,11.081,11.081,11.081,11.081,200,2216.2,0.0,0.0,0.0,0.0,,13.6,0.0,0.0
2022-03-07,11.081,11.081,11.081,11.081,0,0.0,0.0,0.0,0.0,0.0,,13.6,0.0,0.0
2022-03-08,11.081,11.081,11.081,11.081,400,4432.4,0.0,0.0,0.0,0.0,,13.6,0.0,0.0
2022-03-09,11.081,11.081,11.081,11.081,0,0.0,0.0,0.0,0.0,0.0,,13.6,0.0,0.0
2022-03-10,11.229,11.229,11.229,11.229,100,1122.9,0.0,0.0,0.0,0.0,,13.6,0.0,0.0
2022-03-11,11.229,11.229,11.229,11.229,0,0.0,0.0,0.0,0.0,0.0,,13.6,0.0,0.0
2022-03-14,11.229,11.229,11.229,11.229,0,0.0,0.0,0.0,0.0,0.0,,13.6,0.0,0.0
2022-03-15,11.229,11.229,11.229,11.229,0,0.0,0.0,0.0,0.0,0.0,,13.6,0.0,0.0
2022-03-16,11.229,11.229,11.229,11.229,0,0.0,0.0,0.0,0.0,0.0,,13.6,0.0,0.0
2022-03-17,11.229,11.229,11.229,11.229,0,0.0,0.0,0.0,0.0,0.0,,13.6,0.0,0.0
2022-03-18,11.229,11.229,11.229,11.229,0,0.0,0.0,0.0,0.0,0.0,,13.6,0.0,0.0
2022-03-21,11.229,11.229,11.229,11.229,0,0.0,0.0,0.0,0.0,0.0,,13.6,0.0,0.0
2022-03-22,11.229,11.229,11.229,11.229,0,0.0,0.0,0.0,0.0,0.0,,13.6,0.0,0.0
2022-03-23,11.229,11.229,11.229,11.229,0,0.0,0.0,0.0,0.0,0.0,,13.6,0.0,0.0
2022-03-24,11.229,11.229,11.229,11.229,0,0.0,0.0,0.0,0.0,0.0,,13.6,0.0,0.0
2022-03-25,11.229,11.229,11.229,11.229,100,1122.9,0.0,0.0,0.0,0.0,,13.6,0.0,0.0
2022-03-28,11.229,11.229,11.229,11.229,0,0.0,0.0,0.0,0.0,0.0,,13.6,0.0,0.0
2022-03-29,12.854,12.854,12.706,12.706,200,2541.2,100.0,0.0,0.0,0.0,,13.6,0.0,0.0
2022-03-30,12.78,12.78,12.78,12.78,0,0.0,0.0,0.0,0.0,0.0,,13.6,0.0,0.0
2022-03-31,12.78,12.78,12.78,12.78,0,0.0,0.0,0.0,0.0,0.0,,13.6,0.0,0.0
2022-04-01,12.78,12.78,12.78,12.78,0,0.0,0.0,0.0,0.0,0.0,,13.6,0.0,0.0
2022-04-04,12.485,12.485,12.485,12.485,600,7491.0,0.0,0.0,0.0,0.0,,13.6,0.0,0.0
2022-04-05,12.485,12.485,12.485,12.485,0,0.0,0.0,0.0,0.0,0.0,,13.6,0.0,0.0
2022-04-06,12.485,12.485,12.485,12.485,0,0.0,0.0,0.0,0.0,0.0,,13.6,0.0,0.0
2022-04-07,12.485,12.485,12.485,12.485,0,0.0,0.0,0.0,0.0,0.0,,13.6,0.0,0.0
2022-04-08,12.485,12.485,12.485,12.485,0,0.0,0.0,0.0,0.0,0.0,,13.6,0.0,0.0
2022-04-12,12.485,12.485,12.485,12.485,0,0.0,0.0,0.0,0.0,0.0,,13.6,0.0,0.0
2022-04-13,12.485,12.485,12.485,12.485,0,0.0,0.0,0.0,0.0,0.0,,13.6,0.0,0.0
2022-04-14,12.559,12.559,12.559,12.559,500,6279.5,0.0,0.0,0.0,0.0,,13.6,0.0,0.0
2022-04-15,12.559,12.559,12.559,12.559,0,0.0,0.0,0.0,0.0,0.0,,13.6,0.0,0.0
2022-04-18,12.559,12.559,12.559,12.559,1000,12559.0,0.0,0.0,0.0,0.0,,13.6,0.0,0.0
2022-04-19,12.559,12.559,12.559,12.559,400,5023.599999999999,0.0,0.0,0.0,0.0,,13.6,0.0,0.0
2022-04-20,12.559,12.559,12.559,12.559,0,0.0,0.0,0.0,0.0,0.0,,13.6,0.0,0.0
2022-04-21,12.559,12.559,12.559,12.559,0,0.0,0.0,0.0,0.0,0.0,,13.6,0.0,0.0
2022-04-22,12.559,12.559,12.559,12.559,200,2511.8,0.0,0.0,0.0,0.0,,13.6,0.0,0.0
2022-04-25,12.559,12.559,12.559,12.559,100,1255.9,0.0,0.0,0.0,0.0,,13.6,0.0,0.0
2022-04-26,12.559,12.559,12.559,12.559,0,0.0,0.0,0.0,0.0,0.0,,13.6,0.0,0.0
2022-04-27,12.559,12.559,12.559,12.559,0,0.0,0.0,0.0,0.0,0.0,,13.6,0.0,0.0
2022-04-28,12.559,12.559,12.559,12.559,0,0.0,0.0,0.0,0.0,0.0,,13.6,0.0,0.0
2022-04-29,12.559,12.632,12.559,12.632,1200,15158.4,0.0,1200.0,0.0,20000.0,,13.6,0.0,0.02
2022-05-04,12.559,12.559,12.559,12.559,0,0.0,0.0,0.0,0.0,0.0,,13.6,0.0,0.0
2022-05-05,14.405,14.405,12.928,12.928,600,7756.8,100.0,0.0,0.0,0.0,,13.6,0.0,0.0
2022-05-06,13.149,13.149,13.149,13.149,0,0.0,0.0,0.0,0.0,0.0,,13.6,0.0,0.0
2022-05-09,14.775,14.775,14.775,14.775,100,1477.5,100.0,0.0,0.0,0.0,,13.6,0.0,0.0
2022-05-10,14.775,14.775,14.775,14.775,0,0.0,0.0,0.0,0.0,0.0,,13.6,0.0,0.0
2022-05-11,14.775,14.775,14.775,14.775,0,0.0,0.0,0.0,0.0,0.0,,13.6,0.0,0.0
2022-05-12,14.775,14.775,14.775,14.775,0,0.0,0.0,0.0,0.0,0.0,,13.6,0.0,0.0
2022-05-13,14.775,14.775,14.775,14.775,0,0.0,0.0,0.0,0.0,0.0,,13.6,0.0,0.0
2022-05-16,14.775,14.775,14.775,14.775,0,0.0,0.0,0.0,0.0,0.0,,13.6,0.0,0.0
2022-05-17,14.775,14.775,14.775,14.775,0,0.0,0.0,0.0,0.0,0.0,,13.6,0.0,0.0
2022-05-18,14.775,14.775,14.775,14.775,0,0.0,0.0,0.0,0.0,0.0,,13.6,0.0,0.0
2022-05-19,14.775,14.775,14.775,14.775,0,0.0,0.0,0.0,0.0,0.0,,13.6,0.0,0.0
2022-05-20,14.775,14.775,14.775,14.775,0,0.0,0.0,0.0,0.0,0.0,,13.6,0.0,0.0
2022-05-23,14.775,14.775,14.775,14.775,0,0.0,0.0,0.0,0.0,0.0,,13.6,0.0,0.0
2022-05-24,14.775,14.775,14.775,14.775,0,0.0,0.0,0.0,0.0,0.0,,13.6,0.0,0.0
2022-05-25,14.775,14.775,14.775,14.775,0,0.0,0.0,0.0,0.0,0.0,,13.6,0.0,0.0
2022-05-26,14.775,14.775,14.775,14.775,0,0.0,0.0,0.0,0.0,0.0,,13.6,0.0,0.0
2022-05-27,14.775,14.775,14.775,14.775,0,0.0,0.0,0.0,0.0,0.0,,13.6,0.0,0.0
2022-05-30,14.775,14.775,14.775,14.775,0,0.0,0.0,0.0,0.0,0.0,,13.6,0.0,0.0
2022-05-31,14.775,14.775,14.775,14.775,0,0.0,0.0,0.0,0.0,0.0,,13.6,0.0,0.0
2022-06-01,14.775,14.775,14.775,14.775,0,0.0,0.0,0.0,0.0,0.0,,13.6,0.0,0.0
2022-06-02,14.775,14.775,14.775,14.775,0,0.0,0.0,0.0,0.0,0.0,,13.6,0.0,0.0
2022-06-03,14.775,14.775,14.775,14.775,0,0.0,0.0,0.0,0.0,0.0,,13.6,0.0,0.0
2022-06-06,14.775,14.775,14.775,14.775,0,0.0,0.0,0.0,0.0,0.0,,13.6,0.0,0.0
2022-06-07,14.775,14.775,14.775,14.775,0,0.0,0.0,0.0,0.0,0.0,,13.6,0.0,0.0
2022-06-08,14.775,14.775,14.775,14.775,0,0.0,0.0,0.0,0.0,0.0,,13.6,0.0,0.0
2022-06-09,12.597,12.597,12.597,12.597,200,2519.4,0.0,0.0,0.0,0.0,,13.6,0.0,0.0
2022-06-10,12.597,12.597,12.597,12.597,600,7558.2,100.0,200.0,0.0,0.0,,13.6,0.0,0.0
2022-06-13,14.386,14.386,14.386,14.386,100,1438.6,100.0,0.0,0.0,0.0,,13.6,0.0,0.0
2022-06-14,14.386,14.386,14.386,14.386,0,0.0,0.0,0.0,0.0,0.0,,13.6,0.0,0.0
2022-06-15,15.552,15.552,15.552,15.552,100,1555.2,100.0,0.0,0.0,0.0,,13.6,0.0,0.0
2022-06-16,15.552,15.552,15.552,15.552,0,0.0,0.0,0.0,0.0,0.0,,13.6,0.0,0.0
2022-06-17,16.33,16.33,16.33,16.33,100,1632.9999999999998,100.0,0.0,0.0,0.0,,13.6,0.0,0.0
2022-06-20,16.33,16.33,16.33,16.33,0,0.0,0.0,0.0,0.0,0.0,,13.6,0.0,0.0
2022-06-21,16.33,16.33,16.33,16.33,0,0.0,0.0,0.0,0.0,0.0,,13.6,0.0,0.0
2022-06-22,17.108,17.108,17.108,17.108,100,1710.8,100.0,0.0,0.0,0.0,,13.6,0.0,0.0
2022-06-23,17.108,17.108,17.108,17.108,0,0.0,0.0,0.0,0.0,0.0,,13.6,0.0,0.0
2022-06-24,17.108,17.108,17.108,17.108,0,0.0,0.0,0.0,0.0,0.0,,13.6,0.0,0.0
2022-06-27,19.674,19.674,19.674,19.674,100,1967.4,100.0,0.0,0.0,0.0,,13.6,0.0,0.0
2022-06-28,19.674,19.674,19.674,19.674,0,0.0,0.0,0.0,0.0,0.0,,13.6,0.0,0.0
2022-06-29,19.674,19.674,19.674,19.674,0,0.0,0.0,0.0,0.0,0.0,,13.6,0.0,0.0
2022-06-30,19.674,19.674,19.674,19.674,0,0.0,0.0,0.0,0.0,0.0,,13.6,0.0,0.0
2022-07-01,20.218,20.218,20.218,20.218,500,10109.0,0.0,0.0,0.0,0.0,,13.6,0.0,0.0
2022-07-04,20.218,20.218,20.218,20.218,0,0.0,0.0,0.0,0.0,0.0,,13.6,0.0,0.0
2022-07-05,20.218,20.218,20.218,20.218,0,0.0,0.0,0.0,0.0,0.0,,13.6,0.0,0.0
2022-07-06,20.218,20.218,20.218,20.218,0,0.0,0.0,0.0,0.0,0.0,,13.6,0.0,0.0
2022-07-07,20.218,20.218,20.218,20.218,0,0.0,0.0,0.0,0.0,0.0,,13.6,0.0,0.0
2022-07-08,20.218,20.218,20.218,20.218,0,0.0,0.0,0.0,0.0,0.0,,13.6,0.0,0.0
2022-07-11,20.218,20.218,20.218,20.218,0,0.0,0.0,0.0,0.0,0.0,,13.6,0.0,0.0
2022-07-12,20.218,20.218,20.218,20.218,0,0.0,0.0,0.0,0.0,0.0,,13.6,0.0,0.0
2022-07-13,20.218,20.218,20.218,20.218,0,0.0,0.0,0.0,0.0,0.0,,13.6,0.0,0.0
2022-07-14,20.218,20.218,20.218,20.218,0,0.0,0.0,0.0,0.0,0.0,,13.6,0.0,0.0
2022-07-15,20.218,20.218,20.218,20.218,0,0.0,0.0,0.0,0.0,0.0,,13.6,0.0,0.0
2022-07-18,20.218,20.218,20.218,20.218,0,0.0,0.0,0.0,0.0,0.0,,13.6,0.0,0.0
2022-07-19,20.218,20.218,20.218,20.218,0,0.0,0.0,0.0,0.0,0.0,,13.6,0.0,0.0
2022-07-20,20.218,20.218,20.218,20.218,0,0.0,0.0,0.0,0.0,0.0,,13.6,0.0,0.0
2022-07-21,20.218,20.218,20.218,20.218,0,0.0,0.0,0.0,0.0,0.0,,13.6,0.0,0.0
2022-07-22,20.218,20.218,20.218,20.218,0,0.0,0.0,0.0,0.0,0.0,,13.6,0.0,0.0
2022-07-25,20.218,20.218,20.218,20.218,0,0.0,0.0,0.0,0.0,0.0,,13.6,0.0,0.0
2022-07-26,20.218,20.218,20.218,20.218,0,0.0,0.0,0.0,0.0,0.0,,13.6,0.0,0.0
2022-07-27,20.218,20.218,20.218,20.218,0,0.0,0.0,0.0,0.0,0.0,,13.6,0.0,0.0
2022-07-28,20.218,20.218,20.218,20.218,0,0.0,0.0,0.0,0.0,0.0,,13.6,0.0,0.0
2022-07-29,20.218,20.218,20.218,20.218,0,0.0,0.0,0.0,0.0,0.0,,13.6,0.0,0.0
2022-08-01,20.218,20.218,20.218,20.218,0,0.0,0.0,0.0,0.0,0.0,,13.6,0.0,0.0
2022-08-02,20.218,20.218,20.218,20.218,0,0.0,0.0,0.0,0.0,0.0,,13.6,0.0,0.0
2022-08-03,20.218,20.218,20.218,20.218,0,0.0,0.0,0.0,0.0,0.0,,13.6,0.0,0.0
2022-08-04,20.218,20.218,20.218,20.218,0,0.0,0.0,0.0,0.0,0.0,,13.6,0.0,0.0
2022-08-05,23.251,23.251,23.251,23.251,100,2325.1,100.0,0.0,0.0,0.0,,13.6,0.0,0.0
2022-08-08,23.251,23.251,23.251,23.251,0,0.0,0.0,0.0,0.0,0.0,,13.6,0.0,0.0
2022-08-09,23.251,23.251,23.251,23.251,0,0.0,0.0,0.0,0.0,0.0,,13.6,0.0,0.0
2022-08-10,23.251,23.251,23.251,23.251,0,0.0,0.0,0.0,0.0,0.0,,13.6,0.0,0.0
2022-08-11,23.251,23.251,23.251,23.251,0,0.0,0.0,0.0,0.0,0.0,,13.6,0.0,0.0
2022-08-12,23.251,23.251,23.251,23.251,0,0.0,0.0,0.0,0.0,0.0,,13.6,0.0,0.0
2022-08-15,23.251,23.251,23.251,23.251,0,0.0,0.0,0.0,0.0,0.0,,13.6,0.0,0.0
2022-08-16,23.251,23.251,23.251,23.251,0,0.0,0.0,0.0,0.0,0.0,,13.6,0.0,0.0
2022-08-17,23.251,23.251,23.251,23.251,0,0.0,0.0,0.0,0.0,0.0,,13.6,0.0,0.0
2022-08-18,23.251,23.251,23.251,23.251,0,0.0,0.0,0.0,0.0,0.0,,13.6,0.0,0.0
2022-08-19,23.251,23.251,23.251,23.251,0,0.0,0.0,0.0,0.0,0.0,,13.6,0.0,0.0
2022-08-22,23.251,23.251,23.251,23.251,0,0.0,0.0,0.0,0.0,0.0,,13.6,0.0,0.0
2022-08-23,23.251,23.251,23.251,23.251,0,0.0,0.0,0.0,0.0,0.0,,13.6,0.0,0.0
2022-08-24,23.251,23.251,23.251,23.251,0,0.0,0.0,0.0,0.0,0.0,,13.6,0.0,0.0
2022-08-25,23.251,23.251,23.251,23.251,0,0.0,0.0,0.0,0.0,0.0,,13.6,0.0,0.0
2022-08-26,23.251,23.251,23.251,23.251,0,0.0,0.0,0.0,0.0,0.0,,13.6,0.0,0.0
2022-08-29,23.251,23.251,23.251,23.251,0,0.0,0.0,0.0,0.0,0.0,,13.6,0.0,0.0
2022-08-30,23.251,23.251,23.251,23.251,0,0.0,0.0,0.0,0.0,0.0,,13.6,0.0,0.0
2022-08-31,23.251,23.251,23.251,23.251,0,0.0,0.0,0.0,0.0,0.0,,13.6,0.0,0.0
2022-09-05,23.251,23.251,23.251,23.251,0,0.0,0.0,0.0,0.0,0.0,,13.6,0.0,0.0
2022-09-06,23.251,23.251,23.251,23.251,0,0.0,0.0,0.0,0.0,0.0,,13.6,0.0,0.0
2022-09-07,23.251,23.251,23.251,23.251,0,0.0,0.0,0.0,0.0,0.0,,13.6,0.0,0.0
2022-09-08,23.251,23.251,23.251,23.251,0,0.0,0.0,0.0,0.0,0.0,,13.6,0.0,0.0
2022-09-09,23.251,23.251,23.251,23.251,0,0.0,0.0,0.0,0.0,0.0,,13.6,0.0,0.0
2022-09-12,23.251,23.251,23.251,23.251,0,0.0,0.0,0.0,0.0,0.0,,13.6,0.0,0.0
2022-09-13,23.251,23.251,23.251,23.251,0,0.0,0.0,0.0,0.0,0.0,,13.6,0.0,0.0
2022-09-14,23.251,23.251,23.251,23.251,0,0.0,0.0,0.0,0.0,0.0,,13.6,0.0,0.0
2022-09-15,23.251,23.251,23.251,23.251,0,0.0,0.0,0.0,0.0,0.0,,13.6,0.0,0.0
2022-09-16,23.251,23.251,23.251,23.251,0,0.0,0.0,0.0,0.0,0.0,,13.6,0.0,0.0
2022-09-19,23.251,23.251,23.251,23.251,0,0.0,0.0,0.0,0.0,0.0,,13.6,0.0,0.0
2022-09-20,23.251,23.251,23.251,23.251,0,0.0,0.0,0.0,0.0,0.0,,13.6,0.0,0.0
2022-09-21,23.251,23.251,23.251,23.251,0,0.0,0.0,0.0,0.0,0.0,,13.6,0.0,0.0
2022-09-22,23.251,23.251,23.251,23.251,0,0.0,0.0,0.0,0.0,0.0,,13.6,0.0,0.0
2022-09-23,23.251,23.251,23.251,23.251,0,0.0,0.0,0.0,0.0,0.0,,13.6,0.0,0.0
2022-09-26,23.251,23.251,23.251,23.251,0,0.0,0.0,0.0,0.0,0.0,,13.6,0.0,0.0
2022-09-27,23.173,23.173,23.173,23.173,100,2317.3,0.0,0.0,0.0,0.0,,13.6,0.0,0.0
2022-09-28,23.173,23.173,23.173,23.173,0,0.0,0.0,0.0,0.0,0.0,,13.6,0.0,0.0
2022-09-29,23.173,23.173,23.173,23.173,0,0.0,0.0,0.0,0.0,0.0,,13.6,0.0,0.0
2022-09-30,23.173,23.173,23.173,23.173,0,0.0,0.0,0.0,0.0,0.0,,13.6,0.0,0.0
2022-10-03,23.173,23.173,23.173,23.173,0,0.0,0.0,0.0,0.0,0.0,,13.6,0.0,0.0
2022-10-04,23.173,23.173,23.173,23.173,1,23.173,0.0,0.0,0.0,0.0,,13.6,0.0,0.0
2022-10-05,23.173,23.173,23.173,23.173,0,0.0,0.0,0.0,0.0,0.0,,13.6,0.0,0.0
2022-10-06,23.173,23.173,23.173,23.173,0,0.0,0.0,0.0,0.0,0.0,,13.6,0.0,0.0
2022-10-07,23.173,23.173,23.173,23.173,0,0.0,0.0,0.0,0.0,0.0,,13.6,0.0,0.0
2022-10-10,23.173,23.173,23.173,23.173,0,0.0,0.0,0.0,0.0,0.0,,13.6,0.0,0.0
2022-10-11,23.173,23.173,23.173,23.173,0,0.0,0.0,0.0,0.0,0.0,,13.6,0.0,0.0
2022-10-12,23.173,23.173,23.173,23.173,0,0.0,0.0,0.0,0.0,0.0,,13.6,0.0,0.0
2022-10-13,23.173,23.173,23.173,23.173,0,0.0,0.0,0.0,0.0,0.0,,13.6,0.0,0.0
2022-10-14,23.173,23.173,23.173,23.173,0,0.0,0.0,0.0,0.0,0.0,,13.6,0.0,0.0
2022-10-17,23.173,23.173,23.173,23.173,0,0.0,0.0,0.0,0.0,0.0,,13.6,0.0,0.0
2022-10-18,23.173,23.173,23.173,23.173,0,0.0,0.0,0.0,0.0,0.0,,13.6,0.0,0.0
2022-10-19,23.173,23.173,23.173,23.173,0,0.0,0.0,0.0,0.0,0.0,,13.6,0.0,0.0
2022-10-20,23.173,23.173,23.173,23.173,0,0.0,0.0,0.0,0.0,0.0,,13.6,0.0,0.0
2022-10-21,23.173,23.173,23.173,23.173,0,0.0,0.0,0.0,0.0,0.0,,13.6,0.0,0.0
2022-10-24,23.173,23.173,23.173,23.173,0,0.0,0.0,0.0,0.0,0.0,,13.6,0.0,0.0
2022-10-25,23.173,23.173,23.173,23.173,0,0.0,0.0,0.0,0.0,0.0,,13.6,0.0,0.0
2022-10-26,23.173,23.173,23.173,23.173,0,0.0,0.0,0.0,0.0,0.0,,13.6,0.0,0.0
2022-10-27,23.173,23.173,23.173,23.173,0,0.0,0.0,0.0,0.0,0.0,,13.6,0.0,0.0
2022-10-28,23.173,23.173,23.173,23.173,0,0.0,0.0,0.0,0.0,0.0,,13.6,0.0,0.0
2022-10-31,23.173,23.173,23.173,23.173,0,0.0,0.0,0.0,0.0,0.0,,13.6,0.0,0.0
2022-11-01,23.173,23.173,23.173,23.173,0,0.0,0.0,0.0,0.0,0.0,,13.6,0.0,0.0
2022-11-02,23.173,23.173,23.173,23.173,0,0.0,0.0,0.0,0.0,0.0,,13.6,0.0,0.0
2022-11-03,23.173,23.173,23.173,23.173,0,0.0,0.0,0.0,0.0,0.0,,13.6,0.0,0.0
2022-11-04,23.173,23.173,23.173,23.173,0,0.0,0.0,0.0,0.0,0.0,,13.6,0.0,0.0
2022-11-07,23.173,23.173,23.173,23.173,0,0.0,0.0,0.0,0.0,0.0,,13.6,0.0,0.0
2022-11-08,23.173,23.173,23.173,23.173,0,0.0,0.0,0.0,0.0,0.0,,13.6,0.0,0.0
2022-11-09,23.173,23.173,23.173,23.173,0,0.0,0.0,0.0,0.0,0.0,,13.6,0.0,0.0
2022-11-10,23.173,23.173,23.173,23.173,0,0.0,0.0,0.0,0.0,0.0,,13.6,0.0,0.0
2022-11-11,23.173,23.173,23.173,23.173,0,0.0,0.0,0.0,0.0,0.0,,13.6,0.0,0.0
2022-11-14,23.173,23.173,23.173,23.173,0,0.0,0.0,0.0,0.0,0.0,,13.6,0.0,0.0
2022-11-15,23.173,23.173,23.173,23.173,0,0.0,0.0,0.0,0.0,0.0,,13.6,0.0,0.0
2022-11-16,23.173,23.173,23.173,23.173,0,0.0,0.0,0.0,0.0,0.0,,13.6,0.0,0.0
2022-11-17,23.173,23.173,23.173,23.173,0,0.0,0.0,0.0,0.0,0.0,,13.6,0.0,0.0
2022-11-18,23.173,23.173,23.173,23.173,0,0.0,0.0,0.0,0.0,0.0,,13.6,0.0,0.0
2022-11-21,23.173,23.173,23.173,23.173,0,0.0,0.0,0.0,0.0,0.0,,13.6,0.0,0.0
2022-11-22,23.173,23.173,23.173,23.173,0,0.0,0.0,0.0,0.0,0.0,,13.6,0.0,0.0
2022-11-23,23.173,23.173,23.173,23.173,0,0.0,0.0,0.0,0.0,0.0,,13.6,0.0,0.0
2022-11-24,23.173,23.173,23.173,23.173,0,0.0,0.0,0.0,0.0,0.0,,13.6,0.0,0.0
2022-11-25,23.173,23.173,23.173,23.173,0,0.0,0.0,0.0,0.0,0.0,,13.6,0.0,0.0
2022-11-28,23.173,23.173,23.173,23.173,0,0.0,0.0,0.0,0.0,0.0,,13.6,0.0,0.0
2022-11-29,23.173,23.173,23.173,23.173,0,0.0,0.0,0.0,0.0,0.0,,13.6,0.0,0.0
2022-11-30,23.173,23.173,23.173,23.173,0,0.0,0.0,0.0,0.0,0.0,,13.6,0.0,0.0
2022-12-01,23.173,23.173,23.173,23.173,0,0.0,0.0,0.0,0.0,0.0,,13.6,0.0,0.0
2022-12-02,23.173,23.173,23.173,23.173,0,0.0,0.0,0.0,0.0,0.0,,13.6,0.0,0.0
2022-12-05,23.173,23.173,23.173,23.173,0,0.0,0.0,0.0,0.0,0.0,,13.6,0.0,0.0
2022-12-06,22.473,22.473,22.473,22.473,100,2247.3,0.0,0.0,0.0,0.0,,13.6,0.0,0.0
2022-12-07,22.473,22.473,22.473,22.473,0,0.0,0.0,0.0,0.0,0.0,,13.6,0.0,0.0
2022-12-08,22.473,22.473,22.473,22.473,0,0.0,0.0,0.0,0.0,0.0,,13.6,0.0,0.0
2022-12-09,22.473,22.473,22.473,22.473,0,0.0,0.0,0.0,0.0,0.0,,13.6,0.0,0.0
2022-12-12,22.473,22.473,22.473,22.473,0,0.0,0.0,0.0,0.0,0.0,,13.6,0.0,0.0
2022-12-13,22.473,22.473,22.473,22.473,0,0.0,0.0,0.0,0.0,0.0,,13.6,0.0,0.0
2022-12-14,22.473,22.473,22.473,22.473,0,0.0,0.0,0.0,0.0,0.0,,13.6,0.0,0.0
2022-12-15,22.473,22.473,22.473,22.473,0,0.0,0.0,0.0,0.0,0.0,,13.6,0.0,0.0
2022-12-16,22.473,22.473,22.473,22.473,0,0.0,0.0,0.0,0.0,0.0,,13.6,0.0,0.0
2022-12-19,22.473,22.473,22.473,22.473,0,0.0,0.0,0.0,0.0,0.0,,13.6,0.0,0.0
2022-12-20,22.473,22.473,22.473,22.473,0,0.0,0.0,0.0,0.0,0.0,,13.6,0.0,0.0
2022-12-21,22.473,22.473,22.473,22.473,0,0.0,0.0,0.0,0.0,0.0,,13.6,0.0,0.0
2022-12-22,22.473,22.473,22.473,22.473,0,0.0,0.0,0.0,0.0,0.0,,13.6,0.0,0.0
2022-12-23,22.473,22.473,22.473,22.473,0,0.0,0.0,0.0,0.0,0.0,,13.6,0.0,0.0
2022-12-26,22.473,22.473,22.473,22.473,0,0.0,0.0,0.0,0.0,0.0,,13.6,0.0,0.0
2022-12-27,22.473,22.473,22.473,22.473,0,0.0,0.0,0.0,0.0,0.0,,13.6,0.0,0.0
2022-12-28,22.473,22.473,22.473,22.473,0,0.0,0.0,0.0,0.0,0.0,,13.6,0.0,0.0
2022-12-29,22.473,22.473,22.473,22.473,0,0.0,0.0,0.0,0.0,0.0,,13.6,0.0,0.0
2022-12-30,22.473,22.473,22.473,22.473,0,0.0,0.0,0.0,0.0,0.0,,13.6,0.0,0.0
2023-01-03,22.473,22.473,22.473,22.473,0,0.0,0.0,0.0,0.0,0.0,,13.6,0.0,0.0
2023-01-04,22.473,22.473,22.473,22.473,0,0.0,0.0,0.0,0.0,0.0,,13.6,0.0,0.0
2023-01-05,22.473,22.473,22.473,22.473,0,0.0,0.0,0.0,0.0,0.0,,13.6,0.0,0.0
2023-01-06,22.473,22.473,22.473,22.473,0,0.0,0.0,0.0,0.0,0.0,,13.6,0.0,0.0
2023-01-09,22.473,22.473,22.473,22.473,0,0.0,0.0,0.0,0.0,0.0,,13.6,0.0,0.0
2023-01-10,22.473,22.473,22.473,22.473,0,0.0,0.0,0.0,0.0,0.0,,13.6,0.0,0.0
2023-01-11,22.473,22.473,22.473,22.473,0,0.0,0.0,0.0,0.0,0.0,,13.6,0.0,0.0
2023-01-12,22.473,22.473,22.473,22.473,0,0.0,0.0,0.0,0.0,0.0,,13.6,0.0,0.0
2023-01-13,22.473,22.473,22.473,22.473,0,0.0,0.0,0.0,0.0,0.0,,13.6,0.0,0.0
2023-01-16,22.473,22.473,22.473,22.473,0,0.0,0.0,0.0,0.0,0.0,,13.6,0.0,0.0
2023-01-17,22.473,22.473,22.473,22.473,0,0.0,0.0,0.0,0.0,0.0,,13.6,0.0,0.0
2023-01-18,22.473,22.473,22.473,22.473,0,0.0,0.0,0.0,0.0,0.0,,13.6,0.0,0.0
2023-01-19,22.473,22.473,22.473,22.473,0,0.0,0.0,0.0,0.0,0.0,,13.6,0.0,0.0
2023-01-27,22.473,22.473,22.473,22.473,0,0.0,0.0,0.0,0.0,0.0,,13.6,0.0,0.0
2023-01-30,22.473,22.473,22.473,22.473,0,0.0,0.0,0.0,0.0,0.0,,13.6,0.0,0.0
2023-01-31,13.531,13.531,13.531,13.531,1200,16237.2,0.0,0.0,0.0,0.0,,13.6,0.0,0.0
2023-02-01,13.531,13.531,13.531,13.531,0,0.0,0.0,0.0,0.0,0.0,,13.6,0.0,0.0
2023-02-02,13.531,13.531,13.531,13.531,0,0.0,0.0,0.0,0.0,0.0,,13.6,0.0,0.0
2023-02-03,13.531,13.531,13.531,13.531,0,0.0,0.0,0.0,0.0,0.0,,13.6,0.0,0.0
2023-02-06,13.531,13.531,13.531,13.531,0,0.0,0.0,0.0,0.0,0.0,,13.6,0.0,0.0
2023-02-07,11.509,11.509,11.509,11.509,100,1150.9,0.0,100.0,0.0,0.0,,13.6,0.0,0.0
2023-02-08,11.509,11.509,11.509,11.509,0,0.0,0.0,0.0,0.0,0.0,,13.6,0.0,0.0
2023-02-09,11.509,11.509,11.509,11.509,0,0.0,0.0,0.0,0.0,0.0,,13.6,0.0,0.0
2023-02-10,11.509,11.509,11.509,11.509,0,0.0,0.0,0.0,0.0,0.0,,13.6,0.0,0.0
2023-02-13,11.509,11.509,11.509,11.509,0,0.0,0.0,0.0,0.0,0.0,,13.6,0.0,0.0
2023-02-14,11.509,11.509,11.509,11.509,0,0.0,0.0,0.0,0.0,0.0,,13.6,0.0,0.0
2023-02-15,11.509,11.509,11.509,11.509,0,0.0,0.0,0.0,0.0,0.0,,13.6,0.0,0.0
2023-02-16,9.953,9.953,9.953,9.953,1000,9953.0,0.0,0.0,0.0,0.0,,13.6,0.0,0.0
2023-02-17,8.476,8.476,8.476,8.476,100,847.6000000000001,0.0,100.0,0.0,0.0,,13.6,0.0,0.0
2023-02-20,8.476,8.476,8.476,8.476,0,0.0,0.0,0.0,0.0,0.0,,13.6,0.0,0.0
2023-02-21,8.476,8.476,8.476,8.476,0,0.0,0.0,0.0,0.0,0.0,,13.6,0.0,0.0
2023-02-22,8.476,8.476,8.476,8.476,0,0.0,0.0,0.0,0.0,0.0,,13.6,0.0,0.0
2023-02-23,8.476,8.476,8.476,8.476,0,0.0,0.0,0.0,0.0,0.0,,13.6,0.0,0.0
2023-02-24,8.476,8.476,8.476,8.476,0,0.0,0.0,0.0,0.0,0.0,,13.6,0.0,0.0
2023-02-27,8.476,8.476,8.476,8.476,0,0.0,0.0,0.0,0.0,0.0,,13.6,0.0,0.0
2023-02-28,8.476,8.476,8.476,8.476,0,0.0,0.0,0.0,0.0,0.0,,13.6,0.0,0.0
2023-03-01,8.476,8.476,8.476,8.476,0,0.0,0.0,0.0,0.0,0.0,,13.6,0.0,0.0
2023-03-02,8.476,8.476,8.476,8.476,0,0.0,0.0,0.0,0.0,0.0,,13.6,0.0,0.0
2023-03-03,8.476,8.476,8.476,8.476,0,0.0,0.0,0.0,0.0,0.0,,13.6,0.0,0.0
2023-03-06,8.476,8.476,8.476,8.476,0,0.0,0.0,0.0,0.0,0.0,,13.6,0.0,0.0
2023-03-07,8.476,8.476,8.476,8.476,0,0.0,0.0,0.0,0.0,0.0,,13.6,0.0,0.0
2023-03-08,8.476,8.476,8.476,8.476,0,0.0,0.0,0.0,0.0,0.0,,13.6,0.0,0.0
2023-03-09,8.476,8.476,8.476,8.476,0,0.0,0.0,0.0,0.0,0.0,,13.6,0.0,0.0
2023-03-10,8.476,8.476,8.476,8.476,0,0.0,0.0,0.0,0.0,0.0,,13.6,0.0,0.0
2023-03-13,8.476,8.476,8.476,8.476,0,0.0,0.0,0.0,0.0,0.0,,13.6,0.0,0.0
2023-03-14,8.476,8.476,8.476,8.476,0,0.0,0.0,0.0,0.0,0.0,,13.6,0.0,0.0
2023-03-15,8.476,8.476,8.476,8.476,0,0.0,0.0,0.0,0.0,0.0,,13.6,0.0,0.0
2023-03-16,8.476,8.476,8.476,8.476,0,0.0,0.0,0.0,0.0,0.0,,13.6,0.0,0.0
2023-03-17,8.476,8.476,8.476,8.476,0,0.0,0.0,0.0,0.0,0.0,,13.6,0.0,0.0
2023-03-20,8.476,8.476,8.476,8.476,0,0.0,0.0,0.0,0.0,0.0,,13.6,0.0,0.0
2023-03-21,9.72,9.72,9.72,9.72,100,972.0,0.0,0.0,0.0,0.0,,13.6,0.0,0.0
2023-03-22,11.12,11.12,11.12,11.12,1300,14455.999999999998,0.0,0.0,0.0,0.0,,13.6,0.0,0.0
2023-03-23,11.12,11.12,11.12,11.12,0,0.0,0.0,0.0,0.0,0.0,,13.6,0.0,0.0
2023-03-24,11.12,11.12,11.12,11.12,0,0.0,0.0,0.0,0.0,0.0,,13.6,0.0,0.0
2023-03-27,11.12,11.12,11.12,11.12,100,1112.0,0.0,100.0,0.0,0.0,,13.6,0.0,0.0
2023-03-28,9.72,9.72,9.72,9.72,800,7776.000000000001,0.0,100.0,0.0,0.0,,13.6,0.0,0.0
2023-03-29,9.72,9.72,9.72,9.72,0,0.0,0.0,0.0,0.0,0.0,,13.6,0.0,0.0
2023-03-30,9.72,9.72,9.72,9.72,0,0.0,0.0,0.0,0.0,0.0,,13.6,0.0,0.0
2023-03-31,9.72,9.72,9.72,9.72,0,0.0,0.0,0.0,0.0,0.0,,13.6,0.0,0.0
2023-04-03,9.72,9.72,9.72,9.72,0,0.0,0.0,0.0,0.0,0.0,,13.6,0.0,0.0
2023-04-04,9.72,9.72,9.72,9.72,0,0.0,0.0,0.0,0.0,0.0,,13.6,0.0,0.0
2023-04-05,9.331,9.331,9.331,9.331,100,933.1,0.0,0.0,0.0,0.0,,13.6,0.0,0.0
2023-04-06,9.331,9.331,9.331,9.331,0,0.0,0.0,0.0,0.0,0.0,,13.6,0.0,0.0
2023-04-07,9.331,9.331,9.331,9.331,0,0.0,0.0,0.0,0.0,0.0,,13.6,0.0,0.0
2023-04-10,9.331,9.331,9.331,9.331,0,0.0,0.0,0.0,0.0,0.0,,13.6,0.0,0.0
2023-04-11,9.331,9.331,9.331,9.331,0,0.0,0.0,0.0,0.0,0.0,,13.6,0.0,0.0
2023-04-12,9.331,9.331,9.331,9.331,0,0.0,0.0,0.0,0.0,0.0,,13.6,0.0,0.0
2023-04-13,9.331,9.331,9.331,9.331,0,0.0,0.0,0.0,0.0,0.0,,13.6,0.0,0.0
2023-04-14,9.331,9.331,9.331,9.331,0,0.0,0.0,0.0,0.0,0.0,,13.6,0.0,0.0
2023-04-17,9.331,9.331,9.331,9.331,0,0.0,0.0,0.0,0.0,0.0,,13.6,0.0,0.0
2023-04-18,9.331,9.331,9.331,9.331,0,0.0,0.0,0.0,0.0,0.0,,13.6,0.0,0.0
2023-04-19,9.331,9.331,9.331,9.331,0,0.0,0.0,0.0,0.0,0.0,,13.6,0.0,0.0
2023-04-20,9.331,9.331,9.331,9.331,0,0.0,0.0,0.0,0.0,0.0,,13.6,0.0,0.0
2023-04-21,9.331,9.331,9.331,9.331,0,0.0,0.0,0.0,0.0,0.0,,13.6,0.0,0.0
2023-04-24,9.876,9.876,9.876,9.876,100,987.6,0.0,0.0,0.0,0.0,,13.6,0.0,0.0
2023-04-25,9.876,9.876,9.876,9.876,0,0.0,0.0,0.0,0.0,0.0,,13.6,0.0,0.0
2023-04-26,9.876,9.876,9.876,9.876,0,0.0,0.0,0.0,0.0,0.0,,13.6,0.0,0.0
2023-04-27,9.876,9.876,9.876,9.876,0,0.0,0.0,0.0,0.0,0.0,,13.6,0.0,0.0
2023-04-28,9.876,9.876,9.876,9.876,0,0.0,0.0,0.0,0.0,0.0,,13.6,0.0,0.0
2023-05-04,9.876,9.876,9.876,9.876,0,0.0,0.0,0.0,0.0,0.0,,13.6,0.0,0.0
2023-05-05,9.876,9.876,9.876,9.876,0,0.0,0.0,0.0,0.0,0.0,,13.6,0.0,0.0
2023-05-08,9.876,9.876,9.876,9.876,0,0.0,0.0,0.0,0.0,0.0,,13.6,0.0,0.0
2023-05-09,9.876,9.876,9.876,9.876,0,0.0,0.0,0.0,0.0,0.0,,13.6,0.0,0.0
2023-05-10,9.876,9.876,9.876,9.876,0,0.0,0.0,0.0,0.0,0.0,,13.6,0.0,0.0
2023-05-11,9.876,9.876,9.876,9.876,0,0.0,0.0,0.0,0.0,0.0,,13.6,0.0,0.0
2023-05-12,9.876,9.876,9.876,9.876,0,0.0,0.0,0.0,0.0,0.0,,13.6,0.0,0.0
2023-05-15,9.876,9.876,9.876,9.876,0,0.0,0.0,0.0,0.0,0.0,,13.6,0.0,0.0
2023-05-16,9.876,9.876,9.876,9.876,0,0.0,0.0,0.0,0.0,0.0,,13.6,0.0,0.0
2023-05-17,9.876,9.876,9.876,9.876,0,0.0,0.0,0.0,0.0,0.0,,13.6,0.0,0.0
2023-05-18,10.265,10.265,10.265,10.265,300,3079.5,0.0,0.0,0.0,0.0,,13.6,0.0,0.0
2023-05-19,10.265,10.265,10.265,10.265,0,0.0,0.0,0.0,0.0,0.0,,13.6,0.0,0.0
2023-05-22,10.265,10.265,10.265,10.265,0,0.0,0.0,0.0,0.0,0.0,,13.6,0.0,0.0
2023-05-23,10.265,10.265,10.265,10.265,0,0.0,0.0,0.0,0.0,0.0,,13.6,0.0,0.0
2023-05-24,10.265,10.265,10.265,10.265,0,0.0,0.0,0.0,0.0,0.0,,13.6,0.0,0.0
2023-05-25,10.265,10.265,10.265,10.265,0,0.0,0.0,0.0,0.0,0.0,,13.6,0.0,0.0
2023-05-26,10.265,10.265,10.265,10.265,0,0.0,0.0,0.0,0.0,0.0,,13.6,0.0,0.0
2023-05-29,9.676,9.676,9.676,9.676,300,2902.8,0.0,0.0,0.0,0.0,,13.6,0.0,0.0
2023-05-30,9.676,9.676,9.676,9.676,0,0.0,0.0,0.0,0.0,0.0,,13.6,0.0,0.0
2023-05-31,9.676,9.676,9.676,9.676,0,0.0,0.0,0.0,0.0,0.0,,13.6,0.0,0.0
2023-06-01,9.676,9.676,9.676,9.676,0,0.0,0.0,0.0,0.0,0.0,,13.6,0.0,0.0
2023-06-02,9.676,9.676,9.676,9.676,0,0.0,0.0,0.0,0.0,0.0,,13.6,0.0,0.0
2023-06-05,9.676,9.676,9.676,9.676,0,0.0,0.0,0.0,0.0,0.0,,13.6,0.0,0.0
2023-06-06,9.676,9.676,9.676,9.676,0,0.0,0.0,0.0,0.0,0.0,,13.6,0.0,0.0
2023-06-07,9.676,9.676,9.676,9.676,0,0.0,0.0,0.0,0.0,0.0,,13.6,0.0,0.0
2023-06-08,9.676,9.676,9.676,9.676,0,0.0,0.0,0.0,0.0,0.0,,13.6,0.0,0.0
2023-06-09,9.676,9.676,9.676,9.676,0,0.0,0.0,0.0,0.0,0.0,,13.6,0.0,0.0
2023-06-12,9.676,9.676,9.676,9.676,0,0.0,0.0,0.0,0.0,0.0,,13.6,0.0,0.0
2023-06-13,9.676,9.676,9.676,9.676,0,0.0,0.0,0.0,0.0,0.0,,13.6,0.0,0.0
2023-06-14,9.676,9.676,9.676,9.676,0,0.0,0.0,0.0,0.0,0.0,,13.6,0.0,0.0
2023-06-15,9.676,9.676,9.676,9.676,0,0.0,0.0,0.0,0.0,0.0,,13.6,0.0,0.0
2023-06-16,9.676,9.676,9.676,9.676,0,0.0,0.0,0.0,0.0,0.0,,13.6,0.0,0.0
2023-06-19,9.676,9.676,9.676,9.676,0,0.0,0.0,0.0,0.0,0.0,,13.6,0.0,0.0
2023-06-20,9.676,9.676,9.676,9.676,0,0.0,0.0,0.0,0.0,0.0,,13.6,0.0,0.0
2023-06-21,9.676,9.676,9.676,9.676,0,0.0,0.0,0.0,0.0,0.0,,13.6,0.0,0.0
2023-06-22,9.676,9.676,9.676,9.676,0,0.0,0.0,0.0,0.0,0.0,,13.6,0.0,0.0
2023-06-23,9.676,9.676,9.676,9.676,15,145.14,0.0,0.0,0.0,0.0,,13.6,0.0,0.0
2023-06-26,10.097,10.097,10.097,10.097,582,5876.454,0.0,0.0,0.0,0.0,,13.6,0.0,0.0
2023-06-27,10.097,10.097,10.097,10.097,0,0.0,0.0,0.0,0.0,0.0,,13.6,0.0,0.0
2023-06-28,10.097,10.097,10.097,10.097,0,0.0,0.0,0.0,0.0,0.0,,13.6,0.0,0.0
2023-06-29,10.097,10.097,10.097,10.097,0,0.0,0.0,0.0,0.0,0.0,,13.6,0.0,0.0
2023-06-30,11.527,11.527,11.443,11.443,300,3432.9,0.0,0.0,0.0,0.0,,13.6,0.0,0.0
2023-07-03,10.097,10.097,10.097,10.097,100,1009.7,0.0,100.0,0.0,0.0,,13.6,0.0,0.0
2023-07-04,10.097,10.097,10.097,10.097,42,424.074,0.0,0.0,0.0,0.0,,13.6,0.0,0.0
2023-07-05,10.097,10.097,10.097,10.097,0,0.0,0.0,0.0,0.0,0.0,,13.6,0.0,0.0
2023-07-06,10.097,10.097,10.097,10.097,10,100.97,0.0,0.0,0.0,0.0,,13.6,0.0,0.0
2023-07-07,10.181,10.181,10.181,10.181,100,1018.1,0.0,0.0,0.0,0.0,,13.6,0.0,0.0
2023-07-10,10.181,10.181,10.181,10.181,1,10.181,0.0,0.0,0.0,0.0,,13.6,0.0,0.0
2023-07-11,10.181,10.181,10.181,10.181,0,0.0,0.0,0.0,0.0,0.0,,13.6,0.0,0.0
2023-07-12,10.181,10.181,10.181,10.181,0,0.0,0.0,0.0,0.0,0.0,,13.6,0.0,0.0
2023-07-13,10.181,10.181,10.181,10.181,1,10.181,0.0,0.0,0.0,0.0,,13.6,0.0,0.0
2023-07-14,11.359,11.359,11.359,11.359,100,1135.9,0.0,0.0,0.0,0.0,,13.6,0.0,0.0
2023-07-17,11.359,11.359,11.359,11.359,0,0.0,0.0,0.0,0.0,0.0,,13.6,0.0,0.0
2023-07-18,11.359,11.359,11.359,11.359,0,0.0,0.0,0.0,0.0,0.0,,13.6,0.0,0.0
2023-07-19,11.359,11.359,11.359,11.359,0,0.0,0.0,0.0,0.0,0.0,,13.6,0.0,0.0
2023-07-20,11.359,11.359,11.359,11.359,0,0.0,0.0,0.0,0.0,0.0,,13.6,0.0,0.0
2023-07-21,11.359,11.359,11.359,11.359,0,0.0,0.0,0.0,0.0,0.0,,13.6,0.0,0.0
2023-07-24,10.938,10.938,10.938,10.938,700,7656.6,0.0,0.0,0.0,0.0,,13.6,0.0,0.0
2023-07-25,10.938,10.938,10.938,10.938,0,0.0,0.0,0.0,0.0,0.0,,13.6,0.0,0.0
2023-07-26,10.938,10.938,10.938,10.938,0,0.0,0.0,0.0,0.0,0.0,,13.6,0.0,0.0
2023-07-27,10.938,10.938,10.938,10.938,0,0.0,0.0,0.0,0.0,0.0,,13.6,0.0,0.0
2023-07-28,10.938,10.938,10.938,10.938,0,0.0,0.0,0.0,0.0,0.0,,13.6,0.0,0.0
2023-07-31,10.938,10.938,10.938,10.938,0,0.0,0.0,0.0,0.0,0.0,,13.6,0.0,0.0
2023-08-01,10.938,10.938,10.938,10.938,1,10.938,0.0,0.0,0.0,0.0,,13.6,0.0,0.0
2023-08-02,10.938,10.938,10.938,10.938,1,10.938,0.0,0.0,0.0,0.0,,13.6,0.0,0.0
2023-08-03,10.938,10.938,10.938,10.938,0,0.0,0.0,0.0,0.0,0.0,,13.6,0.0,0.0
2023-08-04,10.938,10.938,10.938,10.938,0,0.0,0.0,0.0,0.0,0.0,,13.6,0.0,0.0
2023-08-07,10.938,10.938,10.938,10.938,0,0.0,0.0,0.0,0.0,0.0,,13.6,0.0,0.0
2023-08-08,10.938,10.938,10.938,10.938,0,0.0,0.0,0.0,0.0,0.0,,13.6,0.0,0.0
2023-08-09,10.938,10.938,10.938,10.938,0,0.0,0.0,0.0,0.0,0.0,,13.6,0.0,0.0
2023-08-10,10.938,10.938,10.938,10.938,0,0.0,0.0,0.0,0.0,0.0,,13.6,0.0,0.0
2023-08-11,10.938,10.938,10.938,10.938,0,0.0,0.0,0.0,0.0,0.0,,13.6,0.0,0.0
2023-08-14,10.938,10.938,10.938,10.938,0,0.0,0.0,0.0,0.0,0.0,,13.6,0.0,0.0
2023-08-15,10.938,10.938,10.938,10.938,0,0.0,0.0,0.0,0.0,0.0,,13.6,0.0,0.0
2023-08-16,10.938,10.938,10.938,10.938,0,0.0,0.0,0.0,0.0,0.0,,13.6,0.0,0.0
2023-08-17,10.938,10.938,10.938,10.938,0,0.0,0.0,0.0,0.0,0.0,,13.6,0.0,0.0
2023-08-18,10.938,10.938,10.938,10.938,0,0.0,0.0,0.0,0.0,0.0,,13.6,0.0,0.0
2023-08-21,10.938,10.938,10.938,10.938,0,0.0,0.0,0.0,0.0,0.0,,13.6,0.0,0.0
2023-08-22,10.938,10.938,10.938,10.938,0,0.0,0.0,0.0,0.0,0.0,,13.6,0.0,0.0
2023-08-23,10.938,10.938,10.938,10.938,0,0.0,0.0,0.0,0.0,0.0,,13.6,0.0,0.0
2023-08-24,10.938,10.938,10.938,10.938,0,0.0,0.0,0.0,0.0,0.0,,13.6,0.0,0.0
2023-08-25,10.938,10.938,10.938,10.938,0,0.0,0.0,0.0,0.0,0.0,,13.6,0.0,0.0
2023-08-28,10.938,10.938,10.938,10.938,0,0.0,0.0,0.0,0.0,0.0,,13.6,0.0,0.0
2023-08-29,10.938,10.938,10.938,10.938,0,0.0,0.0,0.0,0.0,0.0,,13.6,0.0,0.0
2023-08-30,10.938,10.938,10.938,10.938,0,0.0,0.0,0.0,0.0,0.0,,13.6,0.0,0.0
2023-08-31,12.537,12.537,12.537,12.537,100,1253.7,0.0,0.0,0.0,0.0,,13.6,0.0,0.0
2023-09-05,12.537,12.537,12.537,12.537,0,0.0,0.0,0.0,0.0,0.0,,13.6,0.0,0.0
2023-09-06,12.537,12.537,12.537,12.537,0,0.0,0.0,0.0,0.0,0.0,,13.6,0.0,0.0
2023-09-07,12.537,12.537,12.537,12.537,0,0.0,0.0,0.0,0.0,0.0,,13.6,0.0,0.0
2023-09-08,12.537,12.537,12.537,12.537,0,0.0,0.0,0.0,0.0,0.0,,13.6,0.0,0.0
2023-09-11,12.537,12.537,12.537,12.537,1,12.537,0.0,0.0,0.0,0.0,,13.6,0.0,0.0
2023-09-12,12.537,12.537,12.537,12.537,0,0.0,0.0,0.0,0.0,0.0,,13.6,0.0,0.0
2023-09-13,12.537,12.537,12.537,12.537,0,0.0,0.0,0.0,0.0,0.0,,13.6,0.0,0.0
2023-09-14,12.537,12.537,12.537,12.537,0,0.0,0.0,0.0,0.0,0.0,,13.6,0.0,0.0
2023-09-15,12.537,12.537,12.537,12.537,0,0.0,0.0,0.0,0.0,0.0,,13.6,0.0,0.0
2023-09-18,12.537,12.537,12.537,12.537,0,0.0,0.0,0.0,0.0,0.0,,13.6,0.0,0.0
2023-09-19,12.537,12.537,12.537,12.537,0,0.0,0.0,0.0,0.0,0.0,,13.6,0.0,0.0
2023-09-20,12.537,12.537,12.537,12.537,0,0.0,0.0,0.0,0.0,0.0,,13.6,0.0,0.0
2023-09-21,12.537,12.537,12.537,12.537,0,0.0,0.0,0.0,0.0,0.0,,13.6,0.0,0.0
2023-09-22,12.537,12.537,12.537,12.537,0,0.0,0.0,0.0,0.0,0.0,,13.6,0.0,0.0
2023-09-25,12.537,12.537,12.537,12.537,0,0.0,0.0,0.0,0.0,0.0,,13.6,0.0,0.0
2023-09-26,12.537,12.537,12.537,12.537,0,0.0,0.0,0.0,0.0,0.0,,13.6,0.0,0.0
2023-09-27,12.537,12.537,12.537,12.537,0,0.0,0.0,0.0,0.0,0.0,,13.6,0.0,0.0
2023-09-28,12.537,12.537,12.537,12.537,0,0.0,0.0,0.0,0.0,0.0,,13.6,0.0,0.0
2023-09-29,12.537,12.537,12.537,12.537,0,0.0,0.0,0.0,0.0,0.0,,13.6,0.0,0.0
2023-10-02,10.686,11.022,10.686,11.022,200,2204.4,0.0,100.0,0.0,0.0,,13.6,0.0,0.0
2023-10-03,10.854,10.854,10.854,10.854,0,0.0,0.0,0.0,0.0,0.0,,13.6,0.0,0.0
2023-10-04,10.854,10.854,10.854,10.854,0,0.0,0.0,0.0,0.0,0.0,,13.6,0.0,0.0
2023-10-05,10.854,10.854,10.854,10.854,0,0.0,0.0,0.0,0.0,0.0,,13.6,0.0,0.0
2023-10-06,10.854,10.854,10.854,10.854,0,0.0,0.0,0.0,0.0,0.0,,13.6,0.0,0.0
2023-10-09,10.854,10.854,10.854,10.854,0,0.0,0.0,0.0,0.0,0.0,,13.6,0.0,0.0
2023-10-10,10.854,10.854,10.854,10.854,0,0.0,0.0,0.0,0.0,0.0,,13.6,0.0,0.0
2023-10-11,10.854,10.854,10.854,10.854,0,0.0,0.0,0.0,0.0,0.0,,13.6,0.0,0.0
2023-10-12,10.854,10.854,10.854,10.854,0,0.0,0.0,0.0,0.0,0.0,,13.6,0.0,0.0
2023-10-13,10.854,10.854,10.854,10.854,0,0.0,0.0,0.0,0.0,0.0,,13.6,0.0,0.0
2023-10-16,10.854,10.854,10.854,10.854,0,0.0,0.0,0.0,0.0,0.0,,13.6,0.0,0.0
2023-10-17,10.854,10.854,10.854,10.854,0,0.0,0.0,0.0,0.0,0.0,,13.6,0.0,0.0
2023-10-18,10.854,10.854,10.854,10.854,0,0.0,0.0,0.0,0.0,0.0,,13.6,0.0,0.0
2023-10-19,10.854,10.854,10.854,10.854,0,0.0,0.0,0.0,0.0,0.0,,13.6,0.0,0.0
2023-10-20,10.854,10.854,10.854,10.854,0,0.0,0.0,0.0,0.0,0.0,,13.6,0.0,0.0
2023-10-23,10.097,10.097,10.097,10.097,500,5048.5,0.0,0.0,0.0,0.0,,13.6,0.0,0.0
2023-10-24,10.097,10.097,10.097,10.097,0,0.0,0.0,0.0,0.0,0.0,,13.6,0.0,0.0
2023-10-25,10.097,10.097,10.097,10.097,0,0.0,0.0,0.0,0.0,0.0,,13.6,0.0,0.0
2023-10-26,10.097,10.097,10.097,10.097,0,0.0,0.0,0.0,0.0,0.0,,13.6,0.0,0.0
2023-10-27,10.097,10.097,10.097,10.097,0,0.0,0.0,0.0,0.0,0.0,,13.6,0.0,0.0
2023-10-30,10.097,10.097,10.097,10.097,100,1009.7,0.0,0.0,0.0,0.0,,13.6,0.0,0.0
2023-10-31,10.097,10.097,10.097,10.097,0,0.0,0.0,0.0,0.0,0.0,,13.6,0.0,0.0
2023-11-01,10.097,10.097,10.097,10.097,4,40.388,0.0,0.0,0.0,0.0,,13.6,0.0,0.0
2023-11-02,10.097,10.097,10.097,10.097,0,0.0,0.0,0.0,0.0,0.0,,13.6,0.0,0.0
2023-11-03,10.097,10.097,10.097,10.097,0,0.0,0.0,0.0,0.0,0.0,,13.6,0.0,0.0
2023-11-06,10.097,10.097,10.097,10.097,0,0.0,0.0,0.0,0.0,0.0,,13.6,0.0,0.0
2023-11-07,10.097,10.097,10.097,10.097,0,0.0,0.0,0.0,0.0,0.0,,13.6,0.0,0.0
2023-11-08,10.097,10.097,10.097,10.097,0,0.0,0.0,0.0,0.0,0.0,,13.6,0.0,0.0
2023-11-09,10.097,10.097,10.097,10.097,1,10.097,0.0,0.0,0.0,0.0,,13.6,0.0,0.0
2023-11-10,10.097,10.097,10.097,10.097,0,0.0,0.0,0.0,0.0,0.0,,13.6,0.0,0.0
2023-11-13,10.097,10.097,10.097,10.097,0,0.0,0.0,0.0,0.0,0.0,,13.6,0.0,0.0
2023-11-14,10.097,10.097,10.097,10.097,0,0.0,0.0,0.0,0.0,0.0,,13.6,0.0,0.0
2023-11-15,10.097,10.097,10.097,10.097,0,0.0,0.0,0.0,0.0,0.0,,13.6,0.0,0.0
2023-11-16,10.097,10.097,10.097,10.097,0,0.0,0.0,0.0,0.0,0.0,,13.6,0.0,0.0
2023-11-17,10.097,10.097,10.097,10.097,1,10.097,0.0,0.0,0.0,0.0,,13.6,0.0,0.0
2023-11-20,10.097,10.097,10.097,10.097,0,0.0,0.0,0.0,0.0,0.0,,13.6,0.0,0.0
2023-11-21,10.097,10.097,10.097,10.097,0,0.0,0.0,0.0,0.0,0.0,,13.6,0.0,0.0
2023-11-22,10.097,10.097,10.097,10.097,0,0.0,0.0,0.0,0.0,0.0,,13.6,0.0,0.0
2023-11-23,10.097,10.097,10.097,10.097,0,0.0,0.0,0.0,0.0,0.0,,13.6,0.0,0.0
2023-11-24,10.097,10.097,10.097,10.097,0,0.0,0.0,0.0,0.0,0.0,,13.6,0.0,0.0
2023-11-27,10.097,10.097,10.097,10.097,0,0.0,0.0,0.0,0.0,0.0,,13.6,0.0,0.0
2023-11-28,10.097,10.097,10.097,10.097,0,0.0,0.0,0.0,0.0,0.0,,13.6,0.0,0.0
2023-11-29,10.097,10.097,10.097,10.097,0,0.0,0.0,0.0,0.0,0.0,,13.6,0.0,0.0
2023-11-30,10.097,10.097,10.097,10.097,0,0.0,0.0,0.0,0.0,0.0,,13.6,0.0,0.0
2023-12-01,10.097,10.097,10.097,10.097,0,0.0,0.0,0.0,0.0,0.0,,13.6,0.0,0.0
2023-12-04,10.097,10.097,10.097,10.097,0,0.0,0.0,0.0,0.0,0.0,,13.6,0.0,0.0
2023-12-05,10.097,10.097,10.097,10.097,0,0.0,0.0,0.0,0.0,0.0,,13.6,0.0,0.0
2023-12-06,10.097,10.097,10.097,10.097,0,0.0,0.0,0.0,0.0,0.0,,13.6,0.0,0.0
2023-12-07,10.517,10.517,10.517,10.517,500,5258.5,0.0,0.0,0.0,0.0,,13.6,0.0,0.0
2023-12-08,10.517,10.517,10.517,10.517,0,0.0,0.0,0.0,0.0,0.0,,13.6,0.0,0.0
2023-12-11,10.517,10.517,10.517,10.517,0,0.0,0.0,0.0,0.0,0.0,,13.6,0.0,0.0
2023-12-12,10.517,10.517,10.517,10.517,0,0.0,0.0,0.0,0.0,0.0,,13.6,0.0,0.0
2023-12-13,10.517,10.517,10.517,10.517,0,0.0,0.0,0.0,0.0,0.0,,13.6,0.0,0.0
2023-12-14,10.517,10.517,10.517,10.517,0,0.0,0.0,0.0,0.0,0.0,,13.6,0.0,0.0
2023-12-15,10.517,10.517,10.517,10.517,0,0.0,0.0,0.0,0.0,0.0,,13.6,0.0,0.0
2023-12-18,10.517,10.517,10.517,10.517,0,0.0,0.0,0.0,0.0,0.0,,13.6,0.0,0.0
2023-12-19,10.517,10.517,10.517,10.517,0,0.0,0.0,0.0,0.0,0.0,,13.6,0.0,0.0
2023-12-20,10.517,10.517,10.517,10.517,3000,31551.0,0.0,0.0,0.0,0.0,,13.6,0.0,0.0
2023-12-21,10.517,10.517,10.517,10.517,0,0.0,0.0,0.0,0.0,0.0,,13.6,0.0,0.0
2023-12-22,10.517,10.517,10.517,10.517,0,0.0,0.0,0.0,0.0,0.0,,13.6,0.0,0.0
2023-12-25,10.517,10.517,10.517,10.517,0,0.0,0.0,0.0,0.0,0.0,,13.6,0.0,0.0
2023-12-26,10.517,10.517,10.517,10.517,0,0.0,0.0,0.0,0.0,0.0,,13.6,0.0,0.0
2023-12-27,10.517,10.517,10.517,10.517,0,0.0,0.0,0.0,0.0,0.0,,13.6,0.0,0.0
2023-12-28,10.517,10.517,10.517,10.517,0,0.0,0.0,0.0,0.0,0.0,,13.6,0.0,0.0
2023-12-29,10.517,10.517,10.517,10.517,0,0.0,0.0,0.0,0.0,0.0,,13.6,0.0,0.0
2024-01-02,10.517,10.517,10.517,10.517,0,0.0,0.0,0.0,0.0,0.0,,13.6,0.0,0.0
2024-01-03,10.517,10.517,10.517,10.517,0,0.0,0.0,0.0,0.0,0.0,,13.6,0.0,0.0
2024-01-04,10.517,10.517,10.517,10.517,0,0.0,0.0,0.0,0.0,0.0,,13.6,0.0,0.0
2024-01-05,10.517,10.517,10.517,10.517,0,0.0,0.0,0.0,0.0,0.0,,13.6,0.0,0.0
2024-01-08,10.517,10.517,10.517,10.517,0,0.0,0.0,0.0,0.0,0.0,,13.6,0.0,0.0
2024-01-09,10.517,10.517,10.517,10.517,0,0.0,0.0,0.0,0.0,0.0,,13.6,0.0,0.0
2024-01-10,10.517,10.517,10.517,10.517,0,0.0,0.0,0.0,0.0,0.0,,13.6,0.0,0.0
2024-01-11,10.517,10.517,10.517,10.517,0,0.0,0.0,0.0,0.0,0.0,,13.6,0.0,0.0
2024-01-12,10.517,10.517,10.517,10.517,0,0.0,0.0,0.0,0.0,0.0,,13.6,0.0,0.0
2024-01-15,10.517,10.517,10.517,10.517,0,0.0,0.0,0.0,0.0,0.0,,13.6,0.0,0.0
2024-01-16,10.517,10.517,10.517,10.517,0,0.0,0.0,0.0,0.0,0.0,,13.6,0.0,0.0
2024-01-17,10.517,10.517,10.517,10.517,0,0.0,0.0,0.0,0.0,0.0,,13.6,0.0,0.0
2024-01-18,10.517,10.517,10.517,10.517,0,0.0,0.0,0.0,0.0,0.0,,13.6,0.0,0.0
2024-01-19,10.517,10.517,10.517,10.517,1,10.517,0.0,0.0,0.0,0.0,,13.6,0.0,0.0
2024-01-22,10.517,10.517,10.517,10.517,0,0.0,0.0,0.0,0.0,0.0,,13.6,0.0,0.0
2024-01-23,10.517,10.517,10.517,10.517,0,0.0,0.0,0.0,0.0,0.0,,13.6,0.0,0.0
2024-01-24,10.517,10.517,10.517,10.517,2,21.034,0.0,0.0,0.0,0.0,,13.6,0.0,0.0
2024-01-25,10.517,10.517,10.517,10.517,0,0.0,0.0,0.0,0.0,0.0,,13.6,0.0,0.0
2024-01-26,10.517,10.517,10.517,10.517,0,0.0,0.0,0.0,0.0,0.0,,13.6,0.0,0.0
2024-01-29,10.517,10.517,10.517,10.517,0,0.0,0.0,0.0,0.0,0.0,,13.6,0.0,0.0
2024-01-30,10.517,10.517,10.517,10.517,500,5258.5,0.0,0.0,0.0,0.0,,13.6,0.0,0.0
2024-01-31,10.517,10.517,10.517,10.517,0,0.0,0.0,0.0,0.0,0.0,,13.6,0.0,0.0
2024-02-01,10.517,10.517,10.517,10.517,0,0.0,0.0,0.0,0.0,0.0,,13.6,0.0,0.0
2024-02-02,10.517,10.517,10.517,10.517,0,0.0,0.0,0.0,0.0,0.0,,13.6,0.0,0.0
2024-02-05,10.517,10.517,10.517,10.517,0,0.0,0.0,0.0,0.0,0.0,,13.6,0.0,0.0
2024-02-06,10.517,10.517,10.517,10.517,0,0.0,0.0,0.0,0.0,0.0,,13.6,0.0,0.0
2024-02-07,10.517,10.517,10.517,10.517,0,0.0,0.0,0.0,0.0,0.0,,13.6,0.0,0.0
2024-02-15,10.517,10.517,10.517,10.517,0,0.0,0.0,0.0,0.0,0.0,,13.6,0.0,0.0
2024-02-16,10.517,10.517,10.517,10.517,0,0.0,0.0,0.0,0.0,0.0,,13.6,0.0,0.0
2024-02-19,10.517,10.517,10.517,10.517,0,0.0,0.0,0.0,0.0,0.0,,13.6,0.0,0.0
2024-02-20,10.517,10.517,10.517,10.517,0,0.0,0.0,0.0,0.0,0.0,,13.6,0.0,0.0
2024-02-21,10.517,10.517,10.517,10.517,0,0.0,0.0,0.0,0.0,0.0,,13.6,0.0,0.0
2024-02-22,10.517,10.517,10.517,10.517,0,0.0,0.0,0.0,0.0,0.0,,13.6,0.0,0.0
2024-02-23,10.517,10.517,10.517,10.517,79,830.843,0.0,0.0,0.0,0.0,,13.6,0.0,0.0
2024-02-26,10.517,10.517,10.517,10.517,0,0.0,0.0,0.0,0.0,0.0,,13.6,0.0,0.0
2024-02-27,10.517,10.517,10.517,10.517,0,0.0,0.0,0.0,0.0,0.0,,13.6,0.0,0.0
2024-02-28,9.003,10.938,9.003,10.938,200,2187.6,0.0,0.0,0.0,0.0,,13.6,0.0,0.0
2024-02-29,10.686,10.686,10.686,10.686,400,4274.4,0.0,0.0,0.0,0.0,,13.6,0.0,0.0
2024-03-01,10.686,10.686,10.686,10.686,0,0.0,0.0,0.0,0.0,0.0,,13.6,0.0,0.0
2024-03-04,10.686,10.686,10.686,10.686,0,0.0,0.0,0.0,0.0,0.0,,13.6,0.0,0.0
2024-03-05,10.686,10.686,10.686,10.686,2,21.372,0.0,0.0,0.0,0.0,,13.6,0.0,0.0
2024-03-06,10.686,10.686,10.686,10.686,0,0.0,0.0,0.0,0.0,0.0,,13.6,0.0,0.0
2024-03-07,10.686,10.686,10.686,10.686,0,0.0,0.0,0.0,0.0,0.0,,13.6,0.0,0.0
2024-03-08,10.686,10.686,10.686,10.686,0,0.0,0.0,0.0,0.0,0.0,,13.6,0.0,0.0
2024-03-11,10.686,10.686,10.686,10.686,0,0.0,0.0,0.0,0.0,0.0,,13.6,0.0,0.0
2024-03-12,10.686,10.686,10.686,10.686,0,0.0,0.0,0.0,0.0,0.0,,13.6,0.0,0.0
2024-03-13,10.77,10.77,10.77,10.77,500,5385.0,0.0,0.0,0.0,0.0,,13.6,0.0,0.0
2024-03-14,11.359,12.2,11.359,12.2,1100,13420.0,0.0,0.0,0.0,0.0,,13.6,0.0,0.0
2024-03-15,11.443,11.443,11.443,11.443,0,0.0,0.0,0.0,0.0,0.0,,13.6,0.0,0.0
2024-03-18,11.443,11.443,11.443,11.443,0,0.0,0.0,0.0,0.0,0.0,,13.6,0.0,0.0
2024-03-19,11.443,11.443,11.443,11.443,0,0.0,0.0,0.0,0.0,0.0,,13.6,0.0,0.0
2024-03-20,11.443,11.443,11.443,11.443,0,0.0,0.0,0.0,0.0,0.0,,13.6,0.0,0.0
2024-03-21,12.2,12.2,12.2,12.2,300,3660.0,0.0,0.0,0.0,0.0,,13.6,0.0,0.0
2024-03-22,12.2,12.2,12.2,12.2,0,0.0,0.0,0.0,0.0,0.0,,13.6,0.0,0.0
2024-03-25,12.2,12.2,12.2,12.2,1,12.2,0.0,0.0,0.0,0.0,,13.6,0.0,0.0
2024-03-26,12.2,12.2,12.2,12.2,0,0.0,0.0,0.0,0.0,0.0,,13.6,0.0,0.0
2024-03-27,12.2,12.2,12.2,12.2,0,0.0,0.0,0.0,0.0,0.0,,13.6,0.0,0.0
2024-03-28,12.2,12.2,12.2,12.2,0,0.0,0.0,0.0,0.0,0.0,,13.6,0.0,0.0
2024-03-29,12.2,12.2,12.2,12.2,0,0.0,0.0,0.0,0.0,0.0,,13.6,0.0,0.0
2024-04-01,12.2,12.2,12.2,12.2,0,0.0,0.0,0.0,0.0,0.0,,13.6,0.0,0.0
2024-04-02,12.2,12.2,12.2,12.2,0,0.0,0.0,0.0,0.0,0.0,,13.6,0.0,0.0
2024-04-03,12.2,12.2,12.2,12.2,0,0.0,0.0,0.0,0.0,0.0,,13.6,0.0,0.0
2024-04-04,12.2,12.2,12.2,12.2,500,6100.0,0.0,0.0,0.0,0.0,,13.6,0.0,0.0
2024-04-05,12.2,12.2,12.2,12.2,400,4880.0,0.0,0.0,0.0,0.0,,13.6,0.0,0.0
2024-04-08,12.2,12.2,12.2,12.2,0,0.0,0.0,0.0,0.0,0.0,,13.6,0.0,0.0
2024-04-09,12.2,12.2,12.2,12.2,0,0.0,0.0,0.0,0.0,0.0,,13.6,0.0,0.0
2024-04-10,12.2,12.2,12.2,12.2,0,0.0,0.0,0.0,0.0,0.0,,13.6,0.0,0.0
2024-04-11,12.2,12.2,12.2,12.2,0,0.0,0.0,0.0,0.0,0.0,,13.6,0.0,0.0
2024-04-12,12.2,12.2,12.2,12.2,0,0.0,0.0,0.0,0.0,0.0,,13.6,0.0,0.0
2024-04-15,12.2,12.2,12.2,12.2,0,0.0,0.0,0.0,0.0,0.0,,13.6,0.0,0.0
2024-04-16,12.2,12.2,12.2,12.2,0,0.0,0.0,0.0,0.0,0.0,,13.6,0.0,0.0
2024-04-17,12.2,12.2,12.2,12.2,0,0.0,0.0,0.0,0.0,0.0,,13.6,0.0,0.0
2024-04-19,12.2,12.2,12.2,12.2,0,0.0,0.0,0.0,0.0,0.0,,13.6,0.0,0.0
2024-04-22,12.2,12.2,12.2,12.2,0,0.0,0.0,0.0,0.0,0.0,,13.6,0.0,0.0
2024-04-23,12.2,12.2,12.2,12.2,0,0.0,0.0,0.0,0.0,0.0,,13.6,0.0,0.0
2024-04-24,12.2,12.2,12.2,12.2,0,0.0,0.0,0.0,0.0,0.0,,13.6,0.0,0.0
2024-04-25,12.2,12.2,12.2,12.2,0,0.0,0.0,0.0,0.0,0.0,,13.6,0.0,0.0
2024-04-26,12.2,12.2,12.2,12.2,0,0.0,0.0,0.0,0.0,0.0,,13.6,0.0,0.0
2024-05-02,12.2,12.2,12.2,12.2,0,0.0,0.0,0.0,0.0,0.0,,13.6,0.0,0.0
2024-05-03,13.967,13.967,13.967,13.967,100,1396.7,100.0,0.0,0.0,0.0,,13.6,0.0,0.0
2024-05-06,13.883,13.883,13.883,13.883,100,1388.3,100.0,0.0,0.0,0.0,,13.6,0.0,0.0
2024-05-07,13.883,13.883,13.883,13.883,0,0.0,0.0,0.0,0.0,0.0,,13.6,0.0,0.0
2024-05-08,13.883,13.883,13.883,13.883,0,0.0,0.0,0.0,0.0,0.0,,13.6,0.0,0.0
2024-05-09,13.883,13.883,13.883,13.883,200,2776.6,0.0,0.0,0.0,0.0,,13.6,0.0,0.0
2024-05-10,13.883,13.883,13.883,13.883,0,0.0,0.0,0.0,0.0,0.0,,13.6,0.0,0.0
2024-05-13,13.883,13.883,13.883,13.883,0,0.0,0.0,0.0,0.0,0.0,,13.6,0.0,0.0
2024-05-14,13.883,13.883,13.799,13.883,19300,267941.9,0.0,12000.0,0.0,200000.0,,13.6,0.0,0.2
2024-05-15,13.883,13.883,13.883,13.883,1000,13883.0,0.0,0.0,0.0,0.0,,13.6,0.0,0.0
2024-05-16,13.883,13.883,13.883,13.883,0,0.0,0.0,0.0,0.0,0.0,,13.6,0.0,0.0
2024-05-17,15.943,15.943,15.943,15.943,100,1594.3,100.0,0.0,0.0,0.0,,13.6,0.0,0.0
2024-05-20,15.943,15.943,15.943,15.943,0,0.0,0.0,0.0,0.0,0.0,,13.6,0.0,0.0
2024-05-21,18.272,18.272,18.272,18.272,100,1827.2,100.0,0.0,0.0,0.0,,13.6,0.0,0.0
2024-05-22,18.272,18.272,18.272,18.272,0,0.0,0.0,0.0,0.0,0.0,,13.6,0.0,0.0
2024-05-23,18.272,18.272,18.272,18.272,0,0.0,0.0,0.0,0.0,0.0,,13.6,0.0,0.0
2024-05-24,18.272,18.272,18.272,18.272,0,0.0,0.0,0.0,0.0,0.0,,13.6,0.0,0.0
2024-05-27,18.272,18.272,18.272,18.272,0,0.0,0.0,0.0,0.0,0.0,,13.6,0.0,0.0
2024-05-28,18.272,18.272,18.272,18.272,2,36.544,0.0,0.0,0.0,0.0,,13.6,0.0,0.0
2024-05-29,18.272,18.272,18.272,18.272,0,0.0,0.0,0.0,0.0,0.0,,13.6,0.0,0.0
2024-05-30,18.272,18.272,18.272,18.272,0,0.0,0.0,0.0,0.0,0.0,,13.6,0.0,0.0
2024-05-31,18.272,18.272,18.272,18.272,0,0.0,0.0,0.0,0.0,0.0,,13.6,0.0,0.0
2024-06-03,18.272,18.272,18.272,18.272,0,0.0,0.0,0.0,0.0,0.0,,13.6,0.0,0.0
2024-06-04,18.272,18.272,18.272,18.272,0,0.0,0.0,0.0,0.0,0.0,,13.6,0.0,0.0
2024-06-05,18.272,18.272,18.272,18.272,0,0.0,0.0,0.0,0.0,0.0,,13.6,0.0,0.0
2024-06-06,18.272,18.272,18.272,18.272,0,0.0,0.0,0.0,0.0,0.0,,13.6,0.0,0.0
2024-06-07,18.272,18.272,18.272,18.272,0,0.0,0.0,0.0,0.0,0.0,,13.6,0.0,0.0
2024-06-10,18.272,18.272,18.272,18.272,0,0.0,0.0,0.0,0.0,0.0,,13.6,0.0,0.0
2024-06-11,18.272,18.272,18.272,18.272,0,0.0,0.0,0.0,0.0,0.0,,13.6,0.0,0.0
2024-06-12,18.272,18.272,18.272,18.272,0,0.0,0.0,0.0,0.0,0.0,,13.6,0.0,0.0
2024-06-13,18.272,18.272,18.272,18.272,0,0.0,0.0,0.0,0.0,0.0,,13.6,0.0,0.0
2024-06-14,18.272,18.272,18.272,18.272,0,0.0,0.0,0.0,0.0,0.0,,13.6,0.0,0.0
2024-06-17,18.272,18.272,18.272,18.272,0,0.0,0.0,0.0,0.0,0.0,,13.6,0.0,0.0
2024-06-18,18.272,18.272,18.272,18.272,0,0.0,0.0,0.0,0.0,0.0,,13.6,0.0,0.0
2024-06-19,18.272,18.272,18.272,18.272,0,0.0,0.0,0.0,0.0,0.0,,13.6,0.0,0.0
2024-06-20,18.272,18.272,18.272,18.272,0,0.0,0.0,0.0,0.0,0.0,,13.6,0.0,0.0
2024-06-21,18.272,18.272,18.272,18.272,0,0.0,0.0,0.0,0.0,0.0,,13.6,0.0,0.0
2024-06-24,18.272,18.272,18.272,18.272,0,0.0,0.0,0.0,0.0,0.0,,13.6,0.0,0.0
2024-06-25,18.272,18.272,18.272,18.272,0,0.0,0.0,0.0,0.0,0.0,,13.6,0.0,0.0
2024-06-26,18.272,18.272,18.272,18.272,0,0.0,0.0,0.0,0.0,0.0,,13.6,0.0,0.0
2024-06-27,18.272,18.272,18.272,18.272,0,0.0,0.0,0.0,0.0,0.0,,13.6,0.0,0.0
2024-06-28,18.272,18.272,18.272,18.272,0,0.0,0.0,0.0,0.0,0.0,,13.6,0.0,0.0
2024-07-01,18.272,18.272,18.272,18.272,100,1827.2,0.0,0.0,0.0,0.0,,13.6,0.0,0.0
2024-07-02,18.272,18.272,18.272,18.272,0,0.0,0.0,0.0,0.0,0.0,,13.6,0.0,0.0
2024-07-03,18.272,18.272,18.272,18.272,0,0.0,0.0,0.0,0.0,0.0,,13.6,0.0,0.0
2024-07-04,18.272,18.272,18.272,18.272,0,0.0,0.0,0.0,0.0,0.0,,13.6,0.0,0.0
2024-07-05,18.272,18.272,18.272,18.272,0,0.0,0.0,0.0,0.0,0.0,,13.6,0.0,0.0
2024-07-08,18.182,18.182,18.182,18.182,100,1818.2,0.0,0.0,0.0,0.0,,13.6,0.0,0.0
2024-07-09,18.182,18.182,18.182,18.182,0,0.0,0.0,0.0,0.0,0.0,,13.6,0.0,0.0
2024-07-10,18.182,18.182,18.182,18.182,0,0.0,0.0,0.0,0.0,0.0,,13.6,0.0,0.0
2024-07-11,18.182,18.182,18.182,18.182,0,0.0,0.0,0.0,0.0,0.0,,13.6,0.0,0.0
2024-07-12,18.182,18.182,18.182,18.182,0,0.0,0.0,0.0,0.0,0.0,,13.6,0.0,0.0
2024-07-15,18.182,18.182,18.182,18.182,0,0.0,0.0,0.0,0.0,0.0,,13.6,0.0,0.0
2024-07-16,18.182,18.182,18.182,18.182,0,0.0,0.0,0.0,0.0,0.0,,13.6,0.0,0.0
2024-07-17,18.182,18.182,18.182,18.182,0,0.0,0.0,0.0,0.0,0.0,,13.6,0.0,0.0
2024-07-18,18.182,18.182,18.182,18.182,0,0.0,0.0,0.0,0.0,0.0,,13.6,0.0,0.0
2024-07-19,18.182,18.182,18.182,18.182,0,0.0,0.0,0.0,0.0,0.0,,13.6,0.0,0.0
2024-07-22,18.182,18.182,18.182,18.182,0,0.0,0.0,0.0,0.0,0.0,,13.6,0.0,0.0
2024-07-23,18.182,18.182,18.182,18.182,0,0.0,0.0,0.0,0.0,0.0,,13.6,0.0,0.0
2024-07-24,18.182,18.182,18.182,18.182,0,0.0,0.0,0.0,0.0,0.0,,13.6,0.0,0.0
2024-07-25,18.182,18.182,18.182,18.182,0,0.0,0.0,0.0,0.0,0.0,,13.6,0.0,0.0
2024-07-26,18.182,18.182,18.182,18.182,0,0.0,0.0,0.0,0.0,0.0,,13.6,0.0,0.0
2024-07-29,18.182,18.182,18.182,18.182,0,0.0,0.0,0.0,0.0,0.0,,13.6,0.0,0.0
2024-07-30,18.182,18.182,18.182,18.182,0,0.0,0.0,0.0,0.0,0.0,,13.6,0.0,0.0
2024-07-31,18.182,18.182,18.182,18.182,0,0.0,0.0,0.0,0.0,0.0,,13.6,0.0,0.0
2024-08-01,18.182,18.182,18.182,18.182,0,0.0,0.0,0.0,0.0,0.0,,13.6,0.0,0.0
2024-08-02,18.182,18.182,18.182,18.182,0,0.0,0.0,0.0,0.0,0.0,,13.6,0.0,0.0
2024-08-05,18.182,18.182,18.182,18.182,0,0.0,0.0,0.0,0.0,0.0,,13.6,0.0,0.0
2024-08-06,18.182,18.182,18.182,18.182,0,0.0,0.0,0.0,0.0,0.0,,13.6,0.0,0.0
2024-08-07,18.182,18.182,18.182,18.182,0,0.0,0.0,0.0,0.0,0.0,,13.6,0.0,0.0
2024-08-08,18.182,18.182,18.182,18.182,0,0.0,0.0,0.0,0.0,0.0,,13.6,0.0,0.0
2024-08-09,18.182,18.182,18.182,18.182,0,0.0,0.0,0.0,0.0,0.0,,13.6,0.0,0.0
2024-08-12,18.182,18.182,18.182,18.182,0,0.0,0.0,0.0,0.0,0.0,,13.6,0.0,0.0
2024-08-13,18.182,18.182,18.182,18.182,0,0.0,0.0,0.0,0.0,0.0,,13.6,0.0,0.0
2024-08-14,18.182,18.182,18.182,18.182,0,0.0,0.0,0.0,0.0,0.0,,13.6,0.0,0.0
2024-08-15,18.182,18.182,18.182,18.182,0,0.0,0.0,0.0,0.0,0.0,,13.6,0.0,0.0
2024-08-16,18.182,18.182,18.182,18.182,0,0.0,0.0,0.0,0.0,0.0,,13.6,0.0,0.0
2024-08-19,18.182,18.182,18.182,18.182,0,0.0,0.0,0.0,0.0,0.0,,13.6,0.0,0.0
2024-08-20,18.182,18.182,18.182,18.182,0,0.0,0.0,0.0,0.0,0.0,,13.6,0.0,0.0
2024-08-21,18.182,18.182,18.182,18.182,0,0.0,0.0,0.0,0.0,0.0,,13.6,0.0,0.0
2024-08-22,18.182,18.182,18.182,18.182,0,0.0,0.0,0.0,0.0,0.0,,13.6,0.0,0.0
2024-08-23,18.182,18.182,18.182,18.182,0,0.0,0.0,0.0,0.0,0.0,,13.6,0.0,0.0
2024-08-26,18.182,18.182,18.182,18.182,0,0.0,0.0,0.0,0.0,0.0,,13.6,0.0,0.0
2024-08-27,18.182,18.182,18.182,18.182,0,0.0,0.0,0.0,0.0,0.0,,13.6,0.0,0.0
2024-08-28,18.182,18.182,18.182,18.182,0,0.0,0.0,0.0,0.0,0.0,,13.6,0.0,0.0
2024-08-29,18.182,18.182,18.182,18.182,0,0.0,0.0,0.0,0.0,0.0,,13.6,0.0,0.0
2024-08-30,18.182,18.182,18.182,18.182,0,0.0,0.0,0.0,0.0,0.0,,13.6,0.0,0.0
2024-09-04,18.182,18.182,18.182,18.182,0,0.0,0.0,0.0,0.0,0.0,,13.6,0.0,0.0
2024-09-05,18.182,18.182,18.182,18.182,0,0.0,0.0,0.0,0.0,0.0,,13.6,0.0,0.0
2024-09-06,18.182,18.182,18.182,18.182,0,0.0,0.0,0.0,0.0,0.0,,13.6,0.0,0.0
2024-09-09,18.182,18.182,18.182,18.182,0,0.0,0.0,0.0,0.0,0.0,,13.6,0.0,0.0
2024-09-10,18.182,18.182,18.182,18.182,0,0.0,0.0,0.0,0.0,0.0,,13.6,0.0,0.0
2024-09-11,18.182,18.182,18.182,18.182,0,0.0,0.0,0.0,0.0,0.0,,13.6,0.0,0.0
2024-09-12,18.182,18.182,18.182,18.182,0,0.0,0.0,0.0,0.0,0.0,,13.6,0.0,0.0
2024-09-13,18.182,18.182,18.182,18.182,0,0.0,0.0,0.0,0.0,0.0,,13.6,0.0,0.0
2024-09-16,18.182,18.182,18.182,18.182,0,0.0,0.0,0.0,0.0,0.0,,13.6,0.0,0.0
2024-09-17,18.182,18.182,18.182,18.182,0,0.0,0.0,0.0,0.0,0.0,,13.6,0.0,0.0
2024-09-18,18.182,18.182,18.182,18.182,0,0.0,0.0,0.0,0.0,0.0,,13.6,0.0,0.0
2024-09-19,18.182,18.182,18.182,18.182,0,0.0,0.0,0.0,0.0,0.0,,13.6,0.0,0.0
2024-09-20,18.182,18.182,18.182,18.182,0,0.0,0.0,0.0,0.0,0.0,,13.6,0.0,0.0
2024-09-23,18.182,18.182,18.182,18.182,0,0.0,0.0,0.0,0.0,0.0,,13.6,0.0,0.0
2024-09-24,18.182,18.182,18.182,18.182,0,0.0,0.0,0.0,0.0,0.0,,13.6,0.0,0.0
2024-09-25,18.182,18.182,18.182,18.182,0,0.0,0.0,0.0,0.0,0.0,,13.6,0.0,0.0
2024-09-26,18.182,18.182,18.182,18.182,0,0.0,0.0,0.0,0.0,0.0,,13.6,0.0,0.0
2024-09-27,18.182,18.182,18.182,18.182,0,0.0,0.0,0.0,0.0,0.0,,13.6,0.0,0.0
2024-09-30,18.182,18.182,18.182,18.182,0,0.0,0.0,0.0,0.0,0.0,,13.6,0.0,0.0
2024-10-01,18.182,18.182,18.182,18.182,0,0.0,0.0,0.0,0.0,0.0,,13.6,0.0,0.0
2024-10-02,18.182,18.182,18.182,18.182,0,0.0,0.0,0.0,0.0,0.0,,13.6,0.0,0.0
2024-10-03,18.182,18.182,18.182,18.182,0,0.0,0.0,0.0,0.0,0.0,,13.6,0.0,0.0
2024-10-04,18.182,18.182,18.182,18.182,0,0.0,0.0,0.0,0.0,0.0,,13.6,0.0,0.0
2024-10-07,18.182,18.182,18.182,18.182,0,0.0,0.0,0.0,0.0,0.0,,13.6,0.0,0.0
2024-10-08,18.182,18.182,18.182,18.182,0,0.0,0.0,0.0,0.0,0.0,,13.6,0.0,0.0
2024-10-09,18.182,18.182,18.182,18.182,0,0.0,0.0,0.0,0.0,0.0,,13.6,0.0,0.0
2024-10-10,18.182,18.182,18.182,18.182,0,0.0,0.0,0.0,0.0,0.0,,13.6,0.0,0.0
2024-10-11,18.182,18.182,18.182,18.182,0,0.0,0.0,0.0,0.0,0.0,,13.6,0.0,0.0
2024-10-14,18.182,18.182,18.182,18.182,0,0.0,0.0,0.0,0.0,0.0,,13.6,0.0,0.0
2024-10-15,18.182,18.182,18.182,18.182,0,0.0,0.0,0.0,0.0,0.0,,13.6,0.0,0.0
2024-10-16,18.182,18.182,18.182,18.182,0,0.0,0.0,0.0,0.0,0.0,,13.6,0.0,0.0
2024-10-17,18.182,18.182,18.182,18.182,0,0.0,0.0,0.0,0.0,0.0,,13.6,0.0,0.0
2024-10-18,18.182,18.182,18.182,18.182,0,0.0,0.0,0.0,0.0,0.0,,13.6,0.0,0.0
2024-10-21,18.182,18.182,18.182,18.182,0,0.0,0.0,0.0,0.0,0.0,,13.6,0.0,0.0
2024-10-22,18.182,18.182,18.182,18.182,100,1818.2,0.0,0.0,0.0,0.0,,13.6,0.0,0.0
2024-10-23,15.495,15.495,15.495,15.495,200,3099.0,0.0,0.0,0.0,0.0,,13.6,0.0,0.0
2024-10-24,15.495,15.495,15.495,15.495,0,0.0,0.0,0.0,0.0,0.0,,13.6,0.0,0.0
2024-10-25,15.495,15.495,15.495,15.495,0,0.0,0.0,0.0,0.0,0.0,,13.6,0.0,0.0
2024-10-28,15.495,15.495,15.495,15.495,0,0.0,0.0,0.0,0.0,0.0,,13.6,0.0,0.0
2024-10-29,15.495,15.495,15.495,15.495,0,0.0,0.0,0.0,0.0,0.0,,13.6,0.0,0.0
2024-10-30,15.495,15.495,15.495,15.495,0,0.0,0.0,0.0,0.0,0.0,,13.6,0.0,0.0
2024-10-31,15.495,15.495,15.495,15.495,0,0.0,0.0,0.0,0.0,0.0,,13.6,0.0,0.0
2024-11-01,15.495,15.495,15.495,15.495,0,0.0,0.0,0.0,0.0,0.0,,13.6,0.0,0.0
2024-11-04,15.495,15.495,15.495,15.495,0,0.0,0.0,0.0,0.0,0.0,,13.6,0.0,0.0
2024-11-05,15.495,15.495,15.495,15.495,0,0.0,0.0,0.0,0.0,0.0,,13.6,0.0,0.0
2024-11-06,15.495,15.495,15.495,15.495,0,0.0,0.0,0.0,0.0,0.0,,13.6,0.0,0.0
2024-11-07,15.495,15.495,15.495,15.495,0,0.0,0.0,0.0,0.0,0.0,,13.6,0.0,0.0
2024-11-08,15.495,15.495,15.495,15.495,0,0.0,0.0,0.0,0.0,0.0,,13.6,0.0,0.0
2024-11-11,15.495,15.495,15.495,15.495,100,1549.5,0.0,0.0,0.0,0.0,,13.6,0.0,0.0
2024-11-12,15.495,15.495,15.495,15.495,9,139.45499999999998,0.0,0.0,0.0,0.0,,13.6,0.0,0.0
2024-11-13,15.495,15.495,15.495,15.495,0,0.0,0.0,0.0,0.0,0.0,,13.6,0.0,0.0
2024-11-14,15.495,15.495,15.495,15.495,0,0.0,0.0,0.0,0.0,0.0,,13.6,0.0,0.0
2024-11-15,15.495,15.495,15.495,15.495,0,0.0,0.0,0.0,0.0,0.0,,13.6,0.0,0.0
2024-11-18,15.495,15.495,15.495,15.495,0,0.0,0.0,0.0,0.0,0.0,,13.6,0.0,0.0
2024-11-19,15.495,15.495,15.495,15.495,0,0.0,0.0,0.0,0.0,0.0,,13.6,0.0,0.0
2024-11-20,15.495,15.495,15.495,15.495,0,0.0,0.0,0.0,0.0,0.0,,13.6,0.0,0.0
2024-11-21,15.495,15.495,15.495,15.495,2,30.99,0.0,0.0,0.0,0.0,,13.6,0.0,0.0
2024-11-22,15.495,15.495,15.495,15.495,0,0.0,0.0,0.0,0.0,0.0,,13.6,0.0,0.0
2024-11-25,15.495,15.495,15.495,15.495,0,0.0,0.0,0.0,0.0,0.0,,13.6,0.0,0.0
2024-11-26,15.495,15.495,15.495,15.495,0,0.0,0.0,0.0,0.0,0.0,,13.6,0.0,0.0
2024-11-27,15.495,15.495,15.495,15.495,0,0.0,0.0,0.0,0.0,0.0,,13.6,0.0,0.0
2024-11-28,15.495,15.495,15.495,15.495,0,0.0,0.0,0.0,0.0,0.0,,13.6,0.0,0.0
2024-11-29,15.495,15.495,15.495,15.495,0,0.0,0.0,0.0,0.0,0.0,,13.6,0.0,0.0
2024-12-02,15.495,15.495,15.495,15.495,0,0.0,0.0,0.0,0.0,0.0,,13.6,0.0,0.0
2024-12-03,15.495,15.495,15.495,15.495,0,0.0,0.0,0.0,0.0,0.0,,13.6,0.0,0.0
2024-12-04,15.495,15.495,15.495,15.495,0,0.0,0.0,0.0,0.0,0.0,,13.6,0.0,0.0
2024-12-05,15.495,15.495,15.495,15.495,0,0.0,0.0,0.0,0.0,0.0,,13.6,0.0,0.0
2024-12-06,15.495,15.495,15.495,15.495,0,0.0,0.0,0.0,0.0,0.0,,13.6,0.0,0.0
2024-12-09,15.495,15.495,15.495,15.495,0,0.0,0.0,0.0,0.0,0.0,,13.6,0.0,0.0
2024-12-10,15.495,15.495,15.495,15.495,0,0.0,0.0,0.0,0.0,0.0,,13.6,0.0,0.0
2024-12-11,15.495,15.495,15.495,15.495,0,0.0,0.0,0.0,0.0,0.0,,13.6,0.0,0.0
2024-12-12,15.495,15.495,15.495,15.495,331,5128.844999999999,0.0,0.0,0.0,0.0,,13.6,0.0,0.0
2024-12-13,15.495,15.495,15.495,15.495,0,0.0,0.0,0.0,0.0,0.0,,13.6,0.0,0.0
2024-12-16,15.406,15.406,15.406,15.406,100,1540.6,0.0,0.0,0.0,0.0,,13.6,0.0,0.0
2024-12-17,15.316,15.316,15.316,15.316,1001,15331.316,0.0,0.0,0.0,0.0,,13.6,0.0,0.0
2024-12-18,15.316,15.316,15.316,15.316,0,0.0,0.0,0.0,0.0,0.0,,13.6,0.0,0.0
2024-12-19,15.316,15.316,15.316,15.316,0,0.0,0.0,0.0,0.0,0.0,,13.6,0.0,0.0
2024-12-20,15.316,15.316,15.316,15.316,0,0.0,0.0,0.0,0.0,0.0,,13.6,0.0,0.0
2024-12-23,15.316,15.316,15.316,15.316,0,0.0,0.0,0.0,0.0,0.0,,13.6,0.0,0.0
2024-12-24,15.316,15.316,15.316,15.316,0,0.0,0.0,0.0,0.0,0.0,,13.6,0.0,0.0
2024-12-25,15.316,15.316,15.316,15.316,0,0.0,0.0,0.0,0.0,0.0,,13.6,0.0,0.0
2024-12-26,15.316,15.316,15.316,15.316,0,0.0,0.0,0.0,0.0,0.0,,13.6,0.0,0.0
2024-12-27,15.316,15.316,15.316,15.316,0,0.0,0.0,0.0,0.0,0.0,,13.6,0.0,0.0
2024-12-30,15.316,15.316,15.316,15.316,0,0.0,0.0,0.0,0.0,0.0,,13.6,0.0,0.0
2024-12-31,15.316,15.316,15.316,15.316,0,0.0,0.0,0.0,0.0,0.0,,13.6,0.0,0.0
2025-01-02,15.316,15.316,15.316,15.316,0,0.0,0.0,0.0,0.0,0.0,,13.6,0.0,0.0
2025-01-03,15.316,15.316,15.316,15.316,0,0.0,0.0,0.0,0.0,0.0,,13.6,0.0,0.0
2025-01-06,14.42,14.42,14.42,14.42,13004,187517.68,0.0,0.0,0.0,0.0,,13.6,0.0,0.0
2025-01-07,14.42,14.42,14.42,14.42,0,0.0,0.0,0.0,0.0,0.0,,13.6,0.0,0.0
2025-01-08,14.42,14.42,14.42,14.42,0,0.0,0.0,0.0,0.0,0.0,,13.6,0.0,0.0
2025-01-09,14.42,14.42,14.42,14.42,0,0.0,0.0,0.0,0.0,0.0,,13.6,0.0,0.0
2025-01-10,14.42,14.42,14.42,14.42,0,0.0,0.0,0.0,0.0,0.0,,13.6,0.0,0.0
2025-01-13,14.42,14.42,14.42,14.42,0,0.0,0.0,0.0,0.0,0.0,,13.6,0.0,0.0
2025-01-14,14.51,14.51,14.51,14.51,200,2902.0,0.0,0.0,0.0,0.0,,13.6,0.0,0.0
2025-01-15,14.51,14.51,14.51,14.51,400,5804.0,0.0,0.0,0.0,0.0,,13.6,0.0,0.0
2025-01-16,14.599,14.599,14.599,14.599,100,1459.9,0.0,0.0,0.0,0.0,,13.6,0.0,0.0
2025-01-17,14.599,14.599,14.599,14.599,5,72.995,0.0,0.0,0.0,0.0,,13.6,0.0,0.0
2025-01-20,14.331,14.779,14.331,14.779,340,5024.86,0.0,0.0,0.0,0.0,,13.6,0.0,0.0
2025-01-21,15.226,16.749,15.226,16.749,600,10049.4,0.0,0.0,0.0,0.0,,13.6,0.0,0.0
2025-01-22,14.062,14.062,14.062,14.062,100,1406.2,0.0,100.0,0.0,0.0,,13.6,0.0,0.0
2025-01-23,14.062,14.062,14.062,14.062,0,0.0,0.0,0.0,0.0,0.0,,13.6,0.0,0.0
2025-01-24,16.122,16.122,16.122,16.122,100,1612.2,0.0,0.0,0.0,0.0,,13.6,0.0,0.0
2025-02-03,13.704,16.122,13.704,16.122,2100,33856.2,0.0,100.0,0.0,0.0,,13.6,0.0,0.0
2025-02-04,16.212,16.57,16.212,16.57,1700,28169.0,0.0,0.0,0.0,0.0,,13.6,0.0,0.0
2025-02-05,16.391,16.391,16.391,16.391,0,0.0,0.0,0.0,0.0,0.0,,13.6,0.0,0.0
2025-02-06,15.632,15.632,15.632,15.632,100,1563.2,0.0,100.0,0.0,0.0,,13.6,0.0,0.0
2025-02-07,15.632,15.632,15.632,15.632,0,0.0,0.0,0.0,0.0,0.0,,13.6,0.0,0.0
2025-02-10,15.632,15.632,15.632,15.632,6,93.792,0.0,0.0,0.0,0.0,,13.6,0.0,0.0
2025-02-11,16.485,16.485,16.485,16.485,100,1648.5,0.0,0.0,0.0,0.0,,13.6,0.0,0.0
2025-02-12,15.632,16.106,15.632,16.106,300,4831.8,0.0,100.0,0.0,0.0,,13.6,0.0,0.0
2025-02-13,15.916,15.916,15.916,15.916,0,0.0,0.0,0.0,0.0,0.0,,13.6,0.0,0.0
2025-02-14,15.916,15.916,15.916,15.916,0,0.0,0.0,0.0,0.0,0.0,,13.6,0.0,0.0
2025-02-17,16.106,16.106,16.106,16.106,100,1610.6,0.0,0.0,0.0,0.0,,13.6,0.0,0.0
2025-02-18,15.348,15.727,15.348,15.727,200,3145.4,0.0,100.0,0.0,0.0,,13.6,0.0,0.0
2025-02-19,15.537,15.537,15.537,15.537,0,0.0,0.0,0.0,0.0,0.0,,13.6,0.0,0.0
2025-02-20,15.727,15.727,15.632,15.632,500,7816.0,0.0,0.0,0.0,0.0,,13.6,0.0,0.0
2025-02-21,16.011,16.011,16.011,16.011,100,1601.1,0.0,0.0,0.0,0.0,,13.6,0.0,0.0
2025-02-24,15.727,15.727,15.727,15.727,900,14154.3,0.0,0.0,0.0,0.0,,13.6,0.0,0.0
2025-02-25,15.632,15.727,15.632,15.632,500,7816.0,0.0,0.0,0.0,0.0,,13.6,0.0,0.0
2025-02-26,16.011,16.011,16.011,16.011,100,1601.1,0.0,0.0,0.0,0.0,,13.6,0.0,0.0
2025-02-27,16.011,16.011,16.011,16.011,0,0.0,0.0,0.0,0.0,0.0,,13.6,0.0,0.0
2025-02-28,16.011,16.011,16.011,16.011,100,1601.1,0.0,0.0,0.0,0.0,,13.6,0.0,0.0
2025-03-03,16.011,16.011,16.011,16.011,5,80.05499999999999,0.0,0.0,0.0,0.0,,13.6,0.0,0.0
2025-03-04,16.011,16.011,16.011,16.011,0,0.0,0.0,0.0,0.0,0.0,,13.6,0.0,0.0
2025-03-05,16.011,16.011,16.011,16.011,0,0.0,0.0,0.0,0.0,0.0,,13.6,0.0,0.0
2025-03-06,16.011,16.011,16.011,16.011,0,0.0,0.0,0.0,0.0,0.0,,13.6,0.0,0.0
2025-03-07,16.106,16.106,16.106,16.106,515,8294.59,0.0,0.0,0.0,0.0,,13.6,0.0,0.0
2025-03-10,16.106,16.106,16.106,16.106,0,0.0,0.0,0.0,0.0,0.0,,13.6,0.0,0.0
2025-03-11,15.537,15.537,15.443,15.443,600,9265.8,0.0,0.0,0.0,0.0,,13.6,0.0,0.0
2025-03-12,16.106,16.106,16.106,16.106,100,1610.6,0.0,0.0,0.0,0.0,,13.6,0.0,0.0
2025-03-13,16.011,16.011,16.011,16.011,100,1601.1,0.0,0.0,0.0,0.0,,13.6,0.0,0.0
2025-03-14,16.011,16.011,16.011,16.011,0,0.0,0.0,0.0,0.0,0.0,,13.6,0.0,0.0
2025-03-17,16.011,16.011,16.011,16.011,0,0.0,0.0,0.0,0.0,0.0,,13.6,0.0,0.0
2025-03-18,16.011,16.011,16.011,16.011,0,0.0,0.0,0.0,0.0,0.0,,13.6,0.0,0.0
2025-03-19,16.011,16.011,16.011,16.011,0,0.0,0.0,0.0,0.0,0.0,,13.6,0.0,0.0
2025-03-20,16.011,16.011,16.011,16.011,0,0.0,0.0,0.0,0.0,0.0,,13.6,0.0,0.0
2025-03-21,16.011,16.011,16.011,16.011,0,0.0,0.0,0.0,0.0,0.0,,13.6,0.0,0.0
2025-03-24,16.106,16.201,16.011,16.011,4518,72337.69799999999,0.0,0.0,0.0,0.0,,13.6,0.0,0.0
2025-03-25,17.053,17.053,16.58,16.58,2000,33160.0,1000.0,0.0,20000.0,0.0,,13.6,0.02,0.0
2025-03-26,16.58,16.58,16.58,16.58,0,0.0,0.0,0.0,0.0,0.0,,13.6,0.0,0.0
2025-03-27,16.58,16.58,16.58,16.58,0,0.0,0.0,0.0,0.0,0.0,,13.6,0.0,0.0
2025-03-28,17.527,17.527,17.053,17.053,300,5115.900000000001,0.0,0.0,0.0,0.0,,13.6,0.0,0.0
2025-03-31,17.811,17.811,17.811,17.811,100,1781.1,0.0,0.0,0.0,0.0,,13.6,0.0,0.0
2025-04-01,17.053,17.053,17.053,17.053,100,1705.3000000000002,0.0,100.0,0.0,0.0,,13.6,0.0,0.0
2025-04-02,18.001,18.19,18.001,18.19,1100,20009.0,0.0,0.0,0.0,0.0,,13.6,0.0,0.0
2025-04-03,17.053,17.053,17.053,17.053,201,3427.653,0.0,0.0,0.0,0.0,,13.6,0.0,0.0
2025-04-04,17.053,17.053,17.053,17.053,500,8526.5,0.0,0.0,0.0,0.0,,13.6,0.0,0.0
2025-04-08,17.053,17.053,17.053,17.053,0,0.0,0.0,0.0,0.0,0.0,,13.6,0.0,0.0
2025-04-09,15.348,17.337,15.348,17.337,200,3467.4,0.0,100.0,0.0,0.0,,13.6,0.0,0.0
2025-04-10,17.432,17.432,17.432,17.432,100,1743.1999999999998,0.0,0.0,0.0,0.0,,13.6,0.0,0.0
2025-04-11,17.527,17.527,17.527,17.527,100,1752.7,0.0,0.0,0.0,0.0,,13.6,0.0,0.0
2025-04-14,17.527,17.527,17.527,17.527,0,0.0,0.0,0.0,0.0,0.0,,13.6,0.0,0.0
2025-04-15,17.527,17.527,17.527,17.527,0,0.0,0.0,0.0,0.0,0.0,,13.6,0.0,0.0
2025-04-16,17.527,17.527,17.527,17.527,507,8886.189,0.0,0.0,0.0,0.0,,13.6,0.0,0.0
2025-04-17,17.527,17.527,17.527,17.527,0,0.0,0.0,0.0,0.0,0.0,,13.6,0.0,0.0
2025-04-18,17.811,18.001,17.811,18.001,3400,61203.4,0.0,0.0,0.0,0.0,,13.6,0.0,0.0
2025-04-21,17.906,17.906,17.906,17.906,10,179.06,0.0,0.0,0.0,0.0,,13.6,0.0,0.0
2025-04-22,17.906,17.906,17.906,17.906,0,0.0,0.0,0.0,0.0,0.0,,13.6,0.0,0.0
2025-04-23,15.253,18.948,15.253,18.948,200,3789.6,0.0,100.0,0.0,0.0,,13.6,0.0,0.0
2025-04-24,18.001,18.001,18.001,18.001,200,3600.2000000000003,0.0,0.0,0.0,0.0,,13.6,0.0,0.0
2025-04-25,18.001,18.001,18.001,18.001,0,0.0,0.0,0.0,0.0,0.0,,13.6,0.0,0.0
2025-04-28,18.001,18.001,18.001,18.001,5,90.00500000000001,0.0,0.0,0.0,0.0,,13.6,0.0,0.0
2025-04-29,16.674,18.095,16.674,18.095,200,3619.0,0.0,0.0,0.0,0.0,,13.6,0.0,0.0
2025-05-05,17.432,17.432,17.432,17.432,0,0.0,0.0,0.0,0.0,0.0,,13.6,0.0,0.0
2025-05-06,17.432,17.432,17.432,17.432,0,0.0,0.0,0.0,0.0,0.0,,13.6,0.0,0.0
2025-05-07,18.095,18.095,18.095,18.095,2000,36190.0,0.0,0.0,0.0,0.0,,13.6,0.0,0.0
2025-05-08,16.58,16.58,16.58,16.58,116,1923.28,0.0,100.0,0.0,0.0,,13.6,0.0,0.0
2025-05-09,16.58,16.58,16.58,16.58,0,0.0,0.0,0.0,0.0,0.0,,13.6,0.0,0.0
2025-05-12,18.001,18.001,18.001,18.001,100,1800.1,0.0,0.0,0.0,0.0,,13.6,0.0,0.0
2025-05-13,18.001,18.001,18.001,18.001,0,0.0,0.0,0.0,0.0,0.0,,13.6,0.0,0.0
2025-05-14,18.001,18.001,18.001,18.001,0,0.0,0.0,0.0,0.0,0.0,,13.6,0.0,0.0
2025-05-15,18.0,18.0,18.0,18.0,0,0.0,0.0,0.0,0.0,0.0,,13.6,0.0,0.0
2025-05-16,18.0,18.0,18.0,18.0,0,0.0,0.0,0.0,0.0,0.0,,13.6,0.0,0.0
2025-05-19,18.0,18.0,18.0,18.0,0,0.0,0.0,0.0,0.0,0.0,,13.6,0.0,0.0
2025-05-20,18.0,18.0,18.0,18.0,0,0.0,0.0,0.0,0.0,0.0,,13.6,0.0,0.0
2025-05-21,18.0,18.0,18.0,18.0,0,0.0,0.0,0.0,0.0,0.0,,13.6,0.0,0.0
2025-05-22,18.0,18.0,18.0,18.0,0,0.0,0.0,0.0,0.0,0.0,,13.6,0.0,0.0
2025-05-23,18.0,18.0,18.0,18.0,0,0.0,0.0,0.0,0.0,0.0,,13.6,0.0,0.0
2025-05-26,18.0,18.0,18.0,18.0,0,0.0,0.0,0.0,0.0,0.0,,13.6,0.0,0.0
2025-05-27,18.0,18.0,18.0,18.0,0,0.0,0.0,0.0,0.0,0.0,,13.6,0.0,0.0
2025-05-28,18.0,18.0,18.0,18.0,0,0.0,0.0,0.0,0.0,0.0,,13.6,0.0,0.0
2025-05-29,18.0,18.0,18.0,18.0,0,0.0,0.0,0.0,0.0,0.0,,13.6,0.0,0.0
2025-05-30,18.0,18.0,18.0,18.0,0,0.0,0.0,0.0,0.0,0.0,,13.6,0.0,0.0
2025-06-02,18.0,18.0,18.0,18.0,0,0.0,0.0,0.0,0.0,0.0,,13.6,0.0,0.0
2025-06-03,18.0,18.0,18.0,18.0,0,0.0,0.0,0.0,0.0,0.0,,13.6,0.0,0.0
2025-06-04,18.0,18.0,18.0,18.0,0,0.0,0.0,0.0,0.0,0.0,,13.6,0.0,0.0
2025-06-05,18.0,18.0,18.0,18.0,0,0.0,0.0,0.0,0.0,0.0,,13.6,0.0,0.0
2025-06-06,20.7,20.7,20.7,20.7,200,4140.0,0.0,0.0,0.0,0.0,,13.6,0.0,0.0
2025-06-09,20.7,20.7,20.7,20.7,10,207.0,0.0,0.0,0.0,0.0,,13.6,0.0,0.0
2025-06-10,20.7,20.7,20.7,20.7,0,0.0,0.0,0.0,0.0,0.0,,13.6,0.0,0.0
2025-06-11,20.7,20.7,20.7,20.7,0,0.0,0.0,0.0,0.0,0.0,,13.6,0.0,0.0
2025-06-12,21.0,21.0,21.0,21.0,300,6300.0,0.0,0.0,0.0,0.0,,13.6,0.0,0.0
2025-06-13,21.0,21.0,21.0,21.0,0,0.0,0.0,0.0,0.0,0.0,,13.6,0.0,0.0
2025-06-16,21.0,21.0,21.0,21.0,0,0.0,0.0,0.0,0.0,0.0,,13.6,0.0,0.0
2025-06-17,21.0,21.0,21.0,21.0,0,0.0,0.0,0.0,0.0,0.0,,13.6,0.0,0.0
2025-06-18,21.0,21.0,21.0,21.0,0,0.0,0.0,0.0,0.0,0.0,,13.6,0.0,0.0
2025-06-19,21.0,21.0,21.0,21.0,0,0.0,0.0,0.0,0.0,0.0,,13.6,0.0,0.0
2025-06-20,21.0,21.0,21.0,21.0,0,0.0,0.0,0.0,0.0,0.0,,13.6,0.0,0.0
2025-06-23,21.0,21.0,21.0,21.0,0,0.0,0.0,0.0,0.0,0.0,,13.6,0.0,0.0
2025-06-24,21.0,21.0,21.0,21.0,0,0.0,0.0,0.0,0.0,0.0,,13.6,0.0,0.0
2025-06-25,21.0,21.0,21.0,21.0,0,0.0,0.0,0.0,0.0,0.0,,13.6,0.0,0.0
2025-06-26,21.0,21.0,21.0,21.0,0,0.0,0.0,0.0,0.0,0.0,,13.6,0.0,0.0
2025-06-27,21.0,21.0,21.0,21.0,0,0.0,0.0,0.0,0.0,0.0,,13.6,0.0,0.0
2025-06-30,21.0,21.0,21.0,21.0,0,0.0,0.0,0.0,0.0,0.0,,13.6,0.0,0.0
2025-07-01,21.0,21.0,21.0,21.0,0,0.0,0.0,0.0,0.0,0.0,,13.6,0.0,0.0
2025-07-02,21.0,21.0,21.0,21.0,0,0.0,0.0,0.0,0.0,0.0,,13.6,0.0,0.0
2025-07-03,21.0,21.0,21.0,21.0,0,0.0,0.0,0.0,0.0,0.0,,13.6,0.0,0.0
2025-07-04,21.0,21.0,21.0,21.0,24,504.0,0.0,0.0,0.0,0.0,,13.6,0.0,0.0
2025-07-07,21.0,21.0,21.0,21.0,0,0.0,0.0,0.0,0.0,0.0,,13.6,0.0,0.0
2025-07-08,21.0,21.0,21.0,21.0,0,0.0,0.0,0.0,0.0,0.0,,13.6,0.0,0.0
2025-07-09,21.0,21.0,21.0,21.0,0,0.0,0.0,0.0,0.0,0.0,,13.6,0.0,0.0
2025-07-10,21.0,21.0,21.0,21.0,0,0.0,0.0,0.0,0.0,0.0,,13.6,0.0,0.0
2025-07-11,21.1,21.1,21.1,21.1,200,4220.0,0.0,0.0,0.0,0.0,,13.6,0.0,0.0
2025-07-14,21.0,21.0,21.0,21.0,100,2100.0,0.0,0.0,0.0,0.0,,13.6,0.0,0.0
2025-07-15,21.0,21.0,21.0,21.0,0,0.0,0.0,0.0,0.0,0.0,,13.6,0.0,0.0
2025-07-16,21.0,21.0,21.0,21.0,0,0.0,0.0,0.0,0.0,0.0,,13.6,0.0,0.0
2025-07-17,21.0,21.0,21.0,21.0,0,0.0,0.0,0.0,0.0,0.0,,13.6,0.0,0.0
2025-07-18,22.0,22.0,22.0,22.0,100,2200.0,0.0,0.0,0.0,0.0,,13.6,0.0,0.0
2025-07-21,22.0,22.0,22.0,22.0,0,0.0,0.0,0.0,0.0,0.0,,13.6,0.0,0.0
2025-07-22,22.0,22.0,22.0,22.0,0,0.0,0.0,0.0,0.0,0.0,,13.6,0.0,0.0
2025-07-23,22.0,22.0,22.0,22.0,0,0.0,0.0,0.0,0.0,0.0,,13.6,0.0,0.0
2025-07-24,22.0,22.0,22.0,22.0,0,0.0,0.0,0.0,0.0,0.0,,13.6,0.0,0.0
2025-07-25,22.0,22.0,22.0,22.0,0,0.0,0.0,0.0,0.0,0.0,,13.6,0.0,0.0
2025-07-28,22.0,22.0,22.0,22.0,0,0.0,0.0,0.0,0.0,0.0,,13.6,0.0,0.0
2025-07-29,22.0,22.0,22.0,22.0,0,0.0,0.0,0.0,0.0,0.0,,13.6,0.0,0.0
2025-07-30,22.0,22.0,22.0,22.0,0,0.0,0.0,0.0,0.0,0.0,,13.6,0.0,0.0
2025-07-31,22.0,22.0,22.0,22.0,1,22.0,0.0,0.0,0.0,0.0,,13.6,0.0,0.0
2025-08-01,22.0,22.0,22.0,22.0,10,220.0,0.0,0.0,0.0,0.0,,13.6,0.0,0.0
2025-08-04,18.7,18.8,18.7,18.8,200,3760.0,0.0,0.0,0.0,0.0,,13.6,0.0,0.0
2025-08-05,18.8,18.8,18.8,18.8,0,0.0,0.0,0.0,0.0,0.0,,13.6,0.0,0.0
2025-08-06,18.8,18.8,18.8,18.8,0,0.0,0.0,0.0,0.0,0.0,,13.6,0.0,0.0
2025-08-07,18.8,18.8,18.8,18.8,0,0.0,0.0,0.0,0.0,0.0,,13.6,0.0,0.0
2025-08-08,18.8,18.8,18.8,18.8,0,0.0,0.0,0.0,0.0,0.0,,13.6,0.0,0.0
2025-08-11,18.8,18.8,18.8,18.8,0,0.0,0.0,0.0,0.0,0.0,,13.6,0.0,0.0
2025-08-12,18.8,18.8,18.8,18.8,0,0.0,0.0,0.0,0.0,0.0,,13.6,0.0,0.0
2025-08-13,18.8,18.8,18.8,18.8,0,0.0,0.0,0.0,0.0,0.0,,13.6,0.0,0.0
2025-08-14,18.8,18.8,18.8,18.8,0,0.0,0.0,0.0,0.0,0.0,,13.6,0.0,0.0
2025-08-15,18.8,18.8,18.8,18.8,0,0.0,0.0,0.0,0.0,0.0,,13.6,0.0,0.0
2025-08-18,18.8,18.8,18.8,18.8,0,0.0,0.0,0.0,0.0,0.0,,13.6,0.0,0.0
2025-08-19,18.8,18.8,18.8,18.8,0,0.0,0.0,0.0,0.0,0.0,,13.6,0.0,0.0
2025-08-20,18.8,18.8,18.8,18.8,0,0.0,0.0,0.0,0.0,0.0,,13.6,0.0,0.0
2025-08-21,18.8,18.8,18.8,18.8,0,0.0,0.0,0.0,0.0,0.0,,13.6,0.0,0.0
2025-08-22,18.8,18.8,18.8,18.8,0,0.0,0.0,0.0,0.0,0.0,,13.6,0.0,0.0
2025-08-25,18.8,18.8,18.8,18.8,0,0.0,0.0,0.0,0.0,0.0,,13.6,0.0,0.0
2025-08-26,18.8,18.8,18.8,18.8,0,0.0,0.0,0.0,0.0,0.0,,13.6,0.0,0.0
2025-08-27,18.8,18.8,18.8,18.8,0,0.0,0.0,0.0,0.0,0.0,,13.6,0.0,0.0
2025-08-28,18.8,18.8,18.8,18.8,0,0.0,0.0,0.0,0.0,0.0,,13.6,0.0,0.0
2025-08-29,18.8,18.8,18.8,18.8,0,0.0,0.0,0.0,0.0,0.0,,13.6,0.0,0.0
2025-09-03,18.8,18.8,18.8,18.8,1,18.8,0.0,0.0,0.0,0.0,,13.6,0.0,0.0
2025-09-04,18.8,18.8,18.8,18.8,0,0.0,0.0,0.0,0.0,0.0,,13.6,0.0,0.0
2025-09-05,18.8,18.8,18.8,18.8,0,0.0,0.0,0.0,0.0,0.0,,13.6,0.0,0.0
2025-09-08,18.8,18.8,18.8,18.8,0,0.0,0.0,0.0,0.0,0.0,,13.6,0.0,0.0
2025-09-09,18.8,18.8,18.8,18.8,30,564.0,0.0,0.0,0.0,0.0,,13.6,0.0,0.0
2025-09-10,18.8,18.8,18.8,18.8,0,0.0,0.0,0.0,0.0,0.0,,13.6,0.0,0.0
2025-09-11,18.8,18.8,18.8,18.8,0,0.0,0.0,0.0,0.0,0.0,,13.6,0.0,0.0
2025-09-12,18.8,18.8,18.8,18.8,0,0.0,0.0,0.0,0.0,0.0,,13.6,0.0,0.0
2025-09-15,21.6,21.6,21.6,21.6,200,4320.0,0.0,0.0,0.0,0.0,,13.6,0.0,0.0
2025-09-16,21.6,21.6,21.6,21.6,0,0.0,0.0,0.0,0.0,0.0,,13.6,0.0,0.0
2025-09-17,21.6,21.6,21.6,21.6,0,0.0,0.0,0.0,0.0,0.0,,13.6,0.0,0.0
2025-09-18,21.6,21.6,21.6,21.6,0,0.0,0.0,0.0,0.0,0.0,,13.6,0.0,0.0
2025-09-19,21.6,21.6,21.6,21.6,0,0.0,0.0,0.0,0.0,0.0,,13.6,0.0,0.0
2025-09-22,23.8,23.8,23.8,23.8,200,4760.0,0.0,0.0,0.0,0.0,,13.6,0.0,0.0
2025-09-23,27.3,27.3,27.3,27.3,100,2730.0,0.0,0.0,0.0,0.0,,13.6,0.0,0.0
2025-09-24,27.3,27.3,27.3,27.3,4,109.2,0.0,0.0,0.0,0.0,,13.6,0.0,0.0
2025-09-25,27.3,27.3,27.3,27.3,25,682.5,0.0,0.0,0.0,0.0,,13.6,0.0,0.0
2025-09-26,27.3,27.3,27.3,27.3,0,0.0,0.0,0.0,0.0,0.0,,13.6,0.0,0.0
2025-09-29,27.3,27.3,27.3,27.3,0,0.0,0.0,0.0,0.0,0.0,,13.6,0.0,0.0
2025-09-30,27.3,27.3,27.3,27.3,0,0.0,0.0,0.0,0.0,0.0,,13.6,0.0,0.0
2025-10-01,27.3,27.3,27.3,27.3,0,0.0,0.0,0.0,0.0,0.0,,13.6,0.0,0.0
2025-10-02,27.3,27.3,27.3,27.3,0,0.0,0.0,0.0,0.0,0.0,,13.6,0.0,0.0
2025-10-03,27.3,27.3,27.3,27.3,0,0.0,0.0,0.0,0.0,0.0,,13.6,0.0,0.0
2025-10-06,27.3,27.3,27.3,27.3,0,0.0,0.0,0.0,0.0,0.0,,13.6,0.0,0.0
2025-10-07,27.3,27.3,27.3,27.3,0,0.0,0.0,0.0,0.0,0.0,,13.6,0.0,0.0
2025-10-08,27.3,27.3,27.3,27.3,0,0.0,0.0,0.0,0.0,0.0,,13.6,0.0,0.0
2025-10-09,,0.0,0.0,0.0,0,0.0,0.0,0.0,0.0,0.0,169577.1,13.6,0.0,0.0
2025-10-10,,0.0,0.0,0.0,0,0.0,0.0,0.0,0.0,0.0,169577.1,13.6,0.0,0.0
2025-10-13,,0.0,0.0,0.0,0,0.0,0.0,0.0,0.0,0.0,169577.1,13.6,0.0,0.0
2025-10-14,,0.0,0.0,0.0,0,0.0,0.0,0.0,0.0,0.0,169577.1,13.6,0.0,0.0
2025-10-15,,0.0,0.0,0.0,0,0.0,0.0,0.0,0.0,0.0,169577.1,13.6,0.0,0.0
2025-10-16,,0.0,0.0,0.0,0,0.0,0.0,0.0,0.0,0.0,169577.1,13.6,0.0,0.0
2025-10-17,,0.0,0.0,0.0,0,0.0,0.0,0.0,0.0,0.0,169577.1,13.6,0.0,0.0
2025-10-20,,0.0,0.0,0.0,0,0.0,0.0,0.0,0.0,0.0,169577.1,13.6,0.0,0.0
2025-10-21,27.3,27.3,27.3,27.3,6100,166530.0,0.0,0.0,0.0,0.0,169577.1,13.6,0.0,0.0
2025-10-22,27.3,27.3,27.3,27.3,2300,62790.0,0.0,0.0,0.0,0.0,169577.1,13.6,0.0,0.0
2025-10-23,,0.0,0.0,0.0,0,0.0,0.0,0.0,0.0,0.0,169577.1,13.6,0.0,0.0
2025-10-24,27.3,27.3,27.3,27.3,4000,109200.0,0.0,0.0,0.0,0.0,169577.1,13.6,0.0,0.0
2025-10-27,27.3,27.3,27.0,27.0,500,13500.0,0.0,0.0,0.0,0.0,169577.1,13.6,0.0,0.0
2025-10-28,27.0,27.3,27.0,27.3,1800,49140.0,0.0,0.0,0.0,0.0,169577.1,13.6,0.0,0.0
2025-10-29,,0.0,0.0,0.0,0,0.0,0.0,0.0,0.0,0.0,169577.1,13.6,0.0,0.0
2025-10-30,27.0,27.0,27.0,27.0,500,13500.0,0.0,0.0,0.0,0.0,169577.1,13.6,0.0,0.0
2025-10-31,27.0,27.0,27.0,27.0,300,8100.0,0.0,0.0,0.0,0.0,169577.1,13.6,0.0,0.0
2025-11-03,,0.0,0.0,0.0,0,0.0,0.0,0.0,0.0,0.0,169577.1,13.6,0.0,0.0
2025-11-04,27.0,27.0,27.0,27.0,5000,135000.0,0.0,0.0,0.0,0.0,169577.1,13.6,0.0,0.0
2025-11-05,,0.0,0.0,0.0,0,0.0,0.0,0.0,0.0,0.0,169577.1,13.6,0.0,0.0
2025-11-06,,0.0,0.0,0.0,0,0.0,0.0,0.0,0.0,0.0,169577.1,13.6,0.0,0.0
2025-11-07,,0.0,0.0,0.0,0,0.0,0.0,0.0,0.0,0.0,169577.1,13.6,0.0,0.0
2025-11-10,,0.0,0.0,0.0,0,0.0,0.0,0.0,0.0,0.0,169577.1,13.6,0.0,0.0
2025-11-11,,0.0,0.0,0.0,0,0.0,0.0,0.0,0.0,0.0,0.0,13.6,0.0,0.0
2025-11-12,,0.0,0.0,0.0,0,0.0,0.0,0.0,0.0,0.0,169577.1,13.6,0.0,0.0
2025-11-14,23.1,26.9,23.1,26.9,200,5380.0,0.0,0.0,0.0,0.0,169577.1,13.6,0.0,0.0
2025-11-17,,0.0,0.0,0.0,0,0.0,0.0,0.0,0.0,0.0,169577.1,13.6,0.0,0.0
2025-11-18,23.5,23.5,23.1,23.5,1200,28200.0,0.0,0.0,0.0,0.0,169577.1,13.6,0.0,0.0
2025-11-19,23.5,23.5,23.3,23.3,200,4660.0,0.0,0.0,0.0,0.0,169577.1,13.6,0.0,0.0
2025-11-20,,0.0,0.0,0.0,0,0.0,0.0,0.0,0.0,0.0,169577.1,13.6,0.0,0.0
2025-11-25,23.0,23.0,23.0,23.0,900,20700.0,0.0,0.0,0.0,0.0,169577.1,13.6,0.0,0.0
2025-11-26,23.5,23.5,23.5,23.5,200,4700.0,0.0,0.0,0.0,0.0,169577.1,13.6,0.0,0.0
2025-11-27,23.4,23.4,22.0,22.0,1100,24200.0,0.0,0.0,0.0,0.0,169577.1,13.6,0.0,0.0
2025-11-28,23.0,23.0,22.1,22.1,200,4420.0,0.0,0.0,0.0,0.0,169577.1,13.6,0.0,0.0
2025-12-01,20.1,22.6,20.1,22.6,900,20340.0,0.0,0.0,0.0,0.0,169577.1,13.6,0.0,0.0
2025-12-02,23.0,23.0,23.0,23.0,200,4600.0,0.0,0.0,0.0,0.0,169577.1,13.6,0.0,0.0
2025-12-03,22.8,22.8,22.8,22.8,600,13680.0,0.0,0.0,0.0,0.0,169577.1,13.6,0.0,0.0
2025-12-04,22.8,22.8,22.8,22.8,100,2280.0,0.0,0.0,0.0,0.0,169577.1,13.6,0.0,0.0
2025-12-05,22.9,22.9,22.8,22.8,1800,41040.0,0.0,0.0,0.0,0.0,169577.1,13.6,0.0,0.0
2025-12-08,22.8,22.8,22.8,22.8,100,2280.0,0.0,0.0,0.0,0.0,169577.1,13.6,0.0,0.0
2025-12-10,,0.0,0.0,0.0,0,0.0,0.0,0.0,0.0,0.0,169577.1,13.6,0.0,0.0
2025-12-11,,0.0,0.0,0.0,0,0.0,0.0,0.0,0.0,0.0,169577.1,13.6,0.0,0.0
2025-12-12,24.0,24.0,22.1,22.1,400,8840.0,0.0,0.0,0.0,0.0,169577.1,13.6,0.0,0.0
2025-12-15,26.0,26.0,23.9,23.9,300,7170.0,10.0,0.0,2600.0,0.0,169567.1,13.6,0.0,0.0
2025-12-23,22.6,22.6,22.5,22.5,500,11250.0,0.0,0.0,0.0,0.0,169567.1,13.6,0.0,0.0
2025-12-24,25.8,25.8,25.8,25.8,100,2580.0,10.0,0.0,2580.0,0.0,169557.1,13.6,0.0,0.0
2025-12-25,,0.0,0.0,0.0,0,0.0,0.0,0.0,0.0,0.0,169557.1,13.6,0.0,0.0
2025-12-26,22.0,22.0,22.0,22.0,100,2200.0,0.0,0.0,0.0,0.0,169557.1,13.6,0.0,0.0
2025-12-29,,0.0,0.0,0.0,0,0.0,0.0,0.0,0.0,0.0,169557.1,13.6,0.0,0.0
2025-12-30,25.3,25.3,25.3,25.3,100,2530.0,10.0,0.0,2530.0,0.0,169547.1,13.6,0.0,0.0
2025-12-31,22.9,22.9,22.9,22.9,100,2290.0,0.0,0.0,0.0,0.0,169547.1,13.6,0.0,0.0
2026-01-05,,0.0,0.0,0.0,0,0.0,0.0,0.0,0.0,0.0,169547.1,13.6,0.0,0.0
2026-01-06,26.3,26.3,26.3,26.3,100,2630.0,10.0,0.0,2630.0,0.0,169537.1,13.6,0.0,0.0
2026-01-07,,0.0,0.0,0.0,0,0.0,0.0,0.0,0.0,0.0,169537.1,13.6,0.0,0.0
2026-01-08,23.1,23.1,23.1,23.1,100,2310.0,0.0,0.0,0.0,0.0,169537.1,13.6,0.0,0.0
2026-01-09,,0.0,0.0,0.0,0,0.0,0.0,0.0,0.0,0.0,169537.1,13.6,0.0,0.0
2026-01-12,26.5,26.5,23.1,23.1,200,4620.0,10.0,0.0,2650.0,0.0,169527.1,13.6,0.0,0.0
2026-01-13,23.5,23.5,23.4,23.4,400,9360.0,0.0,0.0,0.0,0.0,169527.1,13.6,0.0,0.0
2026-01-14,23.4,23.5,23.4,23.5,2000,47000.0,0.0,0.0,0.0,0.0,169527.1,13.6,0.0,0.0
2026-01-15,,0.0,0.0,0.0,0,0.0,0.0,0.0,0.0,0.0,169527.1,13.6,0.0,0.0
2026-01-16,25.0,25.0,25.0,25.0,100,2500.0,10.0,0.0,2500.0,0.0,169517.1,13.6,0.0,0.0
2026-01-19,,0.0,0.0,0.0,0,0.0,0.0,0.0,0.0,0.0,169517.1,13.6,0.0,0.0
2026-01-23,24.5,24.5,24.5,24.5,300,7350.0,0.0,0.0,0.0,0.0,169517.1,13.6,0.0,0.0
2026-01-26,23.5,23.5,23.5,23.5,1000,23500.0,0.0,0.0,0.0,0.0,169517.1,13.6,0.0,0.0
2026-01-27,,0.0,0.0,0.0,0,0.0,0.0,0.0,0.0,0.0,169517.1,13.6,0.0,0.0
2026-01-29,23.5,23.5,23.5,23.5,100,2350.0,0.0,0.0,0.0,0.0,169517.1,13.6,0.0,0.0
2026-01-30,,0.0,0.0,0.0,0,0.0,0.0,0.0,0.0,0.0,169517.1,13.6,0.0,0.0
2026-02-02,27.0,27.0,27.0,27.0,100,2700.0,10.0,0.0,2700.0,0.0,169507.1,13.6,0.0,0.0
2026-02-03,,0.0,0.0,0.0,0,0.0,0.0,0.0,0.0,0.0,169507.1,13.6,0.0,0.0
2026-02-24,24.5,25.0,24.5,24.5,1200,29400.0,0.0,0.0,0.0,0.0,169507.1,13.6,0.0,0.0
2026-02-25,25.0,25.0,25.0,25.0,600,15000.0,0.0,0.0,0.0,0.0,169507.1,13.6,0.0,0.0
2026-02-26,25.0,25.0,25.0,25.0,100,2500.0,0.0,0.0,0.0,0.0,169507.1,13.6,0.0,0.0
2026-02-27,25.0,25.0,25.0,25.0,2600,65000.0,0.0,0.0,0.0,0.0,169507.1,13.6,0.0,0.0
2026-03-02,,0.0,0.0,0.0,0,0.0,0.0,0.0,0.0,0.0,169507.1,13.6,0.0,0.0
2026-03-27,25.0,25.0,25.0,25.0,300,7500.0,0.0,0.0,0.0,0.0,169507.1,13.6,0.0,0.0
2026-03-30,25.0,25.0,25.0,25.0,200,5000.0,0.0,0.0,0.0,0.0,169507.1,13.6,0.0,0.0
2026-03-31,,0.0,0.0,0.0,0,0.0,0.0,0.0,0.0,0.0,169507.1,13.6,0.0,0.0
2026-04-07,23.0,23.0,23.0,23.0,100,2300.0,0.0,0.0,0.0,0.0,0.0,13.6,0.0,0.0
2026-04-13,,0.0,0.0,0.0,0,0.0,0.0,0.0,0.0,0.0,169507.1,13.6,0.0,0.0
2026-04-15,24.0,26.4,24.0,26.4,1100,29040.0,0.0,0.0,0.0,0.0,169507.1,13.6,0.0,0.0
2026-04-16,,0.0,0.0,0.0,0,0.0,0.0,0.0,0.0,0.0,169507.1,13.6,0.0,0.0
